source,target,anchor,status
https://liftpdf.com,https://liftpdf.com/,LiftPDF,INTERNAL
https://liftpdf.com,https://liftpdf.com/pdf-tools,PDF Tools,INTERNAL
https://liftpdf.com,https://liftpdf.com/learn,Learn,INTERNAL
https://liftpdf.com,https://liftpdf.com/jpg-to-pdf,Image to PDF,INTERNAL
https://liftpdf.com,https://liftpdf.com/pdf-converter,Convert,INTERNAL
https://liftpdf.com,https://liftpdf.com/pdf-editor,Edit,INTERNAL
https://liftpdf.com,https://liftpdf.com/jpg-to-pdf,Start Now,INTERNAL
https://liftpdf.com,https://liftpdf.com/pdf-tools,PDF Tools,INTERNAL
https://liftpdf.com,https://liftpdf.com/learn,Learn,INTERNAL
https://liftpdf.com,https://liftpdf.com/jpg-to-pdf,Image to PDF,INTERNAL
https://liftpdf.com,https://liftpdf.com/pdf-converter,Convert,INTERNAL
https://liftpdf.com,https://liftpdf.com/pdf-editor,Edit,INTERNAL
https://liftpdf.com,https://liftpdf.com/jpg-to-pdf,Start Now,INTERNAL
https://liftpdf.com,https://liftpdf.com/jpg-to-pdf,Start with JPG to PDF,INTERNAL
https://liftpdf.com,https://liftpdf.com/pdf-tools,Browse all tools,INTERNAL
https://liftpdf.com,https://liftpdf.com/pdf-tools,Browse all tools,INTERNAL
https://liftpdf.com,https://liftpdf.com/jpg-to-pdf,01JPG to PDFConvert JPG images into a clean PDF file.FreeSecureBrowserOpen tool,INTERNAL
https://liftpdf.com,https://liftpdf.com/merge-pdf,02Merge PDFCombine multiple PDF files into one document.FreeSecureBrowserOpen tool,INTERNAL
https://liftpdf.com,https://liftpdf.com/compress-pdf,03Compress PDFRebuild PDFs with safe browser-side compression.FreeSecureBrowserOpen tool,INTERNAL
https://liftpdf.com,https://liftpdf.com/protect-pdf,04Protect PDFAdd password protection to PDF documents.FreeSecureBrowserOpen tool,INTERNAL
https://liftpdf.com,https://liftpdf.com/jpg-to-pdf,JPG to PDFConvert JPG images into a clean PDF file.,INTERNAL
https://liftpdf.com,https://liftpdf.com/png-to-pdf,PNG to PDFTurn PNG images into PDF pages in your browser.,INTERNAL
https://liftpdf.com,https://liftpdf.com/images-to-pdf,"Images to PDFCombine JPG, PNG and WEBP images into one PDF.",INTERNAL
https://liftpdf.com,https://liftpdf.com/pdf-to-jpg,PDF to JPGExport every PDF page as a high-quality JPG image.,INTERNAL
https://liftpdf.com,https://liftpdf.com/pdf-to-png,PDF to PNGConvert PDF pages into sharp PNG images.,INTERNAL
https://liftpdf.com,https://liftpdf.com/merge-pdf,Merge PDFCombine multiple PDF files into one document.,INTERNAL
https://liftpdf.com,https://liftpdf.com/split-pdf,Split PDFExtract selected pages or split every page.,INTERNAL
https://liftpdf.com,https://liftpdf.com/compress-pdf,Compress PDFRebuild PDFs with safe browser-side compression.,INTERNAL
https://liftpdf.com,https://liftpdf.com/rotate-pdf,Rotate PDFRotate individual pages or all pages at once.,INTERNAL
https://liftpdf.com,https://liftpdf.com/add-page-numbers,Add Page NumbersAdd custom page numbers with position and style controls.,INTERNAL
https://liftpdf.com,https://liftpdf.com/watermark-pdf,Watermark PDFAdd text or image watermarks to every PDF page.,INTERNAL
https://liftpdf.com,https://liftpdf.com/pdf-to-text,PDF to TextExtract readable text from PDF files.,INTERNAL
https://liftpdf.com,https://liftpdf.com/protect-pdf,Protect PDFAdd password protection to PDF documents.,INTERNAL
https://liftpdf.com,https://liftpdf.com/unlock-pdf,Unlock PDFRemove PDF passwords when you have permission.,INTERNAL
https://liftpdf.com,https://liftpdf.com/delete-pages,Delete PagesRemove unwanted pages from a PDF.,INTERNAL
https://liftpdf.com,https://liftpdf.com/extract-pages,Extract PagesSave selected PDF pages into a new document.,INTERNAL
https://liftpdf.com,https://liftpdf.com/reorder-pages,Reorder PagesRearrange PDF pages before downloading.,INTERNAL
https://liftpdf.com,https://liftpdf.com/privacy,Privacy details,INTERNAL
https://liftpdf.com,https://liftpdf.com/why-liftpdf,Why LiftPDF,INTERNAL
https://liftpdf.com,https://liftpdf.com/merge-pdf,Try Merge PDF,INTERNAL
https://liftpdf.com,https://liftpdf.com/learn,Open Learning Center,INTERNAL
https://liftpdf.com,https://liftpdf.com/guides/what-is-a-pdf,"PDF basicsWhat is a PDF?Start with the format itself: what a PDF contains, why it behaves differently from an image, and when a PDF tool is the right workflow.Read resource",INTERNAL
https://liftpdf.com,https://liftpdf.com/guides/how-to-merge-pdf,TutorialHow to merge PDF filesRead resource,INTERNAL
https://liftpdf.com,https://liftpdf.com/guides/jpg-vs-png,ComparisonJPG vs PNGRead resource,INTERNAL
https://liftpdf.com,https://liftpdf.com/guides/why-is-my-jpg-blurry-after-pdf,ProblemWhy is my JPG blurry after PDF conversion?Read resource,INTERNAL
https://liftpdf.com,https://liftpdf.com/,LiftPDF,INTERNAL
https://liftpdf.com,https://liftpdf.com/pdf-tools,All PDF Tools,INTERNAL
https://liftpdf.com,https://liftpdf.com/jpg-to-pdf,JPG to PDF,INTERNAL
https://liftpdf.com,https://liftpdf.com/merge-pdf,Merge PDF,INTERNAL
https://liftpdf.com,https://liftpdf.com/compress-pdf,Compress PDF,INTERNAL
https://liftpdf.com,https://liftpdf.com/pdf-converter,Convert PDF,INTERNAL
https://liftpdf.com,https://liftpdf.com/pdf-editor,Edit PDF,INTERNAL
https://liftpdf.com,https://liftpdf.com/organize-pdf,Organize PDF,INTERNAL
https://liftpdf.com,https://liftpdf.com/pdf-image-tools,Image Tools,INTERNAL
https://liftpdf.com,https://liftpdf.com/pdf-security,Security,INTERNAL
https://liftpdf.com,https://liftpdf.com/learn,Learning Center,INTERNAL
https://liftpdf.com,https://liftpdf.com/guides,Guides,INTERNAL
https://liftpdf.com,https://liftpdf.com/pdf-glossary,PDF Glossary,INTERNAL
https://liftpdf.com,https://liftpdf.com/help,Help Center,INTERNAL
https://liftpdf.com,https://liftpdf.com/privacy,Privacy,INTERNAL
https://liftpdf.com,https://liftpdf.com/cookies,Cookies,INTERNAL
https://liftpdf.com,https://liftpdf.com/security,Security,INTERNAL
https://liftpdf.com,https://liftpdf.com/about,About,INTERNAL
https://liftpdf.com,https://liftpdf.com/why-liftpdf,Why LiftPDF,INTERNAL
https://liftpdf.com,https://liftpdf.com/terms,Terms,INTERNAL
https://liftpdf.com,https://liftpdf.com/contact,Contact,INTERNAL
https://liftpdf.com/pdf-tools,https://liftpdf.com/,LiftPDF,INTERNAL
https://liftpdf.com/pdf-tools,https://liftpdf.com/pdf-tools,PDF Tools,INTERNAL
https://liftpdf.com/pdf-tools,https://liftpdf.com/learn,Learn,INTERNAL
https://liftpdf.com/pdf-tools,https://liftpdf.com/jpg-to-pdf,Image to PDF,INTERNAL
https://liftpdf.com/pdf-tools,https://liftpdf.com/pdf-converter,Convert,INTERNAL
https://liftpdf.com/pdf-tools,https://liftpdf.com/pdf-editor,Edit,INTERNAL
https://liftpdf.com/pdf-tools,https://liftpdf.com/jpg-to-pdf,Start Now,INTERNAL
https://liftpdf.com/pdf-tools,https://liftpdf.com/pdf-tools,PDF Tools,INTERNAL
https://liftpdf.com/pdf-tools,https://liftpdf.com/learn,Learn,INTERNAL
https://liftpdf.com/pdf-tools,https://liftpdf.com/jpg-to-pdf,Image to PDF,INTERNAL
https://liftpdf.com/pdf-tools,https://liftpdf.com/pdf-converter,Convert,INTERNAL
https://liftpdf.com/pdf-tools,https://liftpdf.com/pdf-editor,Edit,INTERNAL
https://liftpdf.com/pdf-tools,https://liftpdf.com/jpg-to-pdf,Start Now,INTERNAL
https://liftpdf.com/pdf-tools,https://liftpdf.com/pdf-tools#browse-tools,Browse tools,INTERNAL
https://liftpdf.com/pdf-tools,https://liftpdf.com/merge-pdf,Start with Merge PDF,INTERNAL
https://liftpdf.com/pdf-tools,https://liftpdf.com/jpg-to-pdf,JPG to PDFConvert JPG images into a clean PDF file.FreeSecureBrowserOpen tool,INTERNAL
https://liftpdf.com/pdf-tools,https://liftpdf.com/png-to-pdf,PNG to PDFTurn PNG images into PDF pages in your browser.FreeSecureBrowserOpen tool,INTERNAL
https://liftpdf.com/pdf-tools,https://liftpdf.com/images-to-pdf,"Images to PDFCombine JPG, PNG and WEBP images into one PDF.FreeSecureBrowserOpen tool",INTERNAL
https://liftpdf.com/pdf-tools,https://liftpdf.com/pdf-to-jpg,PDF to JPGExport every PDF page as a high-quality JPG image.FreeSecureBrowserOpen tool,INTERNAL
https://liftpdf.com/pdf-tools,https://liftpdf.com/pdf-to-png,PDF to PNGConvert PDF pages into sharp PNG images.FreeSecureBrowserOpen tool,INTERNAL
https://liftpdf.com/pdf-tools,https://liftpdf.com/merge-pdf,Merge PDFCombine multiple PDF files into one document.FreeSecureBrowserOpen tool,INTERNAL
https://liftpdf.com/pdf-tools,https://liftpdf.com/split-pdf,Split PDFExtract selected pages or split every page.FreeSecureBrowserOpen tool,INTERNAL
https://liftpdf.com/pdf-tools,https://liftpdf.com/compress-pdf,Compress PDFRebuild PDFs with safe browser-side compression.FreeSecureBrowserOpen tool,INTERNAL
https://liftpdf.com/pdf-tools,https://liftpdf.com/rotate-pdf,Rotate PDFRotate individual pages or all pages at once.FreeSecureBrowserOpen tool,INTERNAL
https://liftpdf.com/pdf-tools,https://liftpdf.com/add-page-numbers,Add Page NumbersAdd custom page numbers with position and style controls.FreeSecureBrowserOpen tool,INTERNAL
https://liftpdf.com/pdf-tools,https://liftpdf.com/watermark-pdf,Watermark PDFAdd text or image watermarks to every PDF page.FreeSecureBrowserOpen tool,INTERNAL
https://liftpdf.com/pdf-tools,https://liftpdf.com/pdf-to-text,PDF to TextExtract readable text from PDF files.FreeSecureBrowserOpen tool,INTERNAL
https://liftpdf.com/pdf-tools,https://liftpdf.com/protect-pdf,Protect PDFAdd password protection to PDF documents.FreeSecureBrowserOpen tool,INTERNAL
https://liftpdf.com/pdf-tools,https://liftpdf.com/unlock-pdf,Unlock PDFRemove PDF passwords when you have permission.FreeSecureBrowserOpen tool,INTERNAL
https://liftpdf.com/pdf-tools,https://liftpdf.com/delete-pages,Delete PagesRemove unwanted pages from a PDF.FreeSecureBrowserOpen tool,INTERNAL
https://liftpdf.com/pdf-tools,https://liftpdf.com/extract-pages,Extract PagesSave selected PDF pages into a new document.FreeSecureBrowserOpen tool,INTERNAL
https://liftpdf.com/pdf-tools,https://liftpdf.com/reorder-pages,Reorder PagesRearrange PDF pages before downloading.FreeSecureBrowserOpen tool,INTERNAL
https://liftpdf.com/pdf-tools,https://liftpdf.com/jpg-to-pdf,JPG to PDF,INTERNAL
https://liftpdf.com/pdf-tools,https://liftpdf.com/png-to-pdf,PNG to PDF,INTERNAL
https://liftpdf.com/pdf-tools,https://liftpdf.com/images-to-pdf,Images to PDF,INTERNAL
https://liftpdf.com/pdf-tools,https://liftpdf.com/pdf-to-jpg,PDF to JPG,INTERNAL
https://liftpdf.com/pdf-tools,https://liftpdf.com/pdf-to-png,PDF to PNG,INTERNAL
https://liftpdf.com/pdf-tools,https://liftpdf.com/merge-pdf,Merge PDF,INTERNAL
https://liftpdf.com/pdf-tools,https://liftpdf.com/split-pdf,Split PDF,INTERNAL
https://liftpdf.com/pdf-tools,https://liftpdf.com/extract-pages,Extract Pages,INTERNAL
https://liftpdf.com/pdf-tools,https://liftpdf.com/delete-pages,Delete Pages,INTERNAL
https://liftpdf.com/pdf-tools,https://liftpdf.com/reorder-pages,Reorder Pages,INTERNAL
https://liftpdf.com/pdf-tools,https://liftpdf.com/compress-pdf,Compress PDF,INTERNAL
https://liftpdf.com/pdf-tools,https://liftpdf.com/rotate-pdf,Rotate PDF,INTERNAL
https://liftpdf.com/pdf-tools,https://liftpdf.com/watermark-pdf,Watermark PDF,INTERNAL
https://liftpdf.com/pdf-tools,https://liftpdf.com/add-page-numbers,Add Page Numbers,INTERNAL
https://liftpdf.com/pdf-tools,https://liftpdf.com/protect-pdf,Protect PDF,INTERNAL
https://liftpdf.com/pdf-tools,https://liftpdf.com/unlock-pdf,Unlock PDF,INTERNAL
https://liftpdf.com/pdf-tools,https://liftpdf.com/pdf-to-text,PDF to Text,INTERNAL
https://liftpdf.com/pdf-tools,https://liftpdf.com/,LiftPDF,INTERNAL
https://liftpdf.com/pdf-tools,https://liftpdf.com/pdf-tools,All PDF Tools,INTERNAL
https://liftpdf.com/pdf-tools,https://liftpdf.com/jpg-to-pdf,JPG to PDF,INTERNAL
https://liftpdf.com/pdf-tools,https://liftpdf.com/merge-pdf,Merge PDF,INTERNAL
https://liftpdf.com/pdf-tools,https://liftpdf.com/compress-pdf,Compress PDF,INTERNAL
https://liftpdf.com/pdf-tools,https://liftpdf.com/pdf-converter,Convert PDF,INTERNAL
https://liftpdf.com/pdf-tools,https://liftpdf.com/pdf-editor,Edit PDF,INTERNAL
https://liftpdf.com/pdf-tools,https://liftpdf.com/organize-pdf,Organize PDF,INTERNAL
https://liftpdf.com/pdf-tools,https://liftpdf.com/pdf-image-tools,Image Tools,INTERNAL
https://liftpdf.com/pdf-tools,https://liftpdf.com/pdf-security,Security,INTERNAL
https://liftpdf.com/pdf-tools,https://liftpdf.com/learn,Learning Center,INTERNAL
https://liftpdf.com/pdf-tools,https://liftpdf.com/guides,Guides,INTERNAL
https://liftpdf.com/pdf-tools,https://liftpdf.com/pdf-glossary,PDF Glossary,INTERNAL
https://liftpdf.com/pdf-tools,https://liftpdf.com/help,Help Center,INTERNAL
https://liftpdf.com/pdf-tools,https://liftpdf.com/privacy,Privacy,INTERNAL
https://liftpdf.com/pdf-tools,https://liftpdf.com/cookies,Cookies,INTERNAL
https://liftpdf.com/pdf-tools,https://liftpdf.com/security,Security,INTERNAL
https://liftpdf.com/pdf-tools,https://liftpdf.com/about,About,INTERNAL
https://liftpdf.com/pdf-tools,https://liftpdf.com/why-liftpdf,Why LiftPDF,INTERNAL
https://liftpdf.com/pdf-tools,https://liftpdf.com/terms,Terms,INTERNAL
https://liftpdf.com/pdf-tools,https://liftpdf.com/contact,Contact,INTERNAL
https://liftpdf.com/pdf-converter,https://liftpdf.com/,LiftPDF,INTERNAL
https://liftpdf.com/pdf-converter,https://liftpdf.com/pdf-tools,PDF Tools,INTERNAL
https://liftpdf.com/pdf-converter,https://liftpdf.com/learn,Learn,INTERNAL
https://liftpdf.com/pdf-converter,https://liftpdf.com/jpg-to-pdf,Image to PDF,INTERNAL
https://liftpdf.com/pdf-converter,https://liftpdf.com/pdf-converter,Convert,INTERNAL
https://liftpdf.com/pdf-converter,https://liftpdf.com/pdf-editor,Edit,INTERNAL
https://liftpdf.com/pdf-converter,https://liftpdf.com/jpg-to-pdf,Start Now,INTERNAL
https://liftpdf.com/pdf-converter,https://liftpdf.com/pdf-tools,PDF Tools,INTERNAL
https://liftpdf.com/pdf-converter,https://liftpdf.com/learn,Learn,INTERNAL
https://liftpdf.com/pdf-converter,https://liftpdf.com/jpg-to-pdf,Image to PDF,INTERNAL
https://liftpdf.com/pdf-converter,https://liftpdf.com/pdf-converter,Convert,INTERNAL
https://liftpdf.com/pdf-converter,https://liftpdf.com/pdf-editor,Edit,INTERNAL
https://liftpdf.com/pdf-converter,https://liftpdf.com/jpg-to-pdf,Start Now,INTERNAL
https://liftpdf.com/pdf-converter,https://liftpdf.com/pdf-tools,Browse all tools,INTERNAL
https://liftpdf.com/pdf-converter,https://liftpdf.com/pdf-converter#category-tools,View Convert tools,INTERNAL
https://liftpdf.com/pdf-converter,https://liftpdf.com/pdf-to-jpg,PDF to JPGExport every PDF page as a high-quality JPG image.FreeSecureBrowserOpen tool,INTERNAL
https://liftpdf.com/pdf-converter,https://liftpdf.com/pdf-to-png,PDF to PNGConvert PDF pages into sharp PNG images.FreeSecureBrowserOpen tool,INTERNAL
https://liftpdf.com/pdf-converter,https://liftpdf.com/pdf-to-text,PDF to TextExtract readable text from PDF files.FreeSecureBrowserOpen tool,INTERNAL
https://liftpdf.com/pdf-converter,https://liftpdf.com/pdf-to-jpg,"PDF to JPGUse whenPDF pages should become shareable JPG images for previews, uploads, slides or visual review.Choose another tool whenYou need sharper screenshot-style output. Try PDF to PNG.",INTERNAL
https://liftpdf.com/pdf-converter,https://liftpdf.com/pdf-to-png,"PDF to PNGUse whenPDF pages include small text, screenshots, diagrams or graphics where PNG is a better image output.",INTERNAL
https://liftpdf.com/pdf-converter,https://liftpdf.com/pdf-to-text,PDF to TextUse whenThe PDF already contains selectable text and you need a plain TXT copy.Choose another tool whenThe PDF is scanned or image-only. OCR is required for scanned text.,INTERNAL
https://liftpdf.com/pdf-converter,https://liftpdf.com/jpg-to-pdf,"JPG to PDFUse whenJPG photos, scans or receipts should become PDF pages.",INTERNAL
https://liftpdf.com/pdf-converter,https://liftpdf.com/png-to-pdf,"PNG to PDFUse whenScreenshots, transparent PNGs or sharp graphics should become a PDF.",INTERNAL
https://liftpdf.com/pdf-converter,https://liftpdf.com/images-to-pdf,"Images to PDFUse whenA mixed batch of JPG, PNG and WEBP images should become one document.",INTERNAL
https://liftpdf.com/pdf-converter,https://liftpdf.com/pdf-to-jpg,"Export PDF as imagesConvert every page, one page or a range into JPG or PNG files.",INTERNAL
https://liftpdf.com/pdf-converter,https://liftpdf.com/jpg-to-pdf,"Create PDF from photosTurn camera scans, receipts or document photos into a PDF.",INTERNAL
https://liftpdf.com/pdf-converter,https://liftpdf.com/pdf-to-text,Extract readable textCopy selectable PDF text into a plain TXT file without claiming OCR.,INTERNAL
https://liftpdf.com/pdf-converter,https://liftpdf.com/images-to-pdf,Convert mixed imagesCombine different image formats into one PDF without separate steps.,INTERNAL
https://liftpdf.com/pdf-converter,https://liftpdf.com/guides/how-to-convert-jpg-to-pdf,How to convert JPG to PDFCreate a PDF from JPG images with layout and quality tips.,INTERNAL
https://liftpdf.com/pdf-converter,https://liftpdf.com/guides/how-to-convert-jpg-to-pdf-without-losing-quality,"Convert JPG without losing qualityUnderstand source image quality, margins and fit mode.",INTERNAL
https://liftpdf.com/pdf-converter,https://liftpdf.com/guides/jpg-vs-png,JPG vs PNGChoose the right image format before converting to PDF.,INTERNAL
https://liftpdf.com/pdf-converter,https://liftpdf.com/pdf-converter,Convert PDF,INTERNAL
https://liftpdf.com/pdf-converter,https://liftpdf.com/pdf-editor,Edit PDF,INTERNAL
https://liftpdf.com/pdf-converter,https://liftpdf.com/organize-pdf,Organize PDF,INTERNAL
https://liftpdf.com/pdf-converter,https://liftpdf.com/pdf-image-tools,Image Tools,INTERNAL
https://liftpdf.com/pdf-converter,https://liftpdf.com/pdf-security,Security,INTERNAL
https://liftpdf.com/pdf-converter,https://liftpdf.com/,LiftPDF,INTERNAL
https://liftpdf.com/pdf-converter,https://liftpdf.com/pdf-tools,All PDF Tools,INTERNAL
https://liftpdf.com/pdf-converter,https://liftpdf.com/jpg-to-pdf,JPG to PDF,INTERNAL
https://liftpdf.com/pdf-converter,https://liftpdf.com/merge-pdf,Merge PDF,INTERNAL
https://liftpdf.com/pdf-converter,https://liftpdf.com/compress-pdf,Compress PDF,INTERNAL
https://liftpdf.com/pdf-converter,https://liftpdf.com/pdf-converter,Convert PDF,INTERNAL
https://liftpdf.com/pdf-converter,https://liftpdf.com/pdf-editor,Edit PDF,INTERNAL
https://liftpdf.com/pdf-converter,https://liftpdf.com/organize-pdf,Organize PDF,INTERNAL
https://liftpdf.com/pdf-converter,https://liftpdf.com/pdf-image-tools,Image Tools,INTERNAL
https://liftpdf.com/pdf-converter,https://liftpdf.com/pdf-security,Security,INTERNAL
https://liftpdf.com/pdf-converter,https://liftpdf.com/learn,Learning Center,INTERNAL
https://liftpdf.com/pdf-converter,https://liftpdf.com/guides,Guides,INTERNAL
https://liftpdf.com/pdf-converter,https://liftpdf.com/pdf-glossary,PDF Glossary,INTERNAL
https://liftpdf.com/pdf-converter,https://liftpdf.com/help,Help Center,INTERNAL
https://liftpdf.com/pdf-converter,https://liftpdf.com/privacy,Privacy,INTERNAL
https://liftpdf.com/pdf-converter,https://liftpdf.com/cookies,Cookies,INTERNAL
https://liftpdf.com/pdf-converter,https://liftpdf.com/security,Security,INTERNAL
https://liftpdf.com/pdf-converter,https://liftpdf.com/about,About,INTERNAL
https://liftpdf.com/pdf-converter,https://liftpdf.com/why-liftpdf,Why LiftPDF,INTERNAL
https://liftpdf.com/pdf-converter,https://liftpdf.com/terms,Terms,INTERNAL
https://liftpdf.com/pdf-converter,https://liftpdf.com/contact,Contact,INTERNAL
https://liftpdf.com/pdf-editor,https://liftpdf.com/,LiftPDF,INTERNAL
https://liftpdf.com/pdf-editor,https://liftpdf.com/pdf-tools,PDF Tools,INTERNAL
https://liftpdf.com/pdf-editor,https://liftpdf.com/learn,Learn,INTERNAL
https://liftpdf.com/pdf-editor,https://liftpdf.com/jpg-to-pdf,Image to PDF,INTERNAL
https://liftpdf.com/pdf-editor,https://liftpdf.com/pdf-converter,Convert,INTERNAL
https://liftpdf.com/pdf-editor,https://liftpdf.com/pdf-editor,Edit,INTERNAL
https://liftpdf.com/pdf-editor,https://liftpdf.com/jpg-to-pdf,Start Now,INTERNAL
https://liftpdf.com/pdf-editor,https://liftpdf.com/pdf-tools,PDF Tools,INTERNAL
https://liftpdf.com/pdf-editor,https://liftpdf.com/learn,Learn,INTERNAL
https://liftpdf.com/pdf-editor,https://liftpdf.com/jpg-to-pdf,Image to PDF,INTERNAL
https://liftpdf.com/pdf-editor,https://liftpdf.com/pdf-converter,Convert,INTERNAL
https://liftpdf.com/pdf-editor,https://liftpdf.com/pdf-editor,Edit,INTERNAL
https://liftpdf.com/pdf-editor,https://liftpdf.com/jpg-to-pdf,Start Now,INTERNAL
https://liftpdf.com/pdf-editor,https://liftpdf.com/pdf-tools,Browse all tools,INTERNAL
https://liftpdf.com/pdf-editor,https://liftpdf.com/pdf-editor#category-tools,View Edit tools,INTERNAL
https://liftpdf.com/pdf-editor,https://liftpdf.com/compress-pdf,Compress PDFRebuild PDFs with safe browser-side compression.FreeSecureBrowserOpen tool,INTERNAL
https://liftpdf.com/pdf-editor,https://liftpdf.com/rotate-pdf,Rotate PDFRotate individual pages or all pages at once.FreeSecureBrowserOpen tool,INTERNAL
https://liftpdf.com/pdf-editor,https://liftpdf.com/add-page-numbers,Add Page NumbersAdd custom page numbers with position and style controls.FreeSecureBrowserOpen tool,INTERNAL
https://liftpdf.com/pdf-editor,https://liftpdf.com/watermark-pdf,Watermark PDFAdd text or image watermarks to every PDF page.FreeSecureBrowserOpen tool,INTERNAL
https://liftpdf.com/pdf-editor,https://liftpdf.com/rotate-pdf,"Rotate PDFUse whenPages are sideways, upside down or mixed between portrait and landscape orientation.",INTERNAL
https://liftpdf.com/pdf-editor,https://liftpdf.com/add-page-numbers,"Add Page NumbersUse whenA report, packet or contract needs readable page numbering before sharing or printing.",INTERNAL
https://liftpdf.com/pdf-editor,https://liftpdf.com/watermark-pdf,"Watermark PDFUse whenEvery page should show a text or image watermark for drafts, ownership, review or branding.",INTERNAL
https://liftpdf.com/pdf-editor,https://liftpdf.com/compress-pdf,"Compress PDFUse whenThe file is ready but too large for email, storage or a document portal.Choose another tool whenYou expect aggressive image downsampling. LiftPDF uses safe browser-side compression.",INTERNAL
https://liftpdf.com/pdf-editor,https://liftpdf.com/rotate-pdf,Fix page directionRotate one page or every page while preserving the document content.,INTERNAL
https://liftpdf.com/pdf-editor,https://liftpdf.com/add-page-numbers,"Add visible page numbersChoose position, format, size and color for document numbering.",INTERNAL
https://liftpdf.com/pdf-editor,https://liftpdf.com/watermark-pdf,"Apply a watermarkPlace text or an image watermark with opacity, rotation and repeat options.",INTERNAL
https://liftpdf.com/pdf-editor,https://liftpdf.com/compress-pdf,Reduce file size safelyUse QPDF WASM compression modes and compare the real output size.,INTERNAL
https://liftpdf.com/pdf-editor,https://liftpdf.com/guides/why-is-my-merged-pdf-too-large,Why is my merged PDF too large?Understand when compression helps after combining files.,INTERNAL
https://liftpdf.com/pdf-editor,https://liftpdf.com/guides/how-to-keep-original-image-quality,How to keep image quality in PDFChoose layout settings that avoid unnecessary image scaling.,INTERNAL
https://liftpdf.com/pdf-editor,https://liftpdf.com/guides/how-to-extract-pages-from-pdf,Extract pages before editingSave only the pages that should receive a later edit.,INTERNAL
https://liftpdf.com/pdf-editor,https://liftpdf.com/pdf-converter,Convert PDF,INTERNAL
https://liftpdf.com/pdf-editor,https://liftpdf.com/pdf-editor,Edit PDF,INTERNAL
https://liftpdf.com/pdf-editor,https://liftpdf.com/organize-pdf,Organize PDF,INTERNAL
https://liftpdf.com/pdf-editor,https://liftpdf.com/pdf-image-tools,Image Tools,INTERNAL
https://liftpdf.com/pdf-editor,https://liftpdf.com/pdf-security,Security,INTERNAL
https://liftpdf.com/pdf-editor,https://liftpdf.com/,LiftPDF,INTERNAL
https://liftpdf.com/pdf-editor,https://liftpdf.com/pdf-tools,All PDF Tools,INTERNAL
https://liftpdf.com/pdf-editor,https://liftpdf.com/jpg-to-pdf,JPG to PDF,INTERNAL
https://liftpdf.com/pdf-editor,https://liftpdf.com/merge-pdf,Merge PDF,INTERNAL
https://liftpdf.com/pdf-editor,https://liftpdf.com/compress-pdf,Compress PDF,INTERNAL
https://liftpdf.com/pdf-editor,https://liftpdf.com/pdf-converter,Convert PDF,INTERNAL
https://liftpdf.com/pdf-editor,https://liftpdf.com/pdf-editor,Edit PDF,INTERNAL
https://liftpdf.com/pdf-editor,https://liftpdf.com/organize-pdf,Organize PDF,INTERNAL
https://liftpdf.com/pdf-editor,https://liftpdf.com/pdf-image-tools,Image Tools,INTERNAL
https://liftpdf.com/pdf-editor,https://liftpdf.com/pdf-security,Security,INTERNAL
https://liftpdf.com/pdf-editor,https://liftpdf.com/learn,Learning Center,INTERNAL
https://liftpdf.com/pdf-editor,https://liftpdf.com/guides,Guides,INTERNAL
https://liftpdf.com/pdf-editor,https://liftpdf.com/pdf-glossary,PDF Glossary,INTERNAL
https://liftpdf.com/pdf-editor,https://liftpdf.com/help,Help Center,INTERNAL
https://liftpdf.com/pdf-editor,https://liftpdf.com/privacy,Privacy,INTERNAL
https://liftpdf.com/pdf-editor,https://liftpdf.com/cookies,Cookies,INTERNAL
https://liftpdf.com/pdf-editor,https://liftpdf.com/security,Security,INTERNAL
https://liftpdf.com/pdf-editor,https://liftpdf.com/about,About,INTERNAL
https://liftpdf.com/pdf-editor,https://liftpdf.com/why-liftpdf,Why LiftPDF,INTERNAL
https://liftpdf.com/pdf-editor,https://liftpdf.com/terms,Terms,INTERNAL
https://liftpdf.com/pdf-editor,https://liftpdf.com/contact,Contact,INTERNAL
https://liftpdf.com/pdf-security,https://liftpdf.com/,LiftPDF,INTERNAL
https://liftpdf.com/pdf-security,https://liftpdf.com/pdf-tools,PDF Tools,INTERNAL
https://liftpdf.com/pdf-security,https://liftpdf.com/learn,Learn,INTERNAL
https://liftpdf.com/pdf-security,https://liftpdf.com/jpg-to-pdf,Image to PDF,INTERNAL
https://liftpdf.com/pdf-security,https://liftpdf.com/pdf-converter,Convert,INTERNAL
https://liftpdf.com/pdf-security,https://liftpdf.com/pdf-editor,Edit,INTERNAL
https://liftpdf.com/pdf-security,https://liftpdf.com/jpg-to-pdf,Start Now,INTERNAL
https://liftpdf.com/pdf-security,https://liftpdf.com/pdf-tools,PDF Tools,INTERNAL
https://liftpdf.com/pdf-security,https://liftpdf.com/learn,Learn,INTERNAL
https://liftpdf.com/pdf-security,https://liftpdf.com/jpg-to-pdf,Image to PDF,INTERNAL
https://liftpdf.com/pdf-security,https://liftpdf.com/pdf-converter,Convert,INTERNAL
https://liftpdf.com/pdf-security,https://liftpdf.com/pdf-editor,Edit,INTERNAL
https://liftpdf.com/pdf-security,https://liftpdf.com/jpg-to-pdf,Start Now,INTERNAL
https://liftpdf.com/pdf-security,https://liftpdf.com/pdf-tools,Browse all tools,INTERNAL
https://liftpdf.com/pdf-security,https://liftpdf.com/pdf-security#category-tools,View Security tools,INTERNAL
https://liftpdf.com/pdf-security,https://liftpdf.com/protect-pdf,Protect PDFAdd password protection to PDF documents.FreeSecureBrowserOpen tool,INTERNAL
https://liftpdf.com/pdf-security,https://liftpdf.com/unlock-pdf,Unlock PDFRemove PDF passwords when you have permission.FreeSecureBrowserOpen tool,INTERNAL
https://liftpdf.com/pdf-security,https://liftpdf.com/protect-pdf,"Protect PDFUse whenYou want to add an open password, an owner password or compatible-reader permissions before sharing a PDF.Choose another tool whenYou need a legally binding signature workflow or enterprise document management.",INTERNAL
https://liftpdf.com/pdf-security,https://liftpdf.com/unlock-pdf,Unlock PDFUse whenYou know the valid open password or owner password and need an unlocked copy for your own authorized workflow.Choose another tool whenYou do not know the password or do not have permission to remove restrictions.,INTERNAL
https://liftpdf.com/pdf-security,https://liftpdf.com/watermark-pdf,"Watermark PDFUse whenYou need a visible text or image mark on a document before review, approval or sharing.",INTERNAL
https://liftpdf.com/pdf-security,https://liftpdf.com/pdf-to-text,PDF to TextUse whenYou need selectable text from an accessible PDF and want to avoid uploading the document.Choose another tool whenThe document is scanned and needs OCR.,INTERNAL
https://liftpdf.com/pdf-security,https://liftpdf.com/protect-pdf,Add a PDF passwordEncrypt a PDF with a password before sending it by email or storing it in a shared folder.,INTERNAL
https://liftpdf.com/pdf-security,https://liftpdf.com/unlock-pdf,Remove known restrictionsUse a valid owner password to remove restrictions from a PDF you are authorized to change.,INTERNAL
https://liftpdf.com/pdf-security,https://liftpdf.com/guides/what-is-browser-based-pdf-processing,Understand browser processingLearn why local processing matters when a PDF contains confidential or personal information.,INTERNAL
https://liftpdf.com/pdf-security,https://liftpdf.com/guides/protect-pdf-before-sending,"Prepare sensitive filesReview password, watermark and file-size decisions before sending confidential documents.",INTERNAL
https://liftpdf.com/pdf-security,https://liftpdf.com/guides/protect-pdf-before-sending,"How to password protect a PDF before sharingWhen to use an open password, an owner password and permission controls.",INTERNAL
https://liftpdf.com/pdf-security,https://liftpdf.com/guides/unlock-pdf-with-known-password,How to remove a PDF password you knowA practical workflow for authorized PDF unlocking.,INTERNAL
https://liftpdf.com/pdf-security,https://liftpdf.com/guides/what-is-a-password-protected-pdf,"What is a password-protected PDF?The difference between encryption, restrictions and compatible-reader behavior.",INTERNAL
https://liftpdf.com/pdf-security,https://liftpdf.com/guides/what-is-browser-based-pdf-processing,Browser-based PDF processingWhy local processing can reduce exposure for sensitive documents.,INTERNAL
https://liftpdf.com/pdf-security,https://liftpdf.com/guides/protect-pdf-before-sending,How to share sensitive PDFs safelyA checklist for sending confidential files without overpromising security.,INTERNAL
https://liftpdf.com/pdf-security,https://liftpdf.com/pdf-converter,Convert PDF,INTERNAL
https://liftpdf.com/pdf-security,https://liftpdf.com/pdf-editor,Edit PDF,INTERNAL
https://liftpdf.com/pdf-security,https://liftpdf.com/organize-pdf,Organize PDF,INTERNAL
https://liftpdf.com/pdf-security,https://liftpdf.com/pdf-image-tools,Image Tools,INTERNAL
https://liftpdf.com/pdf-security,https://liftpdf.com/pdf-security,Security,INTERNAL
https://liftpdf.com/pdf-security,https://liftpdf.com/,LiftPDF,INTERNAL
https://liftpdf.com/pdf-security,https://liftpdf.com/pdf-tools,All PDF Tools,INTERNAL
https://liftpdf.com/pdf-security,https://liftpdf.com/jpg-to-pdf,JPG to PDF,INTERNAL
https://liftpdf.com/pdf-security,https://liftpdf.com/merge-pdf,Merge PDF,INTERNAL
https://liftpdf.com/pdf-security,https://liftpdf.com/compress-pdf,Compress PDF,INTERNAL
https://liftpdf.com/pdf-security,https://liftpdf.com/pdf-converter,Convert PDF,INTERNAL
https://liftpdf.com/pdf-security,https://liftpdf.com/pdf-editor,Edit PDF,INTERNAL
https://liftpdf.com/pdf-security,https://liftpdf.com/organize-pdf,Organize PDF,INTERNAL
https://liftpdf.com/pdf-security,https://liftpdf.com/pdf-image-tools,Image Tools,INTERNAL
https://liftpdf.com/pdf-security,https://liftpdf.com/pdf-security,Security,INTERNAL
https://liftpdf.com/pdf-security,https://liftpdf.com/learn,Learning Center,INTERNAL
https://liftpdf.com/pdf-security,https://liftpdf.com/guides,Guides,INTERNAL
https://liftpdf.com/pdf-security,https://liftpdf.com/pdf-glossary,PDF Glossary,INTERNAL
https://liftpdf.com/pdf-security,https://liftpdf.com/help,Help Center,INTERNAL
https://liftpdf.com/pdf-security,https://liftpdf.com/privacy,Privacy,INTERNAL
https://liftpdf.com/pdf-security,https://liftpdf.com/cookies,Cookies,INTERNAL
https://liftpdf.com/pdf-security,https://liftpdf.com/security,Security,INTERNAL
https://liftpdf.com/pdf-security,https://liftpdf.com/about,About,INTERNAL
https://liftpdf.com/pdf-security,https://liftpdf.com/why-liftpdf,Why LiftPDF,INTERNAL
https://liftpdf.com/pdf-security,https://liftpdf.com/terms,Terms,INTERNAL
https://liftpdf.com/pdf-security,https://liftpdf.com/contact,Contact,INTERNAL
https://liftpdf.com/pdf-image-tools,https://liftpdf.com/,LiftPDF,INTERNAL
https://liftpdf.com/pdf-image-tools,https://liftpdf.com/pdf-tools,PDF Tools,INTERNAL
https://liftpdf.com/pdf-image-tools,https://liftpdf.com/learn,Learn,INTERNAL
https://liftpdf.com/pdf-image-tools,https://liftpdf.com/jpg-to-pdf,Image to PDF,INTERNAL
https://liftpdf.com/pdf-image-tools,https://liftpdf.com/pdf-converter,Convert,INTERNAL
https://liftpdf.com/pdf-image-tools,https://liftpdf.com/pdf-editor,Edit,INTERNAL
https://liftpdf.com/pdf-image-tools,https://liftpdf.com/jpg-to-pdf,Start Now,INTERNAL
https://liftpdf.com/pdf-image-tools,https://liftpdf.com/pdf-tools,PDF Tools,INTERNAL
https://liftpdf.com/pdf-image-tools,https://liftpdf.com/learn,Learn,INTERNAL
https://liftpdf.com/pdf-image-tools,https://liftpdf.com/jpg-to-pdf,Image to PDF,INTERNAL
https://liftpdf.com/pdf-image-tools,https://liftpdf.com/pdf-converter,Convert,INTERNAL
https://liftpdf.com/pdf-image-tools,https://liftpdf.com/pdf-editor,Edit,INTERNAL
https://liftpdf.com/pdf-image-tools,https://liftpdf.com/jpg-to-pdf,Start Now,INTERNAL
https://liftpdf.com/pdf-image-tools,https://liftpdf.com/pdf-tools,Browse all tools,INTERNAL
https://liftpdf.com/pdf-image-tools,https://liftpdf.com/pdf-image-tools#category-tools,View Images tools,INTERNAL
https://liftpdf.com/pdf-image-tools,https://liftpdf.com/jpg-to-pdf,JPG to PDFConvert JPG images into a clean PDF file.FreeSecureBrowserOpen tool,INTERNAL
https://liftpdf.com/pdf-image-tools,https://liftpdf.com/png-to-pdf,PNG to PDFTurn PNG images into PDF pages in your browser.FreeSecureBrowserOpen tool,INTERNAL
https://liftpdf.com/pdf-image-tools,https://liftpdf.com/images-to-pdf,"Images to PDFCombine JPG, PNG and WEBP images into one PDF.FreeSecureBrowserOpen tool",INTERNAL
https://liftpdf.com/pdf-image-tools,https://liftpdf.com/jpg-to-pdf,"JPG to PDFUse whenPhotos, camera scans, receipts or JPG document images should become PDF pages.Choose another tool whenThe source is PNG, WEBP or a mixed folder. Use PNG to PDF or Images to PDF.",INTERNAL
https://liftpdf.com/pdf-image-tools,https://liftpdf.com/png-to-pdf,"PNG to PDFUse whenScreenshots, transparent images, diagrams or sharp graphics should become a PDF.",INTERNAL
https://liftpdf.com/pdf-image-tools,https://liftpdf.com/images-to-pdf,"Images to PDFUse whenA mixed batch of JPG, PNG and WEBP images should become one PDF.",INTERNAL
https://liftpdf.com/pdf-image-tools,https://liftpdf.com/pdf-to-jpg,PDF to JPGUse whenPDF pages should become photo-style JPG images for sharing or uploading.,INTERNAL
https://liftpdf.com/pdf-image-tools,https://liftpdf.com/pdf-to-png,"PDF to PNGUse whenPDF pages contain screenshots, text, diagrams or graphics that need sharp image output.",INTERNAL
https://liftpdf.com/pdf-image-tools,https://liftpdf.com/jpg-to-pdf,"Turn photos into PDFCreate a document from camera scans, receipts or signed pages.",INTERNAL
https://liftpdf.com/pdf-image-tools,https://liftpdf.com/png-to-pdf,"Convert screenshotsUse PNG to PDF for sharp UI captures, diagrams and graphics.",INTERNAL
https://liftpdf.com/pdf-image-tools,https://liftpdf.com/pdf-to-jpg,Export PDF pagesRender pages from a PDF into JPG or PNG image files.,INTERNAL
https://liftpdf.com/pdf-image-tools,https://liftpdf.com/images-to-pdf,"Combine mixed imagesPut JPG, PNG and WEBP files into one ordered PDF.",INTERNAL
https://liftpdf.com/pdf-image-tools,https://liftpdf.com/guides/how-to-convert-jpg-to-pdf,How to convert JPG to PDFCreate PDFs from JPG images with a clean browser workflow.,INTERNAL
https://liftpdf.com/pdf-image-tools,https://liftpdf.com/guides/how-to-convert-multiple-jpg-to-pdf,Convert multiple JPGs to PDFTurn several images into one ordered PDF document.,INTERNAL
https://liftpdf.com/pdf-image-tools,https://liftpdf.com/guides/jpg-vs-png,JPG vs PNGChoose the right image format before converting.,INTERNAL
https://liftpdf.com/pdf-image-tools,https://liftpdf.com/pdf-converter,Convert PDF,INTERNAL
https://liftpdf.com/pdf-image-tools,https://liftpdf.com/pdf-editor,Edit PDF,INTERNAL
https://liftpdf.com/pdf-image-tools,https://liftpdf.com/organize-pdf,Organize PDF,INTERNAL
https://liftpdf.com/pdf-image-tools,https://liftpdf.com/pdf-image-tools,Image Tools,INTERNAL
https://liftpdf.com/pdf-image-tools,https://liftpdf.com/pdf-security,Security,INTERNAL
https://liftpdf.com/pdf-image-tools,https://liftpdf.com/,LiftPDF,INTERNAL
https://liftpdf.com/pdf-image-tools,https://liftpdf.com/pdf-tools,All PDF Tools,INTERNAL
https://liftpdf.com/pdf-image-tools,https://liftpdf.com/jpg-to-pdf,JPG to PDF,INTERNAL
https://liftpdf.com/pdf-image-tools,https://liftpdf.com/merge-pdf,Merge PDF,INTERNAL
https://liftpdf.com/pdf-image-tools,https://liftpdf.com/compress-pdf,Compress PDF,INTERNAL
https://liftpdf.com/pdf-image-tools,https://liftpdf.com/pdf-converter,Convert PDF,INTERNAL
https://liftpdf.com/pdf-image-tools,https://liftpdf.com/pdf-editor,Edit PDF,INTERNAL
https://liftpdf.com/pdf-image-tools,https://liftpdf.com/organize-pdf,Organize PDF,INTERNAL
https://liftpdf.com/pdf-image-tools,https://liftpdf.com/pdf-image-tools,Image Tools,INTERNAL
https://liftpdf.com/pdf-image-tools,https://liftpdf.com/pdf-security,Security,INTERNAL
https://liftpdf.com/pdf-image-tools,https://liftpdf.com/learn,Learning Center,INTERNAL
https://liftpdf.com/pdf-image-tools,https://liftpdf.com/guides,Guides,INTERNAL
https://liftpdf.com/pdf-image-tools,https://liftpdf.com/pdf-glossary,PDF Glossary,INTERNAL
https://liftpdf.com/pdf-image-tools,https://liftpdf.com/help,Help Center,INTERNAL
https://liftpdf.com/pdf-image-tools,https://liftpdf.com/privacy,Privacy,INTERNAL
https://liftpdf.com/pdf-image-tools,https://liftpdf.com/cookies,Cookies,INTERNAL
https://liftpdf.com/pdf-image-tools,https://liftpdf.com/security,Security,INTERNAL
https://liftpdf.com/pdf-image-tools,https://liftpdf.com/about,About,INTERNAL
https://liftpdf.com/pdf-image-tools,https://liftpdf.com/why-liftpdf,Why LiftPDF,INTERNAL
https://liftpdf.com/pdf-image-tools,https://liftpdf.com/terms,Terms,INTERNAL
https://liftpdf.com/pdf-image-tools,https://liftpdf.com/contact,Contact,INTERNAL
https://liftpdf.com/organize-pdf,https://liftpdf.com/,LiftPDF,INTERNAL
https://liftpdf.com/organize-pdf,https://liftpdf.com/pdf-tools,PDF Tools,INTERNAL
https://liftpdf.com/organize-pdf,https://liftpdf.com/learn,Learn,INTERNAL
https://liftpdf.com/organize-pdf,https://liftpdf.com/jpg-to-pdf,Image to PDF,INTERNAL
https://liftpdf.com/organize-pdf,https://liftpdf.com/pdf-converter,Convert,INTERNAL
https://liftpdf.com/organize-pdf,https://liftpdf.com/pdf-editor,Edit,INTERNAL
https://liftpdf.com/organize-pdf,https://liftpdf.com/jpg-to-pdf,Start Now,INTERNAL
https://liftpdf.com/organize-pdf,https://liftpdf.com/pdf-tools,PDF Tools,INTERNAL
https://liftpdf.com/organize-pdf,https://liftpdf.com/learn,Learn,INTERNAL
https://liftpdf.com/organize-pdf,https://liftpdf.com/jpg-to-pdf,Image to PDF,INTERNAL
https://liftpdf.com/organize-pdf,https://liftpdf.com/pdf-converter,Convert,INTERNAL
https://liftpdf.com/organize-pdf,https://liftpdf.com/pdf-editor,Edit,INTERNAL
https://liftpdf.com/organize-pdf,https://liftpdf.com/jpg-to-pdf,Start Now,INTERNAL
https://liftpdf.com/organize-pdf,https://liftpdf.com/pdf-tools,Browse all tools,INTERNAL
https://liftpdf.com/organize-pdf,https://liftpdf.com/organize-pdf#category-tools,View Organize tools,INTERNAL
https://liftpdf.com/organize-pdf,https://liftpdf.com/merge-pdf,Merge PDFCombine multiple PDF files into one document.FreeSecureBrowserOpen tool,INTERNAL
https://liftpdf.com/organize-pdf,https://liftpdf.com/split-pdf,Split PDFExtract selected pages or split every page.FreeSecureBrowserOpen tool,INTERNAL
https://liftpdf.com/organize-pdf,https://liftpdf.com/delete-pages,Delete PagesRemove unwanted pages from a PDF.FreeSecureBrowserOpen tool,INTERNAL
https://liftpdf.com/organize-pdf,https://liftpdf.com/extract-pages,Extract PagesSave selected PDF pages into a new document.FreeSecureBrowserOpen tool,INTERNAL
https://liftpdf.com/organize-pdf,https://liftpdf.com/reorder-pages,Reorder PagesRearrange PDF pages before downloading.FreeSecureBrowserOpen tool,INTERNAL
https://liftpdf.com/organize-pdf,https://liftpdf.com/merge-pdf,Merge PDFUse whenSeveral PDF files belong together and should become one final document.Choose another tool whenOnly a few pages from a larger source PDF are needed. Use Extract Pages first.,INTERNAL
https://liftpdf.com/organize-pdf,https://liftpdf.com/split-pdf,"Split PDFUse whenA PDF needs to become smaller files, page ranges or one file per page.Choose another tool whenYou only want to remove unwanted pages from the same document. Use Delete Pages.",INTERNAL
https://liftpdf.com/organize-pdf,https://liftpdf.com/delete-pages,"Delete PagesUse whenThe PDF includes blank pages, duplicates, outdated pages or pages that should not be shared.",INTERNAL
https://liftpdf.com/organize-pdf,https://liftpdf.com/extract-pages,Extract PagesUse whenSelected pages should become a new PDF while the original document stays unchanged.,INTERNAL
https://liftpdf.com/organize-pdf,https://liftpdf.com/reorder-pages,Reorder PagesUse whenThe pages are correct but the sequence is wrong.,INTERNAL
https://liftpdf.com/organize-pdf,https://liftpdf.com/compress-pdf,"Compress PDFUse whenThe organized PDF is ready but too large to send, upload or archive comfortably.",INTERNAL
https://liftpdf.com/organize-pdf,https://liftpdf.com/merge-pdf,"Build one packetMerge a cover page, contract, appendix and supporting documents into one PDF.",INTERNAL
https://liftpdf.com/organize-pdf,https://liftpdf.com/delete-pages,"Remove unwanted pagesDelete blank scans, duplicate receipts or outdated pages before sending.",INTERNAL
https://liftpdf.com/organize-pdf,https://liftpdf.com/extract-pages,"Save selected pagesExtract only the pages needed for a client, class or submission.",INTERNAL
https://liftpdf.com/organize-pdf,https://liftpdf.com/reorder-pages,Fix page orderMove pages into the correct reading sequence before exporting.,INTERNAL
https://liftpdf.com/organize-pdf,https://liftpdf.com/guides/how-to-merge-pdf,How to merge PDF filesLearn the clean workflow for combining multiple PDFs.,INTERNAL
https://liftpdf.com/organize-pdf,https://liftpdf.com/guides/how-to-extract-pages-from-pdf,Extract pages from a PDFSave only the pages you need into a new document.,INTERNAL
https://liftpdf.com/organize-pdf,https://liftpdf.com/guides/merge-pdf-without-adobe,Merge PDF without AdobeUse a focused browser workflow for simple merge tasks.,INTERNAL
https://liftpdf.com/organize-pdf,https://liftpdf.com/pdf-converter,Convert PDF,INTERNAL
https://liftpdf.com/organize-pdf,https://liftpdf.com/pdf-editor,Edit PDF,INTERNAL
https://liftpdf.com/organize-pdf,https://liftpdf.com/organize-pdf,Organize PDF,INTERNAL
https://liftpdf.com/organize-pdf,https://liftpdf.com/pdf-image-tools,Image Tools,INTERNAL
https://liftpdf.com/organize-pdf,https://liftpdf.com/pdf-security,Security,INTERNAL
https://liftpdf.com/organize-pdf,https://liftpdf.com/,LiftPDF,INTERNAL
https://liftpdf.com/organize-pdf,https://liftpdf.com/pdf-tools,All PDF Tools,INTERNAL
https://liftpdf.com/organize-pdf,https://liftpdf.com/jpg-to-pdf,JPG to PDF,INTERNAL
https://liftpdf.com/organize-pdf,https://liftpdf.com/merge-pdf,Merge PDF,INTERNAL
https://liftpdf.com/organize-pdf,https://liftpdf.com/compress-pdf,Compress PDF,INTERNAL
https://liftpdf.com/organize-pdf,https://liftpdf.com/pdf-converter,Convert PDF,INTERNAL
https://liftpdf.com/organize-pdf,https://liftpdf.com/pdf-editor,Edit PDF,INTERNAL
https://liftpdf.com/organize-pdf,https://liftpdf.com/organize-pdf,Organize PDF,INTERNAL
https://liftpdf.com/organize-pdf,https://liftpdf.com/pdf-image-tools,Image Tools,INTERNAL
https://liftpdf.com/organize-pdf,https://liftpdf.com/pdf-security,Security,INTERNAL
https://liftpdf.com/organize-pdf,https://liftpdf.com/learn,Learning Center,INTERNAL
https://liftpdf.com/organize-pdf,https://liftpdf.com/guides,Guides,INTERNAL
https://liftpdf.com/organize-pdf,https://liftpdf.com/pdf-glossary,PDF Glossary,INTERNAL
https://liftpdf.com/organize-pdf,https://liftpdf.com/help,Help Center,INTERNAL
https://liftpdf.com/organize-pdf,https://liftpdf.com/privacy,Privacy,INTERNAL
https://liftpdf.com/organize-pdf,https://liftpdf.com/cookies,Cookies,INTERNAL
https://liftpdf.com/organize-pdf,https://liftpdf.com/security,Security,INTERNAL
https://liftpdf.com/organize-pdf,https://liftpdf.com/about,About,INTERNAL
https://liftpdf.com/organize-pdf,https://liftpdf.com/why-liftpdf,Why LiftPDF,INTERNAL
https://liftpdf.com/organize-pdf,https://liftpdf.com/terms,Terms,INTERNAL
https://liftpdf.com/organize-pdf,https://liftpdf.com/contact,Contact,INTERNAL
https://liftpdf.com/privacy,https://liftpdf.com/,LiftPDF,INTERNAL
https://liftpdf.com/privacy,https://liftpdf.com/pdf-tools,PDF Tools,INTERNAL
https://liftpdf.com/privacy,https://liftpdf.com/learn,Learn,INTERNAL
https://liftpdf.com/privacy,https://liftpdf.com/jpg-to-pdf,Image to PDF,INTERNAL
https://liftpdf.com/privacy,https://liftpdf.com/pdf-converter,Convert,INTERNAL
https://liftpdf.com/privacy,https://liftpdf.com/pdf-editor,Edit,INTERNAL
https://liftpdf.com/privacy,https://liftpdf.com/jpg-to-pdf,Start Now,INTERNAL
https://liftpdf.com/privacy,https://liftpdf.com/pdf-tools,PDF Tools,INTERNAL
https://liftpdf.com/privacy,https://liftpdf.com/learn,Learn,INTERNAL
https://liftpdf.com/privacy,https://liftpdf.com/jpg-to-pdf,Image to PDF,INTERNAL
https://liftpdf.com/privacy,https://liftpdf.com/pdf-converter,Convert,INTERNAL
https://liftpdf.com/privacy,https://liftpdf.com/pdf-editor,Edit,INTERNAL
https://liftpdf.com/privacy,https://liftpdf.com/jpg-to-pdf,Start Now,INTERNAL
https://liftpdf.com/privacy,https://liftpdf.com/pdf-tools,Browse tools,INTERNAL
https://liftpdf.com/privacy,https://liftpdf.com/cookies,Read the Cookie Policy,INTERNAL
https://liftpdf.com/privacy,https://liftpdf.com/security,Security overview,INTERNAL
https://liftpdf.com/privacy,https://liftpdf.com/why-liftpdf,Why LiftPDF,INTERNAL
https://liftpdf.com/privacy,https://liftpdf.com/cookies,Cookie Policy,INTERNAL
https://liftpdf.com/privacy,https://liftpdf.com/about,About LiftPDF,INTERNAL
https://liftpdf.com/privacy,https://liftpdf.com/,LiftPDF,INTERNAL
https://liftpdf.com/privacy,https://liftpdf.com/pdf-tools,All PDF Tools,INTERNAL
https://liftpdf.com/privacy,https://liftpdf.com/jpg-to-pdf,JPG to PDF,INTERNAL
https://liftpdf.com/privacy,https://liftpdf.com/merge-pdf,Merge PDF,INTERNAL
https://liftpdf.com/privacy,https://liftpdf.com/compress-pdf,Compress PDF,INTERNAL
https://liftpdf.com/privacy,https://liftpdf.com/pdf-converter,Convert PDF,INTERNAL
https://liftpdf.com/privacy,https://liftpdf.com/pdf-editor,Edit PDF,INTERNAL
https://liftpdf.com/privacy,https://liftpdf.com/organize-pdf,Organize PDF,INTERNAL
https://liftpdf.com/privacy,https://liftpdf.com/pdf-image-tools,Image Tools,INTERNAL
https://liftpdf.com/privacy,https://liftpdf.com/pdf-security,Security,INTERNAL
https://liftpdf.com/privacy,https://liftpdf.com/learn,Learning Center,INTERNAL
https://liftpdf.com/privacy,https://liftpdf.com/guides,Guides,INTERNAL
https://liftpdf.com/privacy,https://liftpdf.com/pdf-glossary,PDF Glossary,INTERNAL
https://liftpdf.com/privacy,https://liftpdf.com/help,Help Center,INTERNAL
https://liftpdf.com/privacy,https://liftpdf.com/privacy,Privacy,INTERNAL
https://liftpdf.com/privacy,https://liftpdf.com/cookies,Cookies,INTERNAL
https://liftpdf.com/privacy,https://liftpdf.com/security,Security,INTERNAL
https://liftpdf.com/privacy,https://liftpdf.com/about,About,INTERNAL
https://liftpdf.com/privacy,https://liftpdf.com/why-liftpdf,Why LiftPDF,INTERNAL
https://liftpdf.com/privacy,https://liftpdf.com/terms,Terms,INTERNAL
https://liftpdf.com/privacy,https://liftpdf.com/contact,Contact,INTERNAL
https://liftpdf.com/cookies,https://liftpdf.com/,LiftPDF,INTERNAL
https://liftpdf.com/cookies,https://liftpdf.com/pdf-tools,PDF Tools,INTERNAL
https://liftpdf.com/cookies,https://liftpdf.com/learn,Learn,INTERNAL
https://liftpdf.com/cookies,https://liftpdf.com/jpg-to-pdf,Image to PDF,INTERNAL
https://liftpdf.com/cookies,https://liftpdf.com/pdf-converter,Convert,INTERNAL
https://liftpdf.com/cookies,https://liftpdf.com/pdf-editor,Edit,INTERNAL
https://liftpdf.com/cookies,https://liftpdf.com/jpg-to-pdf,Start Now,INTERNAL
https://liftpdf.com/cookies,https://liftpdf.com/pdf-tools,PDF Tools,INTERNAL
https://liftpdf.com/cookies,https://liftpdf.com/learn,Learn,INTERNAL
https://liftpdf.com/cookies,https://liftpdf.com/jpg-to-pdf,Image to PDF,INTERNAL
https://liftpdf.com/cookies,https://liftpdf.com/pdf-converter,Convert,INTERNAL
https://liftpdf.com/cookies,https://liftpdf.com/pdf-editor,Edit,INTERNAL
https://liftpdf.com/cookies,https://liftpdf.com/jpg-to-pdf,Start Now,INTERNAL
https://liftpdf.com/cookies,https://liftpdf.com/privacy,Privacy page,INTERNAL
https://liftpdf.com/cookies,https://liftpdf.com/contact,Contact,INTERNAL
https://liftpdf.com/cookies,https://liftpdf.com/,LiftPDF,INTERNAL
https://liftpdf.com/cookies,https://liftpdf.com/pdf-tools,All PDF Tools,INTERNAL
https://liftpdf.com/cookies,https://liftpdf.com/jpg-to-pdf,JPG to PDF,INTERNAL
https://liftpdf.com/cookies,https://liftpdf.com/merge-pdf,Merge PDF,INTERNAL
https://liftpdf.com/cookies,https://liftpdf.com/compress-pdf,Compress PDF,INTERNAL
https://liftpdf.com/cookies,https://liftpdf.com/pdf-converter,Convert PDF,INTERNAL
https://liftpdf.com/cookies,https://liftpdf.com/pdf-editor,Edit PDF,INTERNAL
https://liftpdf.com/cookies,https://liftpdf.com/organize-pdf,Organize PDF,INTERNAL
https://liftpdf.com/cookies,https://liftpdf.com/pdf-image-tools,Image Tools,INTERNAL
https://liftpdf.com/cookies,https://liftpdf.com/pdf-security,Security,INTERNAL
https://liftpdf.com/cookies,https://liftpdf.com/learn,Learning Center,INTERNAL
https://liftpdf.com/cookies,https://liftpdf.com/guides,Guides,INTERNAL
https://liftpdf.com/cookies,https://liftpdf.com/pdf-glossary,PDF Glossary,INTERNAL
https://liftpdf.com/cookies,https://liftpdf.com/help,Help Center,INTERNAL
https://liftpdf.com/cookies,https://liftpdf.com/privacy,Privacy,INTERNAL
https://liftpdf.com/cookies,https://liftpdf.com/cookies,Cookies,INTERNAL
https://liftpdf.com/cookies,https://liftpdf.com/security,Security,INTERNAL
https://liftpdf.com/cookies,https://liftpdf.com/about,About,INTERNAL
https://liftpdf.com/cookies,https://liftpdf.com/why-liftpdf,Why LiftPDF,INTERNAL
https://liftpdf.com/cookies,https://liftpdf.com/terms,Terms,INTERNAL
https://liftpdf.com/cookies,https://liftpdf.com/contact,Contact,INTERNAL
https://liftpdf.com/security,https://liftpdf.com/,LiftPDF,INTERNAL
https://liftpdf.com/security,https://liftpdf.com/pdf-tools,PDF Tools,INTERNAL
https://liftpdf.com/security,https://liftpdf.com/learn,Learn,INTERNAL
https://liftpdf.com/security,https://liftpdf.com/jpg-to-pdf,Image to PDF,INTERNAL
https://liftpdf.com/security,https://liftpdf.com/pdf-converter,Convert,INTERNAL
https://liftpdf.com/security,https://liftpdf.com/pdf-editor,Edit,INTERNAL
https://liftpdf.com/security,https://liftpdf.com/jpg-to-pdf,Start Now,INTERNAL
https://liftpdf.com/security,https://liftpdf.com/pdf-tools,PDF Tools,INTERNAL
https://liftpdf.com/security,https://liftpdf.com/learn,Learn,INTERNAL
https://liftpdf.com/security,https://liftpdf.com/jpg-to-pdf,Image to PDF,INTERNAL
https://liftpdf.com/security,https://liftpdf.com/pdf-converter,Convert,INTERNAL
https://liftpdf.com/security,https://liftpdf.com/pdf-editor,Edit,INTERNAL
https://liftpdf.com/security,https://liftpdf.com/jpg-to-pdf,Start Now,INTERNAL
https://liftpdf.com/security,https://liftpdf.com/pdf-tools,Browse tools,INTERNAL
https://liftpdf.com/security,https://liftpdf.com/privacy,Privacy details,INTERNAL
https://liftpdf.com/security,https://liftpdf.com/protect-pdf,Protect PDF,INTERNAL
https://liftpdf.com/security,https://liftpdf.com/unlock-pdf,Unlock PDF,INTERNAL
https://liftpdf.com/security,https://liftpdf.com/,LiftPDF,INTERNAL
https://liftpdf.com/security,https://liftpdf.com/pdf-tools,All PDF Tools,INTERNAL
https://liftpdf.com/security,https://liftpdf.com/jpg-to-pdf,JPG to PDF,INTERNAL
https://liftpdf.com/security,https://liftpdf.com/merge-pdf,Merge PDF,INTERNAL
https://liftpdf.com/security,https://liftpdf.com/compress-pdf,Compress PDF,INTERNAL
https://liftpdf.com/security,https://liftpdf.com/pdf-converter,Convert PDF,INTERNAL
https://liftpdf.com/security,https://liftpdf.com/pdf-editor,Edit PDF,INTERNAL
https://liftpdf.com/security,https://liftpdf.com/organize-pdf,Organize PDF,INTERNAL
https://liftpdf.com/security,https://liftpdf.com/pdf-image-tools,Image Tools,INTERNAL
https://liftpdf.com/security,https://liftpdf.com/pdf-security,Security,INTERNAL
https://liftpdf.com/security,https://liftpdf.com/learn,Learning Center,INTERNAL
https://liftpdf.com/security,https://liftpdf.com/guides,Guides,INTERNAL
https://liftpdf.com/security,https://liftpdf.com/pdf-glossary,PDF Glossary,INTERNAL
https://liftpdf.com/security,https://liftpdf.com/help,Help Center,INTERNAL
https://liftpdf.com/security,https://liftpdf.com/privacy,Privacy,INTERNAL
https://liftpdf.com/security,https://liftpdf.com/cookies,Cookies,INTERNAL
https://liftpdf.com/security,https://liftpdf.com/security,Security,INTERNAL
https://liftpdf.com/security,https://liftpdf.com/about,About,INTERNAL
https://liftpdf.com/security,https://liftpdf.com/why-liftpdf,Why LiftPDF,INTERNAL
https://liftpdf.com/security,https://liftpdf.com/terms,Terms,INTERNAL
https://liftpdf.com/security,https://liftpdf.com/contact,Contact,INTERNAL
https://liftpdf.com/about,https://liftpdf.com/,LiftPDF,INTERNAL
https://liftpdf.com/about,https://liftpdf.com/pdf-tools,PDF Tools,INTERNAL
https://liftpdf.com/about,https://liftpdf.com/learn,Learn,INTERNAL
https://liftpdf.com/about,https://liftpdf.com/jpg-to-pdf,Image to PDF,INTERNAL
https://liftpdf.com/about,https://liftpdf.com/pdf-converter,Convert,INTERNAL
https://liftpdf.com/about,https://liftpdf.com/pdf-editor,Edit,INTERNAL
https://liftpdf.com/about,https://liftpdf.com/jpg-to-pdf,Start Now,INTERNAL
https://liftpdf.com/about,https://liftpdf.com/pdf-tools,PDF Tools,INTERNAL
https://liftpdf.com/about,https://liftpdf.com/learn,Learn,INTERNAL
https://liftpdf.com/about,https://liftpdf.com/jpg-to-pdf,Image to PDF,INTERNAL
https://liftpdf.com/about,https://liftpdf.com/pdf-converter,Convert,INTERNAL
https://liftpdf.com/about,https://liftpdf.com/pdf-editor,Edit,INTERNAL
https://liftpdf.com/about,https://liftpdf.com/jpg-to-pdf,Start Now,INTERNAL
https://liftpdf.com/about,https://liftpdf.com/pdf-tools,Browse tools,INTERNAL
https://liftpdf.com/about,https://liftpdf.com/privacy,Privacy,INTERNAL
https://liftpdf.com/about,https://liftpdf.com/security,Security,INTERNAL
https://liftpdf.com/about,https://liftpdf.com/why-liftpdf,Why LiftPDF,INTERNAL
https://liftpdf.com/about,https://liftpdf.com/,LiftPDF,INTERNAL
https://liftpdf.com/about,https://liftpdf.com/pdf-tools,All PDF Tools,INTERNAL
https://liftpdf.com/about,https://liftpdf.com/jpg-to-pdf,JPG to PDF,INTERNAL
https://liftpdf.com/about,https://liftpdf.com/merge-pdf,Merge PDF,INTERNAL
https://liftpdf.com/about,https://liftpdf.com/compress-pdf,Compress PDF,INTERNAL
https://liftpdf.com/about,https://liftpdf.com/pdf-converter,Convert PDF,INTERNAL
https://liftpdf.com/about,https://liftpdf.com/pdf-editor,Edit PDF,INTERNAL
https://liftpdf.com/about,https://liftpdf.com/organize-pdf,Organize PDF,INTERNAL
https://liftpdf.com/about,https://liftpdf.com/pdf-image-tools,Image Tools,INTERNAL
https://liftpdf.com/about,https://liftpdf.com/pdf-security,Security,INTERNAL
https://liftpdf.com/about,https://liftpdf.com/learn,Learning Center,INTERNAL
https://liftpdf.com/about,https://liftpdf.com/guides,Guides,INTERNAL
https://liftpdf.com/about,https://liftpdf.com/pdf-glossary,PDF Glossary,INTERNAL
https://liftpdf.com/about,https://liftpdf.com/help,Help Center,INTERNAL
https://liftpdf.com/about,https://liftpdf.com/privacy,Privacy,INTERNAL
https://liftpdf.com/about,https://liftpdf.com/cookies,Cookies,INTERNAL
https://liftpdf.com/about,https://liftpdf.com/security,Security,INTERNAL
https://liftpdf.com/about,https://liftpdf.com/about,About,INTERNAL
https://liftpdf.com/about,https://liftpdf.com/why-liftpdf,Why LiftPDF,INTERNAL
https://liftpdf.com/about,https://liftpdf.com/terms,Terms,INTERNAL
https://liftpdf.com/about,https://liftpdf.com/contact,Contact,INTERNAL
https://liftpdf.com/why-liftpdf,https://liftpdf.com/,LiftPDF,INTERNAL
https://liftpdf.com/why-liftpdf,https://liftpdf.com/pdf-tools,PDF Tools,INTERNAL
https://liftpdf.com/why-liftpdf,https://liftpdf.com/learn,Learn,INTERNAL
https://liftpdf.com/why-liftpdf,https://liftpdf.com/jpg-to-pdf,Image to PDF,INTERNAL
https://liftpdf.com/why-liftpdf,https://liftpdf.com/pdf-converter,Convert,INTERNAL
https://liftpdf.com/why-liftpdf,https://liftpdf.com/pdf-editor,Edit,INTERNAL
https://liftpdf.com/why-liftpdf,https://liftpdf.com/jpg-to-pdf,Start Now,INTERNAL
https://liftpdf.com/why-liftpdf,https://liftpdf.com/pdf-tools,PDF Tools,INTERNAL
https://liftpdf.com/why-liftpdf,https://liftpdf.com/learn,Learn,INTERNAL
https://liftpdf.com/why-liftpdf,https://liftpdf.com/jpg-to-pdf,Image to PDF,INTERNAL
https://liftpdf.com/why-liftpdf,https://liftpdf.com/pdf-converter,Convert,INTERNAL
https://liftpdf.com/why-liftpdf,https://liftpdf.com/pdf-editor,Edit,INTERNAL
https://liftpdf.com/why-liftpdf,https://liftpdf.com/jpg-to-pdf,Start Now,INTERNAL
https://liftpdf.com/why-liftpdf,https://liftpdf.com/pdf-tools,Browse tools,INTERNAL
https://liftpdf.com/why-liftpdf,https://liftpdf.com/jpg-to-pdf,JPG to PDF,INTERNAL
https://liftpdf.com/why-liftpdf,https://liftpdf.com/merge-pdf,Merge PDF,INTERNAL
https://liftpdf.com/why-liftpdf,https://liftpdf.com/protect-pdf,Protect PDF,INTERNAL
https://liftpdf.com/why-liftpdf,https://liftpdf.com/pdf-tools,All tools,INTERNAL
https://liftpdf.com/why-liftpdf,https://liftpdf.com/,LiftPDF,INTERNAL
https://liftpdf.com/why-liftpdf,https://liftpdf.com/pdf-tools,All PDF Tools,INTERNAL
https://liftpdf.com/why-liftpdf,https://liftpdf.com/jpg-to-pdf,JPG to PDF,INTERNAL
https://liftpdf.com/why-liftpdf,https://liftpdf.com/merge-pdf,Merge PDF,INTERNAL
https://liftpdf.com/why-liftpdf,https://liftpdf.com/compress-pdf,Compress PDF,INTERNAL
https://liftpdf.com/why-liftpdf,https://liftpdf.com/pdf-converter,Convert PDF,INTERNAL
https://liftpdf.com/why-liftpdf,https://liftpdf.com/pdf-editor,Edit PDF,INTERNAL
https://liftpdf.com/why-liftpdf,https://liftpdf.com/organize-pdf,Organize PDF,INTERNAL
https://liftpdf.com/why-liftpdf,https://liftpdf.com/pdf-image-tools,Image Tools,INTERNAL
https://liftpdf.com/why-liftpdf,https://liftpdf.com/pdf-security,Security,INTERNAL
https://liftpdf.com/why-liftpdf,https://liftpdf.com/learn,Learning Center,INTERNAL
https://liftpdf.com/why-liftpdf,https://liftpdf.com/guides,Guides,INTERNAL
https://liftpdf.com/why-liftpdf,https://liftpdf.com/pdf-glossary,PDF Glossary,INTERNAL
https://liftpdf.com/why-liftpdf,https://liftpdf.com/help,Help Center,INTERNAL
https://liftpdf.com/why-liftpdf,https://liftpdf.com/privacy,Privacy,INTERNAL
https://liftpdf.com/why-liftpdf,https://liftpdf.com/cookies,Cookies,INTERNAL
https://liftpdf.com/why-liftpdf,https://liftpdf.com/security,Security,INTERNAL
https://liftpdf.com/why-liftpdf,https://liftpdf.com/about,About,INTERNAL
https://liftpdf.com/why-liftpdf,https://liftpdf.com/why-liftpdf,Why LiftPDF,INTERNAL
https://liftpdf.com/why-liftpdf,https://liftpdf.com/terms,Terms,INTERNAL
https://liftpdf.com/why-liftpdf,https://liftpdf.com/contact,Contact,INTERNAL
https://liftpdf.com/terms,https://liftpdf.com/,LiftPDF,INTERNAL
https://liftpdf.com/terms,https://liftpdf.com/pdf-tools,PDF Tools,INTERNAL
https://liftpdf.com/terms,https://liftpdf.com/learn,Learn,INTERNAL
https://liftpdf.com/terms,https://liftpdf.com/jpg-to-pdf,Image to PDF,INTERNAL
https://liftpdf.com/terms,https://liftpdf.com/pdf-converter,Convert,INTERNAL
https://liftpdf.com/terms,https://liftpdf.com/pdf-editor,Edit,INTERNAL
https://liftpdf.com/terms,https://liftpdf.com/jpg-to-pdf,Start Now,INTERNAL
https://liftpdf.com/terms,https://liftpdf.com/pdf-tools,PDF Tools,INTERNAL
https://liftpdf.com/terms,https://liftpdf.com/learn,Learn,INTERNAL
https://liftpdf.com/terms,https://liftpdf.com/jpg-to-pdf,Image to PDF,INTERNAL
https://liftpdf.com/terms,https://liftpdf.com/pdf-converter,Convert,INTERNAL
https://liftpdf.com/terms,https://liftpdf.com/pdf-editor,Edit,INTERNAL
https://liftpdf.com/terms,https://liftpdf.com/jpg-to-pdf,Start Now,INTERNAL
https://liftpdf.com/terms,https://liftpdf.com/contact,Contact LiftPDF,INTERNAL
https://liftpdf.com/terms,https://liftpdf.com/,LiftPDF,INTERNAL
https://liftpdf.com/terms,https://liftpdf.com/pdf-tools,All PDF Tools,INTERNAL
https://liftpdf.com/terms,https://liftpdf.com/jpg-to-pdf,JPG to PDF,INTERNAL
https://liftpdf.com/terms,https://liftpdf.com/merge-pdf,Merge PDF,INTERNAL
https://liftpdf.com/terms,https://liftpdf.com/compress-pdf,Compress PDF,INTERNAL
https://liftpdf.com/terms,https://liftpdf.com/pdf-converter,Convert PDF,INTERNAL
https://liftpdf.com/terms,https://liftpdf.com/pdf-editor,Edit PDF,INTERNAL
https://liftpdf.com/terms,https://liftpdf.com/organize-pdf,Organize PDF,INTERNAL
https://liftpdf.com/terms,https://liftpdf.com/pdf-image-tools,Image Tools,INTERNAL
https://liftpdf.com/terms,https://liftpdf.com/pdf-security,Security,INTERNAL
https://liftpdf.com/terms,https://liftpdf.com/learn,Learning Center,INTERNAL
https://liftpdf.com/terms,https://liftpdf.com/guides,Guides,INTERNAL
https://liftpdf.com/terms,https://liftpdf.com/pdf-glossary,PDF Glossary,INTERNAL
https://liftpdf.com/terms,https://liftpdf.com/help,Help Center,INTERNAL
https://liftpdf.com/terms,https://liftpdf.com/privacy,Privacy,INTERNAL
https://liftpdf.com/terms,https://liftpdf.com/cookies,Cookies,INTERNAL
https://liftpdf.com/terms,https://liftpdf.com/security,Security,INTERNAL
https://liftpdf.com/terms,https://liftpdf.com/about,About,INTERNAL
https://liftpdf.com/terms,https://liftpdf.com/why-liftpdf,Why LiftPDF,INTERNAL
https://liftpdf.com/terms,https://liftpdf.com/terms,Terms,INTERNAL
https://liftpdf.com/terms,https://liftpdf.com/contact,Contact,INTERNAL
https://liftpdf.com/contact,https://liftpdf.com/,LiftPDF,INTERNAL
https://liftpdf.com/contact,https://liftpdf.com/pdf-tools,PDF Tools,INTERNAL
https://liftpdf.com/contact,https://liftpdf.com/learn,Learn,INTERNAL
https://liftpdf.com/contact,https://liftpdf.com/jpg-to-pdf,Image to PDF,INTERNAL
https://liftpdf.com/contact,https://liftpdf.com/pdf-converter,Convert,INTERNAL
https://liftpdf.com/contact,https://liftpdf.com/pdf-editor,Edit,INTERNAL
https://liftpdf.com/contact,https://liftpdf.com/jpg-to-pdf,Start Now,INTERNAL
https://liftpdf.com/contact,https://liftpdf.com/pdf-tools,PDF Tools,INTERNAL
https://liftpdf.com/contact,https://liftpdf.com/learn,Learn,INTERNAL
https://liftpdf.com/contact,https://liftpdf.com/jpg-to-pdf,Image to PDF,INTERNAL
https://liftpdf.com/contact,https://liftpdf.com/pdf-converter,Convert,INTERNAL
https://liftpdf.com/contact,https://liftpdf.com/pdf-editor,Edit,INTERNAL
https://liftpdf.com/contact,https://liftpdf.com/jpg-to-pdf,Start Now,INTERNAL
https://liftpdf.com/contact,https://liftpdf.com/security,Read the security overview,INTERNAL
https://liftpdf.com/contact,https://liftpdf.com/,LiftPDF,INTERNAL
https://liftpdf.com/contact,https://liftpdf.com/pdf-tools,All PDF Tools,INTERNAL
https://liftpdf.com/contact,https://liftpdf.com/jpg-to-pdf,JPG to PDF,INTERNAL
https://liftpdf.com/contact,https://liftpdf.com/merge-pdf,Merge PDF,INTERNAL
https://liftpdf.com/contact,https://liftpdf.com/compress-pdf,Compress PDF,INTERNAL
https://liftpdf.com/contact,https://liftpdf.com/pdf-converter,Convert PDF,INTERNAL
https://liftpdf.com/contact,https://liftpdf.com/pdf-editor,Edit PDF,INTERNAL
https://liftpdf.com/contact,https://liftpdf.com/organize-pdf,Organize PDF,INTERNAL
https://liftpdf.com/contact,https://liftpdf.com/pdf-image-tools,Image Tools,INTERNAL
https://liftpdf.com/contact,https://liftpdf.com/pdf-security,Security,INTERNAL
https://liftpdf.com/contact,https://liftpdf.com/learn,Learning Center,INTERNAL
https://liftpdf.com/contact,https://liftpdf.com/guides,Guides,INTERNAL
https://liftpdf.com/contact,https://liftpdf.com/pdf-glossary,PDF Glossary,INTERNAL
https://liftpdf.com/contact,https://liftpdf.com/help,Help Center,INTERNAL
https://liftpdf.com/contact,https://liftpdf.com/privacy,Privacy,INTERNAL
https://liftpdf.com/contact,https://liftpdf.com/cookies,Cookies,INTERNAL
https://liftpdf.com/contact,https://liftpdf.com/security,Security,INTERNAL
https://liftpdf.com/contact,https://liftpdf.com/about,About,INTERNAL
https://liftpdf.com/contact,https://liftpdf.com/why-liftpdf,Why LiftPDF,INTERNAL
https://liftpdf.com/contact,https://liftpdf.com/terms,Terms,INTERNAL
https://liftpdf.com/contact,https://liftpdf.com/contact,Contact,INTERNAL
https://liftpdf.com/learn,https://liftpdf.com/,LiftPDF,INTERNAL
https://liftpdf.com/learn,https://liftpdf.com/pdf-tools,PDF Tools,INTERNAL
https://liftpdf.com/learn,https://liftpdf.com/learn,Learn,INTERNAL
https://liftpdf.com/learn,https://liftpdf.com/jpg-to-pdf,Image to PDF,INTERNAL
https://liftpdf.com/learn,https://liftpdf.com/pdf-converter,Convert,INTERNAL
https://liftpdf.com/learn,https://liftpdf.com/pdf-editor,Edit,INTERNAL
https://liftpdf.com/learn,https://liftpdf.com/jpg-to-pdf,Start Now,INTERNAL
https://liftpdf.com/learn,https://liftpdf.com/pdf-tools,PDF Tools,INTERNAL
https://liftpdf.com/learn,https://liftpdf.com/learn,Learn,INTERNAL
https://liftpdf.com/learn,https://liftpdf.com/jpg-to-pdf,Image to PDF,INTERNAL
https://liftpdf.com/learn,https://liftpdf.com/pdf-converter,Convert,INTERNAL
https://liftpdf.com/learn,https://liftpdf.com/pdf-editor,Edit,INTERNAL
https://liftpdf.com/learn,https://liftpdf.com/jpg-to-pdf,Start Now,INTERNAL
https://liftpdf.com/learn,https://liftpdf.com/guides,Browse guides,INTERNAL
https://liftpdf.com/learn,https://liftpdf.com/pdf-tools,Explore PDF tools,INTERNAL
https://liftpdf.com/learn,https://liftpdf.com/guides/what-is-a-pdf,What Is a PDF?,INTERNAL
https://liftpdf.com/learn,https://liftpdf.com/guides/scanned-pdf-vs-searchable-pdf,Scanned vs Searchable PDF,INTERNAL
https://liftpdf.com/learn,https://liftpdf.com/guides/jpg-vs-png,JPG vs PNG,INTERNAL
https://liftpdf.com/learn,https://liftpdf.com/pdf-glossary,PDF Glossary,INTERNAL
https://liftpdf.com/learn,https://liftpdf.com/guides/how-to-merge-pdf,How to Merge PDF Files,INTERNAL
https://liftpdf.com/learn,https://liftpdf.com/guides/how-to-extract-pages-from-pdf,Extract Pages From a PDF,INTERNAL
https://liftpdf.com/learn,https://liftpdf.com/guides/how-to-reduce-pdf-file-size-for-email,Reduce PDF Size for Email,INTERNAL
https://liftpdf.com/learn,https://liftpdf.com/guides/how-to-organize-pdf-pages-before-sending,Organize Pages Before Sending,INTERNAL
https://liftpdf.com/learn,https://liftpdf.com/guides/what-is-browser-based-pdf-processing,Browser-Based Processing,INTERNAL
https://liftpdf.com/learn,https://liftpdf.com/guides/what-is-a-password-protected-pdf,Password-Protected PDFs,INTERNAL
https://liftpdf.com/learn,https://liftpdf.com/guides/why-a-pdf-is-password-protected,Why a PDF Is Password Protected,INTERNAL
https://liftpdf.com/learn,https://liftpdf.com/learn/pdf-security,PDF Security Hub,INTERNAL
https://liftpdf.com/learn,https://liftpdf.com/guides,View all guides,INTERNAL
https://liftpdf.com/learn,https://liftpdf.com/guides/how-to-extract-pages-from-pdf,"Organize PDFGuideHow to Extract Pages From a PDFThe fastest way to extract PDF pages is to preview the document, select the pages you need, and export those pages into a new PDF. LiftPDF does this in your browser, so the file does not need to be uploaded to a server.4 min readRead guide",INTERNAL
https://liftpdf.com/learn,https://liftpdf.com/guides/how-to-merge-pdf,"Organize PDFGuideHow to Merge PDF FilesMerging PDFs means combining two or more PDF documents into one file. The key is to upload the files, check their order, merge them, and download a single PDF that keeps every page in sequence.4 min readRead guide",INTERNAL
https://liftpdf.com/learn,https://liftpdf.com/guides/how-to-convert-jpg-to-pdf,"PDF and ImagesGuideHow to Convert JPG to PDFThe cleanest JPG to PDF workflow is simple: add your images, check the live PDF preview, choose page settings and export one document.4 min readRead guide",INTERNAL
https://liftpdf.com/learn,https://liftpdf.com/guides/what-is-browser-based-pdf-processing,PDF SecurityFoundationWhat Is Browser-Based PDF Processing?Browser-based PDF processing means the browser performs the PDF task on your device instead of sending the file to a backend upload queue.5 min readRead guide,INTERNAL
https://liftpdf.com/learn,https://liftpdf.com/learn/pdf-basics,"PDF BasicsUnderstand how PDF files work, what they preserve and when a PDF task needs conversion, compression or OCR.",INTERNAL
https://liftpdf.com/learn,https://liftpdf.com/learn/convert-pdf,"Convert PDFConvert between PDF, images and text while keeping the workflow honest about quality and OCR limits.",INTERNAL
https://liftpdf.com/learn,https://liftpdf.com/learn/organize-pdf,"Organize PDFMerge, split, delete, extract and reorder PDF pages without changing the document more than necessary.",INTERNAL
https://liftpdf.com/learn,https://liftpdf.com/learn/edit-pdf,"Edit PDFLearn practical PDF edits such as rotating pages, adding page numbers, watermarking and reducing file size.",INTERNAL
https://liftpdf.com/learn,https://liftpdf.com/learn/pdf-security,"PDF SecurityUnderstand password-protected PDFs, encryption, unlocking with a known password and browser-based privacy.",INTERNAL
https://liftpdf.com/learn,https://liftpdf.com/learn/pdf-images,"PDF and ImagesLearn when to use JPG, PNG, PDF pages and image conversion without losing the point of the original file.",INTERNAL
https://liftpdf.com/learn,https://liftpdf.com/learn/troubleshooting,"TroubleshootingFind practical explanations for failed conversions, protected PDFs, blank pages, huge files and scanned documents.",INTERNAL
https://liftpdf.com/learn,https://liftpdf.com/learn/comparisons,"ComparisonsCompare formats, tools and workflows so you do not convert or edit more than necessary.",INTERNAL
https://liftpdf.com/learn,https://liftpdf.com/guides/how-to-merge-pdf,"How to Merge PDF FilesMerging PDFs means combining two or more PDF documents into one file. The key is to upload the files, check their order, merge them, and download a single PDF that keeps every page in sequence.",INTERNAL
https://liftpdf.com/learn,https://liftpdf.com/guides/merge-multiple-pdf-files,"How to Merge Multiple PDF FilesWhen merging several PDFs, the challenge is not the button. The challenge is keeping the final document organized. Use file order, page counts and previews to confirm the sequence before export.",INTERNAL
https://liftpdf.com/learn,https://liftpdf.com/guides/how-to-prepare-a-pdf-for-online-submission,"How to Prepare a PDF for Online SubmissionA submission-ready PDF should have the right pages, readable quality, acceptable file size and no password unless the portal asks for one.",INTERNAL
https://liftpdf.com/learn,https://liftpdf.com/guides/prepare-pdf-for-email,"How to Prepare a PDF for EmailA good email PDF is the right file, small enough to attach, readable and not password-protected unless the recipient expects it.",INTERNAL
https://liftpdf.com/learn,https://liftpdf.com/guides/split-pdf-into-separate-pages,How to Split a PDF Into Separate PagesSplit every page when each page needs to become its own PDF. Use Extract Pages when selected pages should stay together in one file.,INTERNAL
https://liftpdf.com/learn,https://liftpdf.com/guides/save-selected-pages-from-pdf,How to Save Selected Pages From a PDFUse Extract Pages when the selected pages should become one clean PDF copy and the original file should remain unchanged.,INTERNAL
https://liftpdf.com/learn,https://liftpdf.com/guides/how-to-compress-pdf-without-losing-quality,"How to Compress a PDF Without Losing QualityThe safest compression workflow is to remove unnecessary pages first, compress once, then check readability instead of repeatedly shrinking the same file.",INTERNAL
https://liftpdf.com/learn,https://liftpdf.com/guides/how-to-convert-pdf-to-jpg,"How to Convert PDF to JPGUse PDF to JPG when you need page previews, photo-friendly images or shareable page snapshots rather than editable PDF pages.",INTERNAL
https://liftpdf.com/learn,https://liftpdf.com/guides/make-pdf-smaller-for-upload,"How to Make a PDF Smaller for UploadUpload portals usually reject PDFs because of size, password protection, missing pages or unreadable scans. Fix the structure first, then compress.",INTERNAL
https://liftpdf.com/learn,https://liftpdf.com/guides/convert-receipts-to-pdf,"How to Convert Receipts to PDFReceipt PDFs are easiest to review when photos are clear, cropped, ordered and exported as one document instead of loose images.",INTERNAL
https://liftpdf.com/learn,https://liftpdf.com/guides/remove-blank-pages-from-pdf,"How to Remove Blank Pages From a PDFBlank pages make PDFs look unfinished and increase file size. Remove them before merging, compressing or sending the file.",INTERNAL
https://liftpdf.com/learn,https://liftpdf.com/guides/delete-pages-from-pdf-before-sending,"Delete Pages From a PDF Before Sending ItBefore sending a PDF, remove pages the recipient should not see, then review the cleaned output from first page to last.",INTERNAL
https://liftpdf.com/learn,https://liftpdf.com/guides/how-to-copy-text-from-pdf,"How to Copy Text From a PDFIf a PDF contains selectable text, you can extract and copy it. If it is image-only, OCR is required before text can be copied.",INTERNAL
https://liftpdf.com/learn,https://liftpdf.com/guides/how-to-convert-multiple-jpg-to-pdf,"How to Convert Multiple JPG Files to One PDFWhen several images belong together, convert them into one PDF instead of sending a loose batch of attachments.",INTERNAL
https://liftpdf.com/learn,https://liftpdf.com/guides/how-to-turn-phone-photos-into-a-pdf,"How to Turn Phone Photos Into a PDFUse the original phone photos, put them in order, choose a page layout and export one PDF instead of sending loose images.",INTERNAL
https://liftpdf.com/learn,https://liftpdf.com/guides/extract-multiple-pages-from-pdf,"How to Extract Multiple Pages From a PDFTo extract multiple pages, select each thumbnail you want to keep and export them together. LiftPDF keeps the selected pages in their original order.",INTERNAL
https://liftpdf.com/learn,https://liftpdf.com/guides/what-is-a-password-protected-pdf,What Is a Password-Protected PDF?A password-protected PDF is encrypted so the document requires a password before it can be opened or changed.,INTERNAL
https://liftpdf.com/learn,https://liftpdf.com/guides/why-cant-i-merge-pdf-files,"Why Can't I Merge PDF Files?PDF merging usually fails for a practical reason: the file is protected, damaged, too large for the device, not really a PDF, or blocked by browser limits.",INTERNAL
https://liftpdf.com/learn,https://liftpdf.com/guides/why-cant-i-merge-protected-pdfs,"Why Can't I Merge Protected PDFs?Protected PDFs are encrypted so tools cannot read their pages without the correct password. To merge them, unlock the file first if you are authorized.",INTERNAL
https://liftpdf.com/learn,https://liftpdf.com/guides/why-is-my-pdf-too-large,"Why Is My PDF Too Large?PDFs usually become large because of scans, high-resolution photos, embedded fonts, attachments or unnecessary pages.",INTERNAL
https://liftpdf.com/learn,https://liftpdf.com/guides/why-cant-i-copy-text-from-pdf,"Why Can't I Copy Text From a PDF?You may not be able to copy text because the PDF is scanned, image-based, protected, damaged or does not contain a usable text layer.",INTERNAL
https://liftpdf.com/learn,https://liftpdf.com/guides/password-protected-pdf-not-opening,"Password-Protected PDF Not OpeningA protected PDF may fail to open because the password is wrong, the file is damaged, the download is incomplete or the viewer does not support the file correctly.",INTERNAL
https://liftpdf.com/learn,https://liftpdf.com/guides/why-pdf-text-extraction-fails,"Why PDF Text Extraction FailsText extraction can fail when a PDF has no selectable text, is protected, is damaged or stores text in an unusual visual order.",INTERNAL
https://liftpdf.com/learn,https://liftpdf.com/guides/why-is-my-jpg-blurry-after-pdf,"Why Is My JPG Blurry After PDF Conversion?Blurry PDF output usually comes from low source resolution, over-compression, excessive scaling or viewer zoom behavior.",INTERNAL
https://liftpdf.com/learn,https://liftpdf.com/guides/why-are-pdf-to-jpg-images-blurry,"Why Are My PDF to JPG Images Blurry?Blurry PDF to JPG exports usually come from low render quality, small source scans, JPG compression or enlarging the output after export.",INTERNAL
https://liftpdf.com/learn,https://liftpdf.com/guides/why-pdf-opens-blank,"Why a PDF Opens Blank and How to Fix ItA blank-looking PDF can be damaged, encrypted, partially downloaded, image-only with rendering issues or created by an app with unusual layers.",INTERNAL
https://liftpdf.com/learn,https://liftpdf.com/guides/why-is-my-pdf-too-large-after-converting-jpg,Why Is My PDF Too Large After Converting JPG?Large image PDFs are usually caused by many high-resolution photos. The PDF has to carry the pixels you put into it.,INTERNAL
https://liftpdf.com/learn,https://liftpdf.com/guides/scanned-pdf-vs-searchable-pdf,Scanned PDF vs Searchable PDFA scanned PDF is usually made of page images. A searchable PDF contains selectable text that can be copied or extracted.,INTERNAL
https://liftpdf.com/learn,https://liftpdf.com/pdf-glossary#pdf,PDF,INTERNAL
https://liftpdf.com/learn,https://liftpdf.com/pdf-glossary#pdf-a,PDF/A,INTERNAL
https://liftpdf.com/learn,https://liftpdf.com/pdf-glossary#ocr,OCR,INTERNAL
https://liftpdf.com/learn,https://liftpdf.com/pdf-glossary#metadata,Metadata,INTERNAL
https://liftpdf.com/learn,https://liftpdf.com/pdf-glossary#compression,Compression,INTERNAL
https://liftpdf.com/learn,https://liftpdf.com/pdf-glossary#encryption,Encryption,INTERNAL
https://liftpdf.com/learn,https://liftpdf.com/pdf-glossary#password-protection,Password protection,INTERNAL
https://liftpdf.com/learn,https://liftpdf.com/pdf-glossary#page-range,Page range,INTERNAL
https://liftpdf.com/learn,https://liftpdf.com/pdf-glossary#raster-image,Raster image,INTERNAL
https://liftpdf.com/learn,https://liftpdf.com/pdf-glossary#vector-image,Vector image,INTERNAL
https://liftpdf.com/learn,https://liftpdf.com/pdf-glossary,Open PDF Glossary,INTERNAL
https://liftpdf.com/learn,https://liftpdf.com/guides/what-is-browser-based-pdf-processing,Learn how it works,INTERNAL
https://liftpdf.com/learn,https://liftpdf.com/help,Open Help Center,INTERNAL
https://liftpdf.com/learn,https://liftpdf.com/,LiftPDF,INTERNAL
https://liftpdf.com/learn,https://liftpdf.com/pdf-tools,All PDF Tools,INTERNAL
https://liftpdf.com/learn,https://liftpdf.com/jpg-to-pdf,JPG to PDF,INTERNAL
https://liftpdf.com/learn,https://liftpdf.com/merge-pdf,Merge PDF,INTERNAL
https://liftpdf.com/learn,https://liftpdf.com/compress-pdf,Compress PDF,INTERNAL
https://liftpdf.com/learn,https://liftpdf.com/pdf-converter,Convert PDF,INTERNAL
https://liftpdf.com/learn,https://liftpdf.com/pdf-editor,Edit PDF,INTERNAL
https://liftpdf.com/learn,https://liftpdf.com/organize-pdf,Organize PDF,INTERNAL
https://liftpdf.com/learn,https://liftpdf.com/pdf-image-tools,Image Tools,INTERNAL
https://liftpdf.com/learn,https://liftpdf.com/pdf-security,Security,INTERNAL
https://liftpdf.com/learn,https://liftpdf.com/learn,Learning Center,INTERNAL
https://liftpdf.com/learn,https://liftpdf.com/guides,Guides,INTERNAL
https://liftpdf.com/learn,https://liftpdf.com/pdf-glossary,PDF Glossary,INTERNAL
https://liftpdf.com/learn,https://liftpdf.com/help,Help Center,INTERNAL
https://liftpdf.com/learn,https://liftpdf.com/privacy,Privacy,INTERNAL
https://liftpdf.com/learn,https://liftpdf.com/cookies,Cookies,INTERNAL
https://liftpdf.com/learn,https://liftpdf.com/security,Security,INTERNAL
https://liftpdf.com/learn,https://liftpdf.com/about,About,INTERNAL
https://liftpdf.com/learn,https://liftpdf.com/why-liftpdf,Why LiftPDF,INTERNAL
https://liftpdf.com/learn,https://liftpdf.com/terms,Terms,INTERNAL
https://liftpdf.com/learn,https://liftpdf.com/contact,Contact,INTERNAL
https://liftpdf.com/guides,https://liftpdf.com/,LiftPDF,INTERNAL
https://liftpdf.com/guides,https://liftpdf.com/pdf-tools,PDF Tools,INTERNAL
https://liftpdf.com/guides,https://liftpdf.com/learn,Learn,INTERNAL
https://liftpdf.com/guides,https://liftpdf.com/jpg-to-pdf,Image to PDF,INTERNAL
https://liftpdf.com/guides,https://liftpdf.com/pdf-converter,Convert,INTERNAL
https://liftpdf.com/guides,https://liftpdf.com/pdf-editor,Edit,INTERNAL
https://liftpdf.com/guides,https://liftpdf.com/jpg-to-pdf,Start Now,INTERNAL
https://liftpdf.com/guides,https://liftpdf.com/pdf-tools,PDF Tools,INTERNAL
https://liftpdf.com/guides,https://liftpdf.com/learn,Learn,INTERNAL
https://liftpdf.com/guides,https://liftpdf.com/jpg-to-pdf,Image to PDF,INTERNAL
https://liftpdf.com/guides,https://liftpdf.com/pdf-converter,Convert,INTERNAL
https://liftpdf.com/guides,https://liftpdf.com/pdf-editor,Edit,INTERNAL
https://liftpdf.com/guides,https://liftpdf.com/jpg-to-pdf,Start Now,INTERNAL
https://liftpdf.com/guides,https://liftpdf.com/learn,Learning Center,INTERNAL
https://liftpdf.com/guides,https://liftpdf.com/pdf-tools,Open PDF tools,INTERNAL
https://liftpdf.com/guides,https://liftpdf.com/guides/what-is-a-pdf,"Featured articleWhat Is a PDF?A PDF is a document format designed to keep pages looking consistent across devices, apps and operating systems.Read the guide",INTERNAL
https://liftpdf.com/guides,https://liftpdf.com/learn/organize-pdf,"Popular PDF tasksMerge, extract, compress and prepare files without guessing.",INTERNAL
https://liftpdf.com/guides,https://liftpdf.com/learn/troubleshooting,"Troubleshooting cornerFix blank PDFs, protected files, huge PDFs and blurry image output.",INTERNAL
https://liftpdf.com/guides,https://liftpdf.com/learn/comparisons,"Format comparisonsChoose between PDF, JPG, PNG and related workflows.",INTERNAL
https://liftpdf.com/guides,https://liftpdf.com/guides/how-to-extract-pages-from-pdf,"Organize PDFGuideHow to Extract Pages From a PDFThe fastest way to extract PDF pages is to preview the document, select the pages you need, and export those pages into a new PDF. LiftPDF does this in your browser, so the file does not need to be uploaded to a server.4 min readRead guide",INTERNAL
https://liftpdf.com/guides,https://liftpdf.com/guides/how-to-merge-pdf,"Organize PDFGuideHow to Merge PDF FilesMerging PDFs means combining two or more PDF documents into one file. The key is to upload the files, check their order, merge them, and download a single PDF that keeps every page in sequence.4 min readRead guide",INTERNAL
https://liftpdf.com/guides,https://liftpdf.com/guides/how-to-convert-jpg-to-pdf,"PDF and ImagesGuideHow to Convert JPG to PDFThe cleanest JPG to PDF workflow is simple: add your images, check the live PDF preview, choose page settings and export one document.4 min readRead guide",INTERNAL
https://liftpdf.com/guides,https://liftpdf.com/guides/what-is-browser-based-pdf-processing,PDF SecurityFoundationWhat Is Browser-Based PDF Processing?Browser-based PDF processing means the browser performs the PDF task on your device instead of sending the file to a backend upload queue.5 min readRead guide,INTERNAL
https://liftpdf.com/guides,https://liftpdf.com/guides/add-page-numbers-before-sharing-pdf,Organize PDFAdd Page Numbers Before Sharing a PDF6 min read,INTERNAL
https://liftpdf.com/guides,https://liftpdf.com/guides/compress-pdf-for-email,PDF BasicsCompress PDF for Email6 min read,INTERNAL
https://liftpdf.com/guides,https://liftpdf.com/guides/delete-pages-from-pdf-before-sending,Organize PDFDelete Pages From a PDF Before Sending It6 min read,INTERNAL
https://liftpdf.com/guides,https://liftpdf.com/guides/extract-text-from-pdf-without-ocr,Convert PDFExtract Text From PDF Without OCR6 min read,INTERNAL
https://liftpdf.com/guides,https://liftpdf.com/guides/add-confidential-watermark-to-pdf,PDF SecurityHow to Add a Confidential Watermark to a PDF6 min read,INTERNAL
https://liftpdf.com/guides,https://liftpdf.com/guides/add-page-numbers-to-pdf-report,Organize PDFHow to Add Page Numbers to a PDF Report6 min read,INTERNAL
https://liftpdf.com/guides,https://liftpdf.com/guides/extract-pages-from-scanned-pdf,TroubleshootingHow to Extract Pages From a Scanned PDF4 min read,INTERNAL
https://liftpdf.com/guides,https://liftpdf.com/guides/reduce-scanned-pdf-size,TroubleshootingHow to Reduce Scanned PDF File Size7 min read,INTERNAL
https://liftpdf.com/guides,https://liftpdf.com/guides/password-protected-pdf-not-opening,TroubleshootingPassword-Protected PDF Not Opening6 min read,INTERNAL
https://liftpdf.com/guides,https://liftpdf.com/guides/why-pdf-opens-blank,TroubleshootingWhy a PDF Opens Blank and How to Fix It6 min read,INTERNAL
https://liftpdf.com/guides,https://liftpdf.com/guides/why-are-pdf-to-jpg-images-blurry,TroubleshootingWhy Are My PDF to JPG Images Blurry?6 min read,INTERNAL
https://liftpdf.com/guides,https://liftpdf.com/guides/compress-pdf-for-email,PDF BasicsCompress PDF for Email6 min read,INTERNAL
https://liftpdf.com/guides,https://liftpdf.com/guides/how-to-compress-pdf-without-losing-quality,PDF BasicsHow to Compress a PDF Without Losing Quality7 min read,INTERNAL
https://liftpdf.com/guides,https://liftpdf.com/guides/make-pdf-smaller-for-upload,PDF BasicsHow to Make a PDF Smaller for Upload6 min read,INTERNAL
https://liftpdf.com/guides,https://liftpdf.com/guides/prepare-pdf-for-email,PDF BasicsHow to Prepare a PDF for Email6 min read,INTERNAL
https://liftpdf.com/guides,https://liftpdf.com/guides/how-to-prepare-a-pdf-for-online-submission,PDF BasicsHow to Prepare a PDF for Online Submission7 min read,INTERNAL
https://liftpdf.com/guides,https://liftpdf.com/guides/extract-pages-vs-split-pdf,ComparisonsExtract Pages vs Split PDF4 min read,INTERNAL
https://liftpdf.com/guides,https://liftpdf.com/guides/add-page-numbers-before-sharing-pdf,"Organize PDFFoundationAdd Page Numbers Before Sharing a PDFPage numbers help recipients discuss and review a PDF, especially when it contains reports, attachments or application packets.6 min readRead guide",INTERNAL
https://liftpdf.com/guides,https://liftpdf.com/guides/compress-pdf-for-email,"PDF BasicsFoundationCompress PDF for EmailEmail-friendly PDFs should be small enough to attach, readable enough to review and not password-protected unless the recipient expects it.6 min readRead guide",INTERNAL
https://liftpdf.com/guides,https://liftpdf.com/guides/delete-pages-from-pdf-before-sending,"Organize PDFFoundationDelete Pages From a PDF Before Sending ItBefore sending a PDF, remove pages the recipient should not see, then review the cleaned output from first page to last.6 min readRead guide",INTERNAL
https://liftpdf.com/guides,https://liftpdf.com/guides/extract-pages-vs-split-pdf,ComparisonsComparisonExtract Pages vs Split PDFUse Extract Pages when you want one new PDF containing selected pages. Use Split PDF when you want ranges or separate files. Use Delete Pages when most of the document should stay.4 min readRead guide,INTERNAL
https://liftpdf.com/guides,https://liftpdf.com/guides/extract-text-from-pdf-without-ocr,Convert PDFFoundationExtract Text From PDF Without OCRYou can extract text without OCR only when the PDF already contains selectable text or a text layer.6 min readRead guide,INTERNAL
https://liftpdf.com/guides,https://liftpdf.com/guides/jpg-to-pdf-free,"PDF and ImagesGuideFree JPG to PDF ConverterA free JPG to PDF converter should let you create the document, download it and move on without adding watermarks or account friction.4 min readRead guide",INTERNAL
https://liftpdf.com/guides,https://liftpdf.com/guides/add-confidential-watermark-to-pdf,"PDF SecurityFoundationHow to Add a Confidential Watermark to a PDFA watermark labels a document visually. It is useful for drafts and confidential copies, but it is not the same as password protection.6 min readRead guide",INTERNAL
https://liftpdf.com/guides,https://liftpdf.com/guides/add-page-numbers-to-pdf-report,"Organize PDFFoundationHow to Add Page Numbers to a PDF ReportAdd page numbers after merging, deleting and reordering pages so the numbering matches the final PDF.6 min readRead guide",INTERNAL
https://liftpdf.com/guides,https://liftpdf.com/guides/how-to-combine-scanned-documents-into-one-pdf,"Organize PDFFoundationHow to Combine Scanned Documents Into One PDFCombine scans by checking page order first, converting photos to PDF if needed, then merging the final PDFs into one document.7 min readRead guide",INTERNAL
https://liftpdf.com/guides,https://liftpdf.com/guides/combine-screenshots-into-pdf,"PDF and ImagesFoundationHow to Combine Screenshots Into One PDFScreenshots become easier to share when they are ordered, converted to PDF and checked for readable text.6 min readRead guide",INTERNAL
https://liftpdf.com/guides,https://liftpdf.com/guides/how-to-compress-pdf-without-losing-quality,"PDF BasicsFoundationHow to Compress a PDF Without Losing QualityThe safest compression workflow is to remove unnecessary pages first, compress once, then check readability instead of repeatedly shrinking the same file.7 min readRead guide",INTERNAL
https://liftpdf.com/guides,https://liftpdf.com/guides/how-to-convert-jpg-to-pdf,"PDF and ImagesGuideHow to Convert JPG to PDFThe cleanest JPG to PDF workflow is simple: add your images, check the live PDF preview, choose page settings and export one document.4 min readRead guide",INTERNAL
https://liftpdf.com/guides,https://liftpdf.com/guides/jpg-to-pdf-without-adobe,"PDF and ImagesGuideHow to Convert JPG to PDF Without AdobeAdobe Acrobat is powerful, but you do not always need a full PDF suite just to turn JPG images into a document.4 min readRead guide",INTERNAL
https://liftpdf.com/guides,https://liftpdf.com/guides/how-to-convert-jpg-to-pdf-without-losing-quality,"PDF and ImagesGuideHow to Convert JPG to PDF Without Losing QualityA sharp PDF starts with a sharp JPG. The best settings preserve the full image, avoid unnecessary margins and do not enlarge a low-resolution source.4 min readRead guide",INTERNAL
https://liftpdf.com/guides,https://liftpdf.com/guides/how-to-convert-multiple-jpg-to-pdf,"PDF and ImagesGuideHow to Convert Multiple JPG Files to One PDFWhen several images belong together, convert them into one PDF instead of sending a loose batch of attachments.4 min readRead guide",INTERNAL
https://liftpdf.com/guides,https://liftpdf.com/guides/how-to-convert-pdf-to-jpg,"Convert PDFFoundationHow to Convert PDF to JPGUse PDF to JPG when you need page previews, photo-friendly images or shareable page snapshots rather than editable PDF pages.6 min readRead guide",INTERNAL
https://liftpdf.com/guides,https://liftpdf.com/guides/how-to-convert-pdf-to-png,"Convert PDFFoundationHow to Convert PDF to PNGUse PDF to PNG when sharp edges, screenshots, diagrams or text-heavy page images matter more than the smallest image file size.6 min readRead guide",INTERNAL
https://liftpdf.com/guides,https://liftpdf.com/guides/convert-receipts-to-pdf,"PDF and ImagesFoundationHow to Convert Receipts to PDFReceipt PDFs are easiest to review when photos are clear, cropped, ordered and exported as one document instead of loose images.6 min readRead guide",INTERNAL
https://liftpdf.com/guides,https://liftpdf.com/guides/how-to-copy-text-from-pdf,"Convert PDFFoundationHow to Copy Text From a PDFIf a PDF contains selectable text, you can extract and copy it. If it is image-only, OCR is required before text can be copied.6 min readRead guide",INTERNAL
https://liftpdf.com/guides,https://liftpdf.com/guides/extract-multiple-pages-from-pdf,"Organize PDFGuideHow to Extract Multiple Pages From a PDFTo extract multiple pages, select each thumbnail you want to keep and export them together. LiftPDF keeps the selected pages in their original order.4 min readRead guide",INTERNAL
https://liftpdf.com/guides,https://liftpdf.com/guides/extract-one-page-from-pdf,"Organize PDFGuideHow to Extract One Page From a PDFTo extract one page, upload the PDF, select exactly one page thumbnail, and export. The result is a new PDF containing only that selected page.4 min readRead guide",INTERNAL
https://liftpdf.com/guides,https://liftpdf.com/guides/extract-pages-from-password-protected-pdf,"PDF SecurityProblemHow to Extract Pages From a Password Protected PDFIf a PDF is encrypted, you need the correct password before extracting pages. LiftPDF does not bypass passwords; it only works with files you can legally open.4 min readRead guide",INTERNAL
https://liftpdf.com/guides,https://liftpdf.com/guides/how-to-extract-pages-from-pdf,"Organize PDFGuideHow to Extract Pages From a PDFThe fastest way to extract PDF pages is to preview the document, select the pages you need, and export those pages into a new PDF. LiftPDF does this in your browser, so the file does not need to be uploaded to a server.4 min readRead guide",INTERNAL
https://liftpdf.com/guides,https://liftpdf.com/guides/extract-pages-from-scanned-pdf,TroubleshootingProblemHow to Extract Pages From a Scanned PDFYou can extract whole pages from a scanned PDF because the page is copied as part of the PDF. OCR is only needed if you want to extract editable text from the scanned image.4 min readRead guide,INTERNAL
https://liftpdf.com/guides,https://liftpdf.com/guides/extract-pdf-pages-for-email,"Organize PDFFoundationHow to Extract PDF Pages for EmailIf only a few pages are relevant, extracting them can create a smaller, clearer email attachment than sending the entire PDF.6 min readRead guide",INTERNAL
https://liftpdf.com/guides,https://liftpdf.com/guides/extract-pdf-pages-without-adobe,Organize PDFGuideHow to Extract PDF Pages Without AdobeYou do not need Adobe Acrobat for basic page extraction. LiftPDF lets you select PDF pages and export them in your browser.4 min readRead guide,INTERNAL
https://liftpdf.com/guides,https://liftpdf.com/guides/fix-pdf-pages-out-of-order,"Organize PDFFoundationHow to Fix PDF Pages Out of OrderWhen PDF pages are out of order, reorder the pages visually before adding page numbers, watermarking or sending the document.6 min readRead guide",INTERNAL
https://liftpdf.com/guides,https://liftpdf.com/guides/how-to-keep-original-image-quality,"PDF and ImagesProblemHow to Keep Original Image Quality in PDFTo keep original quality, avoid unnecessary resizing. Match the PDF page to the image when possible and use the cleanest source JPG.4 min readRead guide",INTERNAL
https://liftpdf.com/guides,https://liftpdf.com/guides/how-to-keep-pdf-images-sharp,PDF and ImagesFoundationHow to Keep PDF Images SharpSharp PDF images start with high-resolution source files and layout settings that do not stretch or repeatedly recompress them.6 min readRead guide,INTERNAL
https://liftpdf.com/guides,https://liftpdf.com/guides/make-pdf-smaller-for-upload,"PDF BasicsFoundationHow to Make a PDF Smaller for UploadUpload portals usually reject PDFs because of size, password protection, missing pages or unreadable scans. Fix the structure first, then compress.6 min readRead guide",INTERNAL
https://liftpdf.com/guides,https://liftpdf.com/guides/merge-multiple-pdf-files,"Organize PDFGuideHow to Merge Multiple PDF FilesWhen merging several PDFs, the challenge is not the button. The challenge is keeping the final document organized. Use file order, page counts and previews to confirm the sequence before export.4 min readRead guide",INTERNAL
https://liftpdf.com/guides,https://liftpdf.com/guides/how-to-merge-pdf,"Organize PDFGuideHow to Merge PDF FilesMerging PDFs means combining two or more PDF documents into one file. The key is to upload the files, check their order, merge them, and download a single PDF that keeps every page in sequence.4 min readRead guide",INTERNAL
https://liftpdf.com/guides,https://liftpdf.com/guides/merge-pdf-without-adobe,"Organize PDFGuideHow to Merge PDF Files Without AdobeYou do not need Adobe Acrobat for a basic PDF merge. If your files are readable PDFs, LiftPDF can combine them in the browser and download one merged document.4 min readRead guide",INTERNAL
https://liftpdf.com/guides,https://liftpdf.com/guides/merge-two-pdf-files,"Organize PDFGuideHow to Merge Two PDF FilesTo merge two PDFs, upload both files, place the first document above the second, and export one combined PDF. The final file follows the order shown in the list.4 min readRead guide",INTERNAL
https://liftpdf.com/guides,https://liftpdf.com/guides/organize-pdf-before-printing,"Organize PDFFoundationHow to Organize a PDF Before PrintingPrint-ready PDFs should have the right pages, correct order, readable orientation and page numbers added only after the layout is final.6 min readRead guide",INTERNAL
https://liftpdf.com/guides,https://liftpdf.com/guides/how-to-organize-pdf-pages-before-sending,"Organize PDFFoundationHow to Organize PDF Pages Before SendingOrganize pages before sending by deciding whether the final task is reorder, delete, extract, split or merge.6 min readRead guide",INTERNAL
https://liftpdf.com/guides,https://liftpdf.com/guides/prepare-pdf-for-email,"PDF BasicsFoundationHow to Prepare a PDF for EmailA good email PDF is the right file, small enough to attach, readable and not password-protected unless the recipient expects it.6 min readRead guide",INTERNAL
https://liftpdf.com/guides,https://liftpdf.com/guides/how-to-prepare-a-pdf-for-online-submission,"PDF BasicsFoundationHow to Prepare a PDF for Online SubmissionA submission-ready PDF should have the right pages, readable quality, acceptable file size and no password unless the portal asks for one.7 min readRead guide",INTERNAL
https://liftpdf.com/guides,https://liftpdf.com/guides/protect-pdf-before-sending,"PDF SecurityFoundationHow to Protect a PDF Before Sending ItProtect a PDF when the recipient needs a password to open it, then send the password through a separate trusted channel.6 min readRead guide",INTERNAL
https://liftpdf.com/guides,https://liftpdf.com/guides/how-to-reduce-pdf-file-size-for-email,"PDF BasicsFoundationHow to Reduce PDF File Size for EmailStart by removing pages you do not need, then compress the PDF once and check readability before sending.6 min readRead guide",INTERNAL
https://liftpdf.com/guides,https://liftpdf.com/guides/reduce-scanned-pdf-size,TroubleshootingFoundationHow to Reduce Scanned PDF File SizeScanned PDFs are often large because every page is stored as an image. Reduce size carefully and check whether the scan remains readable.7 min readRead guide,INTERNAL
https://liftpdf.com/guides,https://liftpdf.com/guides/remove-blank-pages-from-pdf,"Organize PDFFoundationHow to Remove Blank Pages From a PDFBlank pages make PDFs look unfinished and increase file size. Remove them before merging, compressing or sending the file.6 min readRead guide",INTERNAL
https://liftpdf.com/guides,https://liftpdf.com/guides/rotate-scanned-pdf-pages,Organize PDFFoundationHow to Rotate Scanned PDF PagesScanned PDF pages can appear sideways after scanning. Rotate the affected pages before sharing or adding page numbers.6 min readRead guide,INTERNAL
https://liftpdf.com/guides,https://liftpdf.com/guides/save-selected-pages-from-pdf,Organize PDFFoundationHow to Save Selected Pages From a PDFUse Extract Pages when the selected pages should become one clean PDF copy and the original file should remain unchanged.6 min readRead guide,INTERNAL
https://liftpdf.com/guides,https://liftpdf.com/guides/split-pdf-by-page-range,Organize PDFFoundationHow to Split a PDF by Page RangePage ranges let you export only the sections you need without manually deleting every other page.6 min readRead guide,INTERNAL
https://liftpdf.com/guides,https://liftpdf.com/guides/split-pdf-into-separate-pages,Organize PDFFoundationHow to Split a PDF Into Separate PagesSplit every page when each page needs to become its own PDF. Use Extract Pages when selected pages should stay together in one file.6 min readRead guide,INTERNAL
https://liftpdf.com/guides,https://liftpdf.com/guides/how-to-tell-if-pdf-is-scanned,PDF BasicsFoundationHow to Tell If a PDF Is ScannedA scanned PDF usually behaves like a picture of a page. A searchable PDF lets you select and copy words.5 min readRead guide,INTERNAL
https://liftpdf.com/guides,https://liftpdf.com/guides/how-to-turn-phone-photos-into-a-pdf,"PDF and ImagesFoundationHow to Turn Phone Photos Into a PDFUse the original phone photos, put them in order, choose a page layout and export one PDF instead of sending loose images.6 min readRead guide",INTERNAL
https://liftpdf.com/guides,https://liftpdf.com/guides/turn-school-assignment-photos-into-pdf,"PDF and ImagesFoundationHow to Turn School Assignment Photos Into a PDFAssignment photos should be readable, in page order and exported as one PDF when the school portal asks for PDF submission.6 min readRead guide",INTERNAL
https://liftpdf.com/guides,https://liftpdf.com/guides/unlock-pdf-with-known-password,PDF SecurityFoundationHow to Unlock a PDF With a Known PasswordUnlocking a PDF is only possible when you provide the correct password. LiftPDF does not bypass unknown passwords.6 min readRead guide,INTERNAL
https://liftpdf.com/guides,https://liftpdf.com/guides/jpg-to-pdf-faq,PDF and ImagesFAQJPG to PDF FAQThis FAQ covers the questions people usually have before converting JPG images into PDF documents.4 min readRead guide,INTERNAL
https://liftpdf.com/guides,https://liftpdf.com/guides/jpg-to-pdf-online,"PDF and ImagesGuideJPG to PDF OnlineAn online JPG to PDF tool should be fast, predictable and private. LiftPDF keeps the workflow focused: upload images, preview the PDF and download.4 min readRead guide",INTERNAL
https://liftpdf.com/guides,https://liftpdf.com/guides/jpg-to-pdf-vs-word,"ComparisonsComparisonJPG to PDF vs WordUse PDF when you need a stable document. Use Word when you need editable text and layout, not just image pages.4 min readRead guide",INTERNAL
https://liftpdf.com/guides,https://liftpdf.com/guides/jpg-to-pdf-vs-adobe,ComparisonsComparisonJPG to PDF: LiftPDF vs Adobe AcrobatAdobe Acrobat is a professional PDF platform. LiftPDF is a focused browser tool for quick JPG to PDF conversion.4 min readRead guide,INTERNAL
https://liftpdf.com/guides,https://liftpdf.com/guides/jpg-to-pdf-vs-smallpdf,ComparisonsComparisonJPG to PDF: LiftPDF vs SmallpdfSmallpdf is a broad PDF platform. LiftPDF focuses on a fast browser-based JPG to PDF workflow with clear preview and simple layout controls.4 min readRead guide,INTERNAL
https://liftpdf.com/guides,https://liftpdf.com/guides/jpg-vs-jpeg,PDF and ImagesFoundationJPG vs JPEGJPG and JPEG usually mean the same image format. The shorter .jpg extension became common because older systems used three-letter file extensions.3 min readRead guide,INTERNAL
https://liftpdf.com/guides,https://liftpdf.com/guides/jpg-vs-png,"ComparisonsComparisonJPG vs PNG for PDF ConversionJPG and PNG are both useful, but they solve different problems. Choose JPG for photos and PNG for screenshots, sharp graphics or transparency.4 min readRead guide",INTERNAL
https://liftpdf.com/guides,https://liftpdf.com/guides/merge-pdf-faq,"Organize PDFFAQMerge PDF FAQThis FAQ answers the questions users usually have before combining PDF files: order, quality, privacy, protected files, file size and mobile support.4 min readRead guide",INTERNAL
https://liftpdf.com/guides,https://liftpdf.com/guides/merge-pdf-free,"Organize PDFGuideMerge PDF FreeA free PDF merger should be direct: choose files, order them, merge and download. LiftPDF keeps the workflow free for current tools and avoids adding watermarks to the output.4 min readRead guide",INTERNAL
https://liftpdf.com/guides,https://liftpdf.com/guides/merge-pdf-online,"Organize PDFGuideMerge PDF Online GuideAn online PDF merger should be quick, clear and safe. LiftPDF lets you choose files, preview the list, reorder them and create one merged PDF directly in your browser.4 min readRead guide",INTERNAL
https://liftpdf.com/guides,https://liftpdf.com/guides/merge-pdf-vs-combine-pdf,"ComparisonsComparisonMerge PDF vs Combine PDFFor most users, merge PDF and combine PDF mean the same task: put multiple PDFs into one file. The important decision is file order and whether pages should be removed first.4 min readRead guide",INTERNAL
https://liftpdf.com/guides,https://liftpdf.com/guides/merge-pdf-vs-adobe,ComparisonsComparisonMerge PDF: LiftPDF vs Adobe AcrobatAdobe Acrobat is a powerful PDF platform. LiftPDF is a focused browser tool for quick PDF merging without account friction or unnecessary upload workflows.4 min readRead guide,INTERNAL
https://liftpdf.com/guides,https://liftpdf.com/guides/merge-pdf-vs-ilovepdf,"ComparisonsComparisonMerge PDF: LiftPDF vs iLovePDFiLovePDF is a well-known PDF tool suite. LiftPDF's Merge PDF tool aims to be quieter, privacy-focused and direct for users who want a clean browser merge.4 min readRead guide",INTERNAL
https://liftpdf.com/guides,https://liftpdf.com/guides/merge-pdf-vs-smallpdf,"ComparisonsComparisonMerge PDF: LiftPDF vs SmallpdfSmallpdf offers a broad PDF platform. LiftPDF focuses on a privacy-first browser workflow for common PDF tasks like merging, organizing and converting.4 min readRead guide",INTERNAL
https://liftpdf.com/guides,https://liftpdf.com/guides/password-protected-pdf-not-opening,"TroubleshootingFoundationPassword-Protected PDF Not OpeningA protected PDF may fail to open because the password is wrong, the file is damaged, the download is incomplete or the viewer does not support the file correctly.6 min readRead guide",INTERNAL
https://liftpdf.com/guides,https://liftpdf.com/guides/pdf-compression-vs-optimization,"ComparisonsFoundationPDF Compression vs OptimizationCompression reduces stored data. Optimization can also clean structure, remove waste and prepare the file for a specific use.6 min readRead guide",INTERNAL
https://liftpdf.com/guides,https://liftpdf.com/guides/pdf-file-size-limit-explained,"PDF BasicsFoundationPDF File Size Limits ExplainedPDF size limits are set by email providers, forms and portals. The best fix depends on whether the PDF is too large because of pages, scans or images.6 min readRead guide",INTERNAL
https://liftpdf.com/guides,https://liftpdf.com/guides/pdf-to-jpg-vs-pdf-to-png,"ComparisonsFoundationPDF to JPG vs PDF to PNGChoose JPG for smaller photo-like exports and PNG for sharper screenshots, text-heavy pages and clean graphics.6 min readRead guide",INTERNAL
https://liftpdf.com/guides,https://liftpdf.com/guides/pdf-vs-jpg,"ComparisonsFoundationPDF vs JPGUse JPG for individual photos and PDF for documents, submissions and multi-page page-based workflows.6 min readRead guide",INTERNAL
https://liftpdf.com/guides,https://liftpdf.com/guides/pdf-vs-png,"ComparisonsFoundationPDF vs PNGUse PNG for screenshots and transparent graphics. Use PDF when pages need to be shared, printed or submitted as a document.6 min readRead guide",INTERNAL
https://liftpdf.com/guides,https://liftpdf.com/guides/png-vs-pdf,PDF and ImagesFoundationPNG vs PDFPNG is an image format. PDF is a document format. Use PNG for a single visual image and PDF when pages should behave like a document.4 min readRead guide,INTERNAL
https://liftpdf.com/guides,https://liftpdf.com/guides/rotate-pdf-before-upload,Organize PDFFoundationRotate PDF Before UploadRotate sideways pages before upload so reviewers do not have to turn pages manually or reject the file.6 min readRead guide,INTERNAL
https://liftpdf.com/guides,https://liftpdf.com/guides/scanned-pdf-vs-searchable-pdf,PDF BasicsFoundationScanned PDF vs Searchable PDFA scanned PDF is usually made of page images. A searchable PDF contains selectable text that can be copied or extracted.5 min readRead guide,INTERNAL
https://liftpdf.com/guides,https://liftpdf.com/guides/watermark-pdf-before-sharing,"PDF SecurityFoundationWatermark PDF Before SharingWatermarks help label a PDF copy, but they do not replace password protection or secure sharing.6 min readRead guide",INTERNAL
https://liftpdf.com/guides,https://liftpdf.com/guides/what-is-a-password-protected-pdf,PDF SecurityFoundationWhat Is a Password-Protected PDF?A password-protected PDF is encrypted so the document requires a password before it can be opened or changed.5 min readRead guide,INTERNAL
https://liftpdf.com/guides,https://liftpdf.com/guides/what-is-a-pdf,"PDF BasicsFoundationWhat Is a PDF?A PDF is a document format designed to keep pages looking consistent across devices, apps and operating systems.4 min readRead guide",INTERNAL
https://liftpdf.com/guides,https://liftpdf.com/guides/what-is-browser-based-pdf-processing,PDF SecurityFoundationWhat Is Browser-Based PDF Processing?Browser-based PDF processing means the browser performs the PDF task on your device instead of sending the file to a backend upload queue.5 min readRead guide,INTERNAL
https://liftpdf.com/guides,https://liftpdf.com/guides/what-is-pdf-compression,PDF BasicsFoundationWhat Is PDF Compression?PDF compression reduces file size by optimizing how document data is stored. The result depends on what the PDF contains.5 min readRead guide,INTERNAL
https://liftpdf.com/guides,https://liftpdf.com/guides/why-a-pdf-is-password-protected,"PDF SecurityFoundationWhy a PDF Is Password ProtectedA PDF is usually password protected to limit opening, sharing or editing. Real protection means encryption, not just a warning label.6 min readRead guide",INTERNAL
https://liftpdf.com/guides,https://liftpdf.com/guides/why-pdf-opens-blank,"TroubleshootingFoundationWhy a PDF Opens Blank and How to Fix ItA blank-looking PDF can be damaged, encrypted, partially downloaded, image-only with rendering issues or created by an app with unusual layers.6 min readRead guide",INTERNAL
https://liftpdf.com/guides,https://liftpdf.com/guides/why-are-pdf-to-jpg-images-blurry,"TroubleshootingFoundationWhy Are My PDF to JPG Images Blurry?Blurry PDF to JPG exports usually come from low render quality, small source scans, JPG compression or enlarging the output after export.6 min readRead guide",INTERNAL
https://liftpdf.com/guides,https://liftpdf.com/guides/why-cant-i-convert-jpg-to-pdf,"PDF and ImagesProblemWhy Can't I Convert JPG to PDF?Most JPG conversion failures come from unsupported file types, damaged images, very large files or browser memory limits.4 min readRead guide",INTERNAL
https://liftpdf.com/guides,https://liftpdf.com/guides/why-cant-i-copy-text-from-pdf,"TroubleshootingFoundationWhy Can't I Copy Text From a PDF?You may not be able to copy text because the PDF is scanned, image-based, protected, damaged or does not contain a usable text layer.6 min readRead guide",INTERNAL
https://liftpdf.com/guides,https://liftpdf.com/guides/why-cant-i-merge-pdf-files,"TroubleshootingProblemWhy Can't I Merge PDF Files?PDF merging usually fails for a practical reason: the file is protected, damaged, too large for the device, not really a PDF, or blocked by browser limits.4 min readRead guide",INTERNAL
https://liftpdf.com/guides,https://liftpdf.com/guides/why-cant-i-merge-protected-pdfs,"PDF SecurityProblemWhy Can't I Merge Protected PDFs?Protected PDFs are encrypted so tools cannot read their pages without the correct password. To merge them, unlock the file first if you are authorized.4 min readRead guide",INTERNAL
https://liftpdf.com/guides,https://liftpdf.com/guides/why-does-merge-pdf-fail,"TroubleshootingProblemWhy Does Merge PDF Fail?A merge failure is usually a file-read problem, not a mystery. The safest fix is to identify the file that cannot be read and replace, unlock or simplify it.4 min readRead guide",INTERNAL
https://liftpdf.com/guides,https://liftpdf.com/guides/why-is-my-jpg-blurry-after-pdf,"PDF and ImagesProblemWhy Is My JPG Blurry After PDF Conversion?Blurry PDF output usually comes from low source resolution, over-compression, excessive scaling or viewer zoom behavior.4 min readRead guide",INTERNAL
https://liftpdf.com/guides,https://liftpdf.com/guides/why-is-my-merged-pdf-too-large,"TroubleshootingProblemWhy Is My Merged PDF Too Large?A merged PDF is usually large because the source files contain high-resolution scans, photos, embedded images, duplicate pages or already-large PDFs.4 min readRead guide",INTERNAL
https://liftpdf.com/guides,https://liftpdf.com/guides/why-is-my-pdf-too-large-after-converting-jpg,PDF and ImagesProblemWhy Is My PDF Too Large After Converting JPG?Large image PDFs are usually caused by many high-resolution photos. The PDF has to carry the pixels you put into it.4 min readRead guide,INTERNAL
https://liftpdf.com/guides,https://liftpdf.com/guides/why-is-my-pdf-too-large,"TroubleshootingFoundationWhy Is My PDF Too Large?PDFs usually become large because of scans, high-resolution photos, embedded fonts, attachments or unnecessary pages.7 min readRead guide",INTERNAL
https://liftpdf.com/guides,https://liftpdf.com/guides/why-pdf-text-extraction-fails,"TroubleshootingFoundationWhy PDF Text Extraction FailsText extraction can fail when a PDF has no selectable text, is protected, is damaged or stores text in an unusual visual order.6 min readRead guide",INTERNAL
https://liftpdf.com/guides,https://liftpdf.com/,LiftPDF,INTERNAL
https://liftpdf.com/guides,https://liftpdf.com/pdf-tools,All PDF Tools,INTERNAL
https://liftpdf.com/guides,https://liftpdf.com/jpg-to-pdf,JPG to PDF,INTERNAL
https://liftpdf.com/guides,https://liftpdf.com/merge-pdf,Merge PDF,INTERNAL
https://liftpdf.com/guides,https://liftpdf.com/compress-pdf,Compress PDF,INTERNAL
https://liftpdf.com/guides,https://liftpdf.com/pdf-converter,Convert PDF,INTERNAL
https://liftpdf.com/guides,https://liftpdf.com/pdf-editor,Edit PDF,INTERNAL
https://liftpdf.com/guides,https://liftpdf.com/organize-pdf,Organize PDF,INTERNAL
https://liftpdf.com/guides,https://liftpdf.com/pdf-image-tools,Image Tools,INTERNAL
https://liftpdf.com/guides,https://liftpdf.com/pdf-security,Security,INTERNAL
https://liftpdf.com/guides,https://liftpdf.com/learn,Learning Center,INTERNAL
https://liftpdf.com/guides,https://liftpdf.com/guides,Guides,INTERNAL
https://liftpdf.com/guides,https://liftpdf.com/pdf-glossary,PDF Glossary,INTERNAL
https://liftpdf.com/guides,https://liftpdf.com/help,Help Center,INTERNAL
https://liftpdf.com/guides,https://liftpdf.com/privacy,Privacy,INTERNAL
https://liftpdf.com/guides,https://liftpdf.com/cookies,Cookies,INTERNAL
https://liftpdf.com/guides,https://liftpdf.com/security,Security,INTERNAL
https://liftpdf.com/guides,https://liftpdf.com/about,About,INTERNAL
https://liftpdf.com/guides,https://liftpdf.com/why-liftpdf,Why LiftPDF,INTERNAL
https://liftpdf.com/guides,https://liftpdf.com/terms,Terms,INTERNAL
https://liftpdf.com/guides,https://liftpdf.com/contact,Contact,INTERNAL
https://liftpdf.com/pdf-glossary,https://liftpdf.com/,LiftPDF,INTERNAL
https://liftpdf.com/pdf-glossary,https://liftpdf.com/pdf-tools,PDF Tools,INTERNAL
https://liftpdf.com/pdf-glossary,https://liftpdf.com/learn,Learn,INTERNAL
https://liftpdf.com/pdf-glossary,https://liftpdf.com/jpg-to-pdf,Image to PDF,INTERNAL
https://liftpdf.com/pdf-glossary,https://liftpdf.com/pdf-converter,Convert,INTERNAL
https://liftpdf.com/pdf-glossary,https://liftpdf.com/pdf-editor,Edit,INTERNAL
https://liftpdf.com/pdf-glossary,https://liftpdf.com/jpg-to-pdf,Start Now,INTERNAL
https://liftpdf.com/pdf-glossary,https://liftpdf.com/pdf-tools,PDF Tools,INTERNAL
https://liftpdf.com/pdf-glossary,https://liftpdf.com/learn,Learn,INTERNAL
https://liftpdf.com/pdf-glossary,https://liftpdf.com/jpg-to-pdf,Image to PDF,INTERNAL
https://liftpdf.com/pdf-glossary,https://liftpdf.com/pdf-converter,Convert,INTERNAL
https://liftpdf.com/pdf-glossary,https://liftpdf.com/pdf-editor,Edit,INTERNAL
https://liftpdf.com/pdf-glossary,https://liftpdf.com/jpg-to-pdf,Start Now,INTERNAL
https://liftpdf.com/pdf-glossary,https://liftpdf.com/pdf-glossary#letter-B,B,INTERNAL
https://liftpdf.com/pdf-glossary,https://liftpdf.com/pdf-glossary#letter-C,C,INTERNAL
https://liftpdf.com/pdf-glossary,https://liftpdf.com/pdf-glossary#letter-D,D,INTERNAL
https://liftpdf.com/pdf-glossary,https://liftpdf.com/pdf-glossary#letter-E,E,INTERNAL
https://liftpdf.com/pdf-glossary,https://liftpdf.com/pdf-glossary#letter-J,J,INTERNAL
https://liftpdf.com/pdf-glossary,https://liftpdf.com/pdf-glossary#letter-L,L,INTERNAL
https://liftpdf.com/pdf-glossary,https://liftpdf.com/pdf-glossary#letter-M,M,INTERNAL
https://liftpdf.com/pdf-glossary,https://liftpdf.com/pdf-glossary#letter-O,O,INTERNAL
https://liftpdf.com/pdf-glossary,https://liftpdf.com/pdf-glossary#letter-P,P,INTERNAL
https://liftpdf.com/pdf-glossary,https://liftpdf.com/pdf-glossary#letter-R,R,INTERNAL
https://liftpdf.com/pdf-glossary,https://liftpdf.com/pdf-glossary#letter-S,S,INTERNAL
https://liftpdf.com/pdf-glossary,https://liftpdf.com/pdf-glossary#letter-V,V,INTERNAL
https://liftpdf.com/pdf-glossary,https://liftpdf.com/pdf-glossary#letter-W,W,INTERNAL
https://liftpdf.com/pdf-glossary,https://liftpdf.com/guides/what-is-browser-based-pdf-processing,Browser processing guide,INTERNAL
https://liftpdf.com/pdf-glossary,https://liftpdf.com/guides/what-is-pdf-compression,What is PDF compression?,INTERNAL
https://liftpdf.com/pdf-glossary,https://liftpdf.com/guides/how-to-keep-original-image-quality,Keep image quality,INTERNAL
https://liftpdf.com/pdf-glossary,https://liftpdf.com/delete-pages,Delete Pages,INTERNAL
https://liftpdf.com/pdf-glossary,https://liftpdf.com/protect-pdf,Protect PDF,INTERNAL
https://liftpdf.com/pdf-glossary,https://liftpdf.com/extract-pages,Extract Pages,INTERNAL
https://liftpdf.com/pdf-glossary,https://liftpdf.com/guides/jpg-vs-jpeg,JPG vs JPEG,INTERNAL
https://liftpdf.com/pdf-glossary,https://liftpdf.com/jpg-to-pdf,JPG to PDF,INTERNAL
https://liftpdf.com/pdf-glossary,https://liftpdf.com/guides/jpg-vs-png,JPG vs PNG,INTERNAL
https://liftpdf.com/pdf-glossary,https://liftpdf.com/guides/how-to-convert-jpg-to-pdf-without-losing-quality,JPG quality guide,INTERNAL
https://liftpdf.com/pdf-glossary,https://liftpdf.com/compress-pdf,Compress PDF,INTERNAL
https://liftpdf.com/pdf-glossary,https://liftpdf.com/merge-pdf,Merge PDF,INTERNAL
https://liftpdf.com/pdf-glossary,https://liftpdf.com/guides/scanned-pdf-vs-searchable-pdf,Scanned vs searchable PDF,INTERNAL
https://liftpdf.com/pdf-glossary,https://liftpdf.com/guides/what-is-a-pdf,What is a PDF?,INTERNAL
https://liftpdf.com/pdf-glossary,https://liftpdf.com/pdf-tools,PDF tools,INTERNAL
https://liftpdf.com/pdf-glossary,https://liftpdf.com/guides/what-is-a-password-protected-pdf,Password-protected PDFs,INTERNAL
https://liftpdf.com/pdf-glossary,https://liftpdf.com/split-pdf,Split PDF,INTERNAL
https://liftpdf.com/pdf-glossary,https://liftpdf.com/png-to-pdf,PNG to PDF,INTERNAL
https://liftpdf.com/pdf-glossary,https://liftpdf.com/pdf-image-tools,PDF image tools,INTERNAL
https://liftpdf.com/pdf-glossary,https://liftpdf.com/guides/why-is-my-jpg-blurry-after-pdf,Blurry JPG after PDF,INTERNAL
https://liftpdf.com/pdf-glossary,https://liftpdf.com/reorder-pages,Reorder Pages,INTERNAL
https://liftpdf.com/pdf-glossary,https://liftpdf.com/split-pdf,Split PDF,INTERNAL
https://liftpdf.com/pdf-glossary,https://liftpdf.com/pdf-to-text,PDF to Text,INTERNAL
https://liftpdf.com/pdf-glossary,https://liftpdf.com/guides/scanned-pdf-vs-searchable-pdf,Scanned vs searchable PDF,INTERNAL
https://liftpdf.com/pdf-glossary,https://liftpdf.com/guides/what-is-a-pdf,PDF basics,INTERNAL
https://liftpdf.com/pdf-glossary,https://liftpdf.com/images-to-pdf,Images to PDF,INTERNAL
https://liftpdf.com/pdf-glossary,https://liftpdf.com/watermark-pdf,Watermark PDF,INTERNAL
https://liftpdf.com/pdf-glossary,https://liftpdf.com/security,Security,INTERNAL
https://liftpdf.com/pdf-glossary,https://liftpdf.com/,LiftPDF,INTERNAL
https://liftpdf.com/pdf-glossary,https://liftpdf.com/pdf-tools,All PDF Tools,INTERNAL
https://liftpdf.com/pdf-glossary,https://liftpdf.com/jpg-to-pdf,JPG to PDF,INTERNAL
https://liftpdf.com/pdf-glossary,https://liftpdf.com/merge-pdf,Merge PDF,INTERNAL
https://liftpdf.com/pdf-glossary,https://liftpdf.com/compress-pdf,Compress PDF,INTERNAL
https://liftpdf.com/pdf-glossary,https://liftpdf.com/pdf-converter,Convert PDF,INTERNAL
https://liftpdf.com/pdf-glossary,https://liftpdf.com/pdf-editor,Edit PDF,INTERNAL
https://liftpdf.com/pdf-glossary,https://liftpdf.com/organize-pdf,Organize PDF,INTERNAL
https://liftpdf.com/pdf-glossary,https://liftpdf.com/pdf-image-tools,Image Tools,INTERNAL
https://liftpdf.com/pdf-glossary,https://liftpdf.com/pdf-security,Security,INTERNAL
https://liftpdf.com/pdf-glossary,https://liftpdf.com/learn,Learning Center,INTERNAL
https://liftpdf.com/pdf-glossary,https://liftpdf.com/guides,Guides,INTERNAL
https://liftpdf.com/pdf-glossary,https://liftpdf.com/pdf-glossary,PDF Glossary,INTERNAL
https://liftpdf.com/pdf-glossary,https://liftpdf.com/help,Help Center,INTERNAL
https://liftpdf.com/pdf-glossary,https://liftpdf.com/privacy,Privacy,INTERNAL
https://liftpdf.com/pdf-glossary,https://liftpdf.com/cookies,Cookies,INTERNAL
https://liftpdf.com/pdf-glossary,https://liftpdf.com/security,Security,INTERNAL
https://liftpdf.com/pdf-glossary,https://liftpdf.com/about,About,INTERNAL
https://liftpdf.com/pdf-glossary,https://liftpdf.com/why-liftpdf,Why LiftPDF,INTERNAL
https://liftpdf.com/pdf-glossary,https://liftpdf.com/terms,Terms,INTERNAL
https://liftpdf.com/pdf-glossary,https://liftpdf.com/contact,Contact,INTERNAL
https://liftpdf.com/help,https://liftpdf.com/,LiftPDF,INTERNAL
https://liftpdf.com/help,https://liftpdf.com/pdf-tools,PDF Tools,INTERNAL
https://liftpdf.com/help,https://liftpdf.com/learn,Learn,INTERNAL
https://liftpdf.com/help,https://liftpdf.com/jpg-to-pdf,Image to PDF,INTERNAL
https://liftpdf.com/help,https://liftpdf.com/pdf-converter,Convert,INTERNAL
https://liftpdf.com/help,https://liftpdf.com/pdf-editor,Edit,INTERNAL
https://liftpdf.com/help,https://liftpdf.com/jpg-to-pdf,Start Now,INTERNAL
https://liftpdf.com/help,https://liftpdf.com/pdf-tools,PDF Tools,INTERNAL
https://liftpdf.com/help,https://liftpdf.com/learn,Learn,INTERNAL
https://liftpdf.com/help,https://liftpdf.com/jpg-to-pdf,Image to PDF,INTERNAL
https://liftpdf.com/help,https://liftpdf.com/pdf-converter,Convert,INTERNAL
https://liftpdf.com/help,https://liftpdf.com/pdf-editor,Edit,INTERNAL
https://liftpdf.com/help,https://liftpdf.com/jpg-to-pdf,Start Now,INTERNAL
https://liftpdf.com/help,https://liftpdf.com/pdf-tools,Open PDF tools,INTERNAL
https://liftpdf.com/help,https://liftpdf.com/contact,Contact support,INTERNAL
https://liftpdf.com/help,https://liftpdf.com/help#upload-supported-files,Upload and supported files,INTERNAL
https://liftpdf.com/help,https://liftpdf.com/help#pdf-passwords,PDF passwords,INTERNAL
https://liftpdf.com/help,https://liftpdf.com/help#browser-processing,Browser processing,INTERNAL
https://liftpdf.com/help,https://liftpdf.com/help#downloads,Downloads,INTERNAL
https://liftpdf.com/help,https://liftpdf.com/help#common-errors,Common errors,INTERNAL
https://liftpdf.com/help,https://liftpdf.com/help#mobile-use,Mobile use,INTERNAL
https://liftpdf.com/help,https://liftpdf.com/help#privacy,Privacy,INTERNAL
https://liftpdf.com/help,https://liftpdf.com/help#large-files,Large files,INTERNAL
https://liftpdf.com/help,https://liftpdf.com/help#scanned-pdfs,Scanned PDFs,INTERNAL
https://liftpdf.com/help,https://liftpdf.com/help#contact-support,Contact support,INTERNAL
https://liftpdf.com/help,https://liftpdf.com/images-to-pdf,Images to PDF,INTERNAL
https://liftpdf.com/help,https://liftpdf.com/pdf-tools,PDF Tools,INTERNAL
https://liftpdf.com/help,https://liftpdf.com/unlock-pdf,Unlock PDF,INTERNAL
https://liftpdf.com/help,https://liftpdf.com/guides/what-is-browser-based-pdf-processing,Browser processing guide,INTERNAL
https://liftpdf.com/help,https://liftpdf.com/guides/why-cant-i-convert-jpg-to-pdf,Why can't I convert JPG to PDF?,INTERNAL
https://liftpdf.com/help,https://liftpdf.com/privacy,Privacy,INTERNAL
https://liftpdf.com/help,https://liftpdf.com/guides/what-is-pdf-compression,PDF compression,INTERNAL
https://liftpdf.com/help,https://liftpdf.com/guides/scanned-pdf-vs-searchable-pdf,Scanned vs searchable PDF,INTERNAL
https://liftpdf.com/help,https://liftpdf.com/contact,Contact,INTERNAL
https://liftpdf.com/help,https://liftpdf.com/,LiftPDF,INTERNAL
https://liftpdf.com/help,https://liftpdf.com/pdf-tools,All PDF Tools,INTERNAL
https://liftpdf.com/help,https://liftpdf.com/jpg-to-pdf,JPG to PDF,INTERNAL
https://liftpdf.com/help,https://liftpdf.com/merge-pdf,Merge PDF,INTERNAL
https://liftpdf.com/help,https://liftpdf.com/compress-pdf,Compress PDF,INTERNAL
https://liftpdf.com/help,https://liftpdf.com/pdf-converter,Convert PDF,INTERNAL
https://liftpdf.com/help,https://liftpdf.com/pdf-editor,Edit PDF,INTERNAL
https://liftpdf.com/help,https://liftpdf.com/organize-pdf,Organize PDF,INTERNAL
https://liftpdf.com/help,https://liftpdf.com/pdf-image-tools,Image Tools,INTERNAL
https://liftpdf.com/help,https://liftpdf.com/pdf-security,Security,INTERNAL
https://liftpdf.com/help,https://liftpdf.com/learn,Learning Center,INTERNAL
https://liftpdf.com/help,https://liftpdf.com/guides,Guides,INTERNAL
https://liftpdf.com/help,https://liftpdf.com/pdf-glossary,PDF Glossary,INTERNAL
https://liftpdf.com/help,https://liftpdf.com/help,Help Center,INTERNAL
https://liftpdf.com/help,https://liftpdf.com/privacy,Privacy,INTERNAL
https://liftpdf.com/help,https://liftpdf.com/cookies,Cookies,INTERNAL
https://liftpdf.com/help,https://liftpdf.com/security,Security,INTERNAL
https://liftpdf.com/help,https://liftpdf.com/about,About,INTERNAL
https://liftpdf.com/help,https://liftpdf.com/why-liftpdf,Why LiftPDF,INTERNAL
https://liftpdf.com/help,https://liftpdf.com/terms,Terms,INTERNAL
https://liftpdf.com/help,https://liftpdf.com/contact,Contact,INTERNAL
https://liftpdf.com/learn/pdf-basics,https://liftpdf.com/,LiftPDF,INTERNAL
https://liftpdf.com/learn/pdf-basics,https://liftpdf.com/pdf-tools,PDF Tools,INTERNAL
https://liftpdf.com/learn/pdf-basics,https://liftpdf.com/learn,Learn,INTERNAL
https://liftpdf.com/learn/pdf-basics,https://liftpdf.com/jpg-to-pdf,Image to PDF,INTERNAL
https://liftpdf.com/learn/pdf-basics,https://liftpdf.com/pdf-converter,Convert,INTERNAL
https://liftpdf.com/learn/pdf-basics,https://liftpdf.com/pdf-editor,Edit,INTERNAL
https://liftpdf.com/learn/pdf-basics,https://liftpdf.com/jpg-to-pdf,Start Now,INTERNAL
https://liftpdf.com/learn/pdf-basics,https://liftpdf.com/pdf-tools,PDF Tools,INTERNAL
https://liftpdf.com/learn/pdf-basics,https://liftpdf.com/learn,Learn,INTERNAL
https://liftpdf.com/learn/pdf-basics,https://liftpdf.com/jpg-to-pdf,Image to PDF,INTERNAL
https://liftpdf.com/learn/pdf-basics,https://liftpdf.com/pdf-converter,Convert,INTERNAL
https://liftpdf.com/learn/pdf-basics,https://liftpdf.com/pdf-editor,Edit,INTERNAL
https://liftpdf.com/learn/pdf-basics,https://liftpdf.com/jpg-to-pdf,Start Now,INTERNAL
https://liftpdf.com/learn/pdf-basics,https://liftpdf.com/guides/what-is-a-pdf,Start with this guide,INTERNAL
https://liftpdf.com/learn/pdf-basics,https://liftpdf.com/pdf-tools,Use a PDF tool,INTERNAL
https://liftpdf.com/learn/pdf-basics,https://liftpdf.com/guides/what-is-a-pdf,"PDF BasicsFoundationWhat Is a PDF?A PDF is a document format designed to keep pages looking consistent across devices, apps and operating systems.4 min readRead guide",INTERNAL
https://liftpdf.com/learn/pdf-basics,https://liftpdf.com/guides/what-is-pdf-compression,PDF BasicsFoundationWhat Is PDF Compression?PDF compression reduces file size by optimizing how document data is stored. The result depends on what the PDF contains.5 min readRead guide,INTERNAL
https://liftpdf.com/learn/pdf-basics,https://liftpdf.com/guides/why-is-my-pdf-too-large,"TroubleshootingFoundationWhy Is My PDF Too Large?PDFs usually become large because of scans, high-resolution photos, embedded fonts, attachments or unnecessary pages.7 min readRead guide",INTERNAL
https://liftpdf.com/learn/pdf-basics,https://liftpdf.com/guides/how-to-compress-pdf-without-losing-quality,"PDF BasicsFoundationHow to Compress a PDF Without Losing QualityThe safest compression workflow is to remove unnecessary pages first, compress once, then check readability instead of repeatedly shrinking the same file.7 min readRead guide",INTERNAL
https://liftpdf.com/learn/pdf-basics,https://liftpdf.com/guides/compress-pdf-for-email,"PDF BasicsFoundationCompress PDF for EmailEmail-friendly PDFs should be small enough to attach, readable enough to review and not password-protected unless the recipient expects it.6 min readRead guide",INTERNAL
https://liftpdf.com/learn/pdf-basics,https://liftpdf.com/guides/make-pdf-smaller-for-upload,"PDF BasicsFoundationHow to Make a PDF Smaller for UploadUpload portals usually reject PDFs because of size, password protection, missing pages or unreadable scans. Fix the structure first, then compress.6 min readRead guide",INTERNAL
https://liftpdf.com/learn/pdf-basics,https://liftpdf.com/guides/pdf-file-size-limit-explained,"PDF BasicsFoundationPDF File Size Limits ExplainedPDF size limits are set by email providers, forms and portals. The best fix depends on whether the PDF is too large because of pages, scans or images.6 min readRead guide",INTERNAL
https://liftpdf.com/learn/pdf-basics,https://liftpdf.com/guides/pdf-compression-vs-optimization,"ComparisonsFoundationPDF Compression vs OptimizationCompression reduces stored data. Optimization can also clean structure, remove waste and prepare the file for a specific use.6 min readRead guide",INTERNAL
https://liftpdf.com/learn/pdf-basics,https://liftpdf.com/guides/scanned-pdf-vs-searchable-pdf,PDF BasicsFoundationScanned PDF vs Searchable PDFA scanned PDF is usually made of page images. A searchable PDF contains selectable text that can be copied or extracted.5 min readRead guide,INTERNAL
https://liftpdf.com/learn/pdf-basics,https://liftpdf.com/guides/how-to-tell-if-pdf-is-scanned,PDF BasicsFoundationHow to Tell If a PDF Is ScannedA scanned PDF usually behaves like a picture of a page. A searchable PDF lets you select and copy words.5 min readRead guide,INTERNAL
https://liftpdf.com/learn/pdf-basics,https://liftpdf.com/guides/what-is-browser-based-pdf-processing,PDF SecurityFoundationWhat Is Browser-Based PDF Processing?Browser-based PDF processing means the browser performs the PDF task on your device instead of sending the file to a backend upload queue.5 min readRead guide,INTERNAL
https://liftpdf.com/learn/pdf-basics,https://liftpdf.com/guides/how-to-prepare-a-pdf-for-online-submission,"PDF BasicsFoundationHow to Prepare a PDF for Online SubmissionA submission-ready PDF should have the right pages, readable quality, acceptable file size and no password unless the portal asks for one.7 min readRead guide",INTERNAL
https://liftpdf.com/learn/pdf-basics,https://liftpdf.com/pdf-tools,All PDF ToolsBrowse the full LiftPDF tool suite.,INTERNAL
https://liftpdf.com/learn/pdf-basics,https://liftpdf.com/pdf-glossary,PDF GlossaryLook up common PDF terms.,INTERNAL
https://liftpdf.com/learn/pdf-basics,https://liftpdf.com/learn/convert-pdf,"Convert PDFConvert between PDF, images and text while keeping the workflow honest about quality and OCR limits.",INTERNAL
https://liftpdf.com/learn/pdf-basics,https://liftpdf.com/learn/organize-pdf,"Organize PDFMerge, split, delete, extract and reorder PDF pages without changing the document more than necessary.",INTERNAL
https://liftpdf.com/learn/pdf-basics,https://liftpdf.com/learn/troubleshooting,"TroubleshootingFind practical explanations for failed conversions, protected PDFs, blank pages, huge files and scanned documents.",INTERNAL
https://liftpdf.com/learn/pdf-basics,https://liftpdf.com/,LiftPDF,INTERNAL
https://liftpdf.com/learn/pdf-basics,https://liftpdf.com/pdf-tools,All PDF Tools,INTERNAL
https://liftpdf.com/learn/pdf-basics,https://liftpdf.com/jpg-to-pdf,JPG to PDF,INTERNAL
https://liftpdf.com/learn/pdf-basics,https://liftpdf.com/merge-pdf,Merge PDF,INTERNAL
https://liftpdf.com/learn/pdf-basics,https://liftpdf.com/compress-pdf,Compress PDF,INTERNAL
https://liftpdf.com/learn/pdf-basics,https://liftpdf.com/pdf-converter,Convert PDF,INTERNAL
https://liftpdf.com/learn/pdf-basics,https://liftpdf.com/pdf-editor,Edit PDF,INTERNAL
https://liftpdf.com/learn/pdf-basics,https://liftpdf.com/organize-pdf,Organize PDF,INTERNAL
https://liftpdf.com/learn/pdf-basics,https://liftpdf.com/pdf-image-tools,Image Tools,INTERNAL
https://liftpdf.com/learn/pdf-basics,https://liftpdf.com/pdf-security,Security,INTERNAL
https://liftpdf.com/learn/pdf-basics,https://liftpdf.com/learn,Learning Center,INTERNAL
https://liftpdf.com/learn/pdf-basics,https://liftpdf.com/guides,Guides,INTERNAL
https://liftpdf.com/learn/pdf-basics,https://liftpdf.com/pdf-glossary,PDF Glossary,INTERNAL
https://liftpdf.com/learn/pdf-basics,https://liftpdf.com/help,Help Center,INTERNAL
https://liftpdf.com/learn/pdf-basics,https://liftpdf.com/privacy,Privacy,INTERNAL
https://liftpdf.com/learn/pdf-basics,https://liftpdf.com/cookies,Cookies,INTERNAL
https://liftpdf.com/learn/pdf-basics,https://liftpdf.com/security,Security,INTERNAL
https://liftpdf.com/learn/pdf-basics,https://liftpdf.com/about,About,INTERNAL
https://liftpdf.com/learn/pdf-basics,https://liftpdf.com/why-liftpdf,Why LiftPDF,INTERNAL
https://liftpdf.com/learn/pdf-basics,https://liftpdf.com/terms,Terms,INTERNAL
https://liftpdf.com/learn/pdf-basics,https://liftpdf.com/contact,Contact,INTERNAL
https://liftpdf.com/learn/convert-pdf,https://liftpdf.com/,LiftPDF,INTERNAL
https://liftpdf.com/learn/convert-pdf,https://liftpdf.com/pdf-tools,PDF Tools,INTERNAL
https://liftpdf.com/learn/convert-pdf,https://liftpdf.com/learn,Learn,INTERNAL
https://liftpdf.com/learn/convert-pdf,https://liftpdf.com/jpg-to-pdf,Image to PDF,INTERNAL
https://liftpdf.com/learn/convert-pdf,https://liftpdf.com/pdf-converter,Convert,INTERNAL
https://liftpdf.com/learn/convert-pdf,https://liftpdf.com/pdf-editor,Edit,INTERNAL
https://liftpdf.com/learn/convert-pdf,https://liftpdf.com/jpg-to-pdf,Start Now,INTERNAL
https://liftpdf.com/learn/convert-pdf,https://liftpdf.com/pdf-tools,PDF Tools,INTERNAL
https://liftpdf.com/learn/convert-pdf,https://liftpdf.com/learn,Learn,INTERNAL
https://liftpdf.com/learn/convert-pdf,https://liftpdf.com/jpg-to-pdf,Image to PDF,INTERNAL
https://liftpdf.com/learn/convert-pdf,https://liftpdf.com/pdf-converter,Convert,INTERNAL
https://liftpdf.com/learn/convert-pdf,https://liftpdf.com/pdf-editor,Edit,INTERNAL
https://liftpdf.com/learn/convert-pdf,https://liftpdf.com/jpg-to-pdf,Start Now,INTERNAL
https://liftpdf.com/learn/convert-pdf,https://liftpdf.com/guides/how-to-convert-jpg-to-pdf,Start with this guide,INTERNAL
https://liftpdf.com/learn/convert-pdf,https://liftpdf.com/pdf-tools,Use a PDF tool,INTERNAL
https://liftpdf.com/learn/convert-pdf,https://liftpdf.com/guides/how-to-convert-jpg-to-pdf,"PDF and ImagesGuideHow to Convert JPG to PDFThe cleanest JPG to PDF workflow is simple: add your images, check the live PDF preview, choose page settings and export one document.4 min readRead guide",INTERNAL
https://liftpdf.com/learn/convert-pdf,https://liftpdf.com/guides/jpg-to-pdf-online,"PDF and ImagesGuideJPG to PDF OnlineAn online JPG to PDF tool should be fast, predictable and private. LiftPDF keeps the workflow focused: upload images, preview the PDF and download.4 min readRead guide",INTERNAL
https://liftpdf.com/learn/convert-pdf,https://liftpdf.com/guides/how-to-convert-jpg-to-pdf-without-losing-quality,"PDF and ImagesGuideHow to Convert JPG to PDF Without Losing QualityA sharp PDF starts with a sharp JPG. The best settings preserve the full image, avoid unnecessary margins and do not enlarge a low-resolution source.4 min readRead guide",INTERNAL
https://liftpdf.com/learn/convert-pdf,https://liftpdf.com/guides/how-to-turn-phone-photos-into-a-pdf,"PDF and ImagesFoundationHow to Turn Phone Photos Into a PDFUse the original phone photos, put them in order, choose a page layout and export one PDF instead of sending loose images.6 min readRead guide",INTERNAL
https://liftpdf.com/learn/convert-pdf,https://liftpdf.com/guides/how-to-convert-pdf-to-jpg,"Convert PDFFoundationHow to Convert PDF to JPGUse PDF to JPG when you need page previews, photo-friendly images or shareable page snapshots rather than editable PDF pages.6 min readRead guide",INTERNAL
https://liftpdf.com/learn/convert-pdf,https://liftpdf.com/guides/how-to-convert-pdf-to-png,"Convert PDFFoundationHow to Convert PDF to PNGUse PDF to PNG when sharp edges, screenshots, diagrams or text-heavy page images matter more than the smallest image file size.6 min readRead guide",INTERNAL
https://liftpdf.com/learn/convert-pdf,https://liftpdf.com/guides/how-to-copy-text-from-pdf,"Convert PDFFoundationHow to Copy Text From a PDFIf a PDF contains selectable text, you can extract and copy it. If it is image-only, OCR is required before text can be copied.6 min readRead guide",INTERNAL
https://liftpdf.com/learn/convert-pdf,https://liftpdf.com/guides/extract-text-from-pdf-without-ocr,Convert PDFFoundationExtract Text From PDF Without OCRYou can extract text without OCR only when the PDF already contains selectable text or a text layer.6 min readRead guide,INTERNAL
https://liftpdf.com/learn/convert-pdf,https://liftpdf.com/guides/what-is-browser-based-pdf-processing,PDF SecurityFoundationWhat Is Browser-Based PDF Processing?Browser-based PDF processing means the browser performs the PDF task on your device instead of sending the file to a backend upload queue.5 min readRead guide,INTERNAL
https://liftpdf.com/learn/convert-pdf,https://liftpdf.com/jpg-to-pdf,JPG to PDFCreate a PDF from JPG images.,INTERNAL
https://liftpdf.com/learn/convert-pdf,https://liftpdf.com/pdf-to-jpg,PDF to JPGTurn PDF pages into JPG files.,INTERNAL
https://liftpdf.com/learn/convert-pdf,https://liftpdf.com/pdf-to-text,PDF to TextExtract selectable text from a PDF.,INTERNAL
https://liftpdf.com/learn/convert-pdf,https://liftpdf.com/learn/pdf-images,"PDF and ImagesLearn when to use JPG, PNG, PDF pages and image conversion without losing the point of the original file.",INTERNAL
https://liftpdf.com/learn/convert-pdf,https://liftpdf.com/learn/pdf-basics,"PDF BasicsUnderstand how PDF files work, what they preserve and when a PDF task needs conversion, compression or OCR.",INTERNAL
https://liftpdf.com/learn/convert-pdf,https://liftpdf.com/learn/troubleshooting,"TroubleshootingFind practical explanations for failed conversions, protected PDFs, blank pages, huge files and scanned documents.",INTERNAL
https://liftpdf.com/learn/convert-pdf,https://liftpdf.com/,LiftPDF,INTERNAL
https://liftpdf.com/learn/convert-pdf,https://liftpdf.com/pdf-tools,All PDF Tools,INTERNAL
https://liftpdf.com/learn/convert-pdf,https://liftpdf.com/jpg-to-pdf,JPG to PDF,INTERNAL
https://liftpdf.com/learn/convert-pdf,https://liftpdf.com/merge-pdf,Merge PDF,INTERNAL
https://liftpdf.com/learn/convert-pdf,https://liftpdf.com/compress-pdf,Compress PDF,INTERNAL
https://liftpdf.com/learn/convert-pdf,https://liftpdf.com/pdf-converter,Convert PDF,INTERNAL
https://liftpdf.com/learn/convert-pdf,https://liftpdf.com/pdf-editor,Edit PDF,INTERNAL
https://liftpdf.com/learn/convert-pdf,https://liftpdf.com/organize-pdf,Organize PDF,INTERNAL
https://liftpdf.com/learn/convert-pdf,https://liftpdf.com/pdf-image-tools,Image Tools,INTERNAL
https://liftpdf.com/learn/convert-pdf,https://liftpdf.com/pdf-security,Security,INTERNAL
https://liftpdf.com/learn/convert-pdf,https://liftpdf.com/learn,Learning Center,INTERNAL
https://liftpdf.com/learn/convert-pdf,https://liftpdf.com/guides,Guides,INTERNAL
https://liftpdf.com/learn/convert-pdf,https://liftpdf.com/pdf-glossary,PDF Glossary,INTERNAL
https://liftpdf.com/learn/convert-pdf,https://liftpdf.com/help,Help Center,INTERNAL
https://liftpdf.com/learn/convert-pdf,https://liftpdf.com/privacy,Privacy,INTERNAL
https://liftpdf.com/learn/convert-pdf,https://liftpdf.com/cookies,Cookies,INTERNAL
https://liftpdf.com/learn/convert-pdf,https://liftpdf.com/security,Security,INTERNAL
https://liftpdf.com/learn/convert-pdf,https://liftpdf.com/about,About,INTERNAL
https://liftpdf.com/learn/convert-pdf,https://liftpdf.com/why-liftpdf,Why LiftPDF,INTERNAL
https://liftpdf.com/learn/convert-pdf,https://liftpdf.com/terms,Terms,INTERNAL
https://liftpdf.com/learn/convert-pdf,https://liftpdf.com/contact,Contact,INTERNAL
https://liftpdf.com/learn/organize-pdf,https://liftpdf.com/,LiftPDF,INTERNAL
https://liftpdf.com/learn/organize-pdf,https://liftpdf.com/pdf-tools,PDF Tools,INTERNAL
https://liftpdf.com/learn/organize-pdf,https://liftpdf.com/learn,Learn,INTERNAL
https://liftpdf.com/learn/organize-pdf,https://liftpdf.com/jpg-to-pdf,Image to PDF,INTERNAL
https://liftpdf.com/learn/organize-pdf,https://liftpdf.com/pdf-converter,Convert,INTERNAL
https://liftpdf.com/learn/organize-pdf,https://liftpdf.com/pdf-editor,Edit,INTERNAL
https://liftpdf.com/learn/organize-pdf,https://liftpdf.com/jpg-to-pdf,Start Now,INTERNAL
https://liftpdf.com/learn/organize-pdf,https://liftpdf.com/pdf-tools,PDF Tools,INTERNAL
https://liftpdf.com/learn/organize-pdf,https://liftpdf.com/learn,Learn,INTERNAL
https://liftpdf.com/learn/organize-pdf,https://liftpdf.com/jpg-to-pdf,Image to PDF,INTERNAL
https://liftpdf.com/learn/organize-pdf,https://liftpdf.com/pdf-converter,Convert,INTERNAL
https://liftpdf.com/learn/organize-pdf,https://liftpdf.com/pdf-editor,Edit,INTERNAL
https://liftpdf.com/learn/organize-pdf,https://liftpdf.com/jpg-to-pdf,Start Now,INTERNAL
https://liftpdf.com/learn/organize-pdf,https://liftpdf.com/guides/how-to-merge-pdf,Start with this guide,INTERNAL
https://liftpdf.com/learn/organize-pdf,https://liftpdf.com/pdf-tools,Use a PDF tool,INTERNAL
https://liftpdf.com/learn/organize-pdf,https://liftpdf.com/guides/how-to-merge-pdf,"Organize PDFGuideHow to Merge PDF FilesMerging PDFs means combining two or more PDF documents into one file. The key is to upload the files, check their order, merge them, and download a single PDF that keeps every page in sequence.4 min readRead guide",INTERNAL
https://liftpdf.com/learn/organize-pdf,https://liftpdf.com/guides/merge-multiple-pdf-files,"Organize PDFGuideHow to Merge Multiple PDF FilesWhen merging several PDFs, the challenge is not the button. The challenge is keeping the final document organized. Use file order, page counts and previews to confirm the sequence before export.4 min readRead guide",INTERNAL
https://liftpdf.com/learn/organize-pdf,https://liftpdf.com/guides/how-to-combine-scanned-documents-into-one-pdf,"Organize PDFFoundationHow to Combine Scanned Documents Into One PDFCombine scans by checking page order first, converting photos to PDF if needed, then merging the final PDFs into one document.7 min readRead guide",INTERNAL
https://liftpdf.com/learn/organize-pdf,https://liftpdf.com/guides/how-to-organize-pdf-pages-before-sending,"Organize PDFFoundationHow to Organize PDF Pages Before SendingOrganize pages before sending by deciding whether the final task is reorder, delete, extract, split or merge.6 min readRead guide",INTERNAL
https://liftpdf.com/learn/organize-pdf,https://liftpdf.com/guides/organize-pdf-before-printing,"Organize PDFFoundationHow to Organize a PDF Before PrintingPrint-ready PDFs should have the right pages, correct order, readable orientation and page numbers added only after the layout is final.6 min readRead guide",INTERNAL
https://liftpdf.com/learn/organize-pdf,https://liftpdf.com/guides/prepare-pdf-for-email,"PDF BasicsFoundationHow to Prepare a PDF for EmailA good email PDF is the right file, small enough to attach, readable and not password-protected unless the recipient expects it.6 min readRead guide",INTERNAL
https://liftpdf.com/learn/organize-pdf,https://liftpdf.com/guides/remove-blank-pages-from-pdf,"Organize PDFFoundationHow to Remove Blank Pages From a PDFBlank pages make PDFs look unfinished and increase file size. Remove them before merging, compressing or sending the file.6 min readRead guide",INTERNAL
https://liftpdf.com/learn/organize-pdf,https://liftpdf.com/guides/delete-pages-from-pdf-before-sending,"Organize PDFFoundationDelete Pages From a PDF Before Sending ItBefore sending a PDF, remove pages the recipient should not see, then review the cleaned output from first page to last.6 min readRead guide",INTERNAL
https://liftpdf.com/learn/organize-pdf,https://liftpdf.com/guides/fix-pdf-pages-out-of-order,"Organize PDFFoundationHow to Fix PDF Pages Out of OrderWhen PDF pages are out of order, reorder the pages visually before adding page numbers, watermarking or sending the document.6 min readRead guide",INTERNAL
https://liftpdf.com/learn/organize-pdf,https://liftpdf.com/guides/rotate-scanned-pdf-pages,Organize PDFFoundationHow to Rotate Scanned PDF PagesScanned PDF pages can appear sideways after scanning. Rotate the affected pages before sharing or adding page numbers.6 min readRead guide,INTERNAL
https://liftpdf.com/learn/organize-pdf,https://liftpdf.com/guides/rotate-pdf-before-upload,Organize PDFFoundationRotate PDF Before UploadRotate sideways pages before upload so reviewers do not have to turn pages manually or reject the file.6 min readRead guide,INTERNAL
https://liftpdf.com/learn/organize-pdf,https://liftpdf.com/guides/add-page-numbers-to-pdf-report,"Organize PDFFoundationHow to Add Page Numbers to a PDF ReportAdd page numbers after merging, deleting and reordering pages so the numbering matches the final PDF.6 min readRead guide",INTERNAL
https://liftpdf.com/learn/organize-pdf,https://liftpdf.com/guides/how-to-extract-pages-from-pdf,"Organize PDFGuideHow to Extract Pages From a PDFThe fastest way to extract PDF pages is to preview the document, select the pages you need, and export those pages into a new PDF. LiftPDF does this in your browser, so the file does not need to be uploaded to a server.4 min readRead guide",INTERNAL
https://liftpdf.com/learn/organize-pdf,https://liftpdf.com/guides/extract-multiple-pages-from-pdf,"Organize PDFGuideHow to Extract Multiple Pages From a PDFTo extract multiple pages, select each thumbnail you want to keep and export them together. LiftPDF keeps the selected pages in their original order.4 min readRead guide",INTERNAL
https://liftpdf.com/learn/organize-pdf,https://liftpdf.com/guides/extract-pdf-pages-for-email,"Organize PDFFoundationHow to Extract PDF Pages for EmailIf only a few pages are relevant, extracting them can create a smaller, clearer email attachment than sending the entire PDF.6 min readRead guide",INTERNAL
https://liftpdf.com/learn/organize-pdf,https://liftpdf.com/guides/split-pdf-into-separate-pages,Organize PDFFoundationHow to Split a PDF Into Separate PagesSplit every page when each page needs to become its own PDF. Use Extract Pages when selected pages should stay together in one file.6 min readRead guide,INTERNAL
https://liftpdf.com/learn/organize-pdf,https://liftpdf.com/guides/split-pdf-by-page-range,Organize PDFFoundationHow to Split a PDF by Page RangePage ranges let you export only the sections you need without manually deleting every other page.6 min readRead guide,INTERNAL
https://liftpdf.com/learn/organize-pdf,https://liftpdf.com/guides/save-selected-pages-from-pdf,Organize PDFFoundationHow to Save Selected Pages From a PDFUse Extract Pages when the selected pages should become one clean PDF copy and the original file should remain unchanged.6 min readRead guide,INTERNAL
https://liftpdf.com/learn/organize-pdf,https://liftpdf.com/guides/merge-pdf-vs-combine-pdf,"ComparisonsComparisonMerge PDF vs Combine PDFFor most users, merge PDF and combine PDF mean the same task: put multiple PDFs into one file. The important decision is file order and whether pages should be removed first.4 min readRead guide",INTERNAL
https://liftpdf.com/learn/organize-pdf,https://liftpdf.com/merge-pdf,Merge PDFCombine PDFs into one ordered document.,INTERNAL
https://liftpdf.com/learn/organize-pdf,https://liftpdf.com/split-pdf,Split PDFExtract ranges or split every page into separate files.,INTERNAL
https://liftpdf.com/learn/organize-pdf,https://liftpdf.com/delete-pages,Delete PagesRemove pages you no longer need.,INTERNAL
https://liftpdf.com/learn/organize-pdf,https://liftpdf.com/extract-pages,Extract PagesSave selected pages as a new PDF.,INTERNAL
https://liftpdf.com/learn/organize-pdf,https://liftpdf.com/reorder-pages,Reorder PagesMove pages into the right sequence.,INTERNAL
https://liftpdf.com/learn/organize-pdf,https://liftpdf.com/learn/pdf-security,"PDF SecurityUnderstand password-protected PDFs, encryption, unlocking with a known password and browser-based privacy.",INTERNAL
https://liftpdf.com/learn/organize-pdf,https://liftpdf.com/learn/troubleshooting,"TroubleshootingFind practical explanations for failed conversions, protected PDFs, blank pages, huge files and scanned documents.",INTERNAL
https://liftpdf.com/learn/organize-pdf,https://liftpdf.com/learn/pdf-basics,"PDF BasicsUnderstand how PDF files work, what they preserve and when a PDF task needs conversion, compression or OCR.",INTERNAL
https://liftpdf.com/learn/organize-pdf,https://liftpdf.com/,LiftPDF,INTERNAL
https://liftpdf.com/learn/organize-pdf,https://liftpdf.com/pdf-tools,All PDF Tools,INTERNAL
https://liftpdf.com/learn/organize-pdf,https://liftpdf.com/jpg-to-pdf,JPG to PDF,INTERNAL
https://liftpdf.com/learn/organize-pdf,https://liftpdf.com/merge-pdf,Merge PDF,INTERNAL
https://liftpdf.com/learn/organize-pdf,https://liftpdf.com/compress-pdf,Compress PDF,INTERNAL
https://liftpdf.com/learn/organize-pdf,https://liftpdf.com/pdf-converter,Convert PDF,INTERNAL
https://liftpdf.com/learn/organize-pdf,https://liftpdf.com/pdf-editor,Edit PDF,INTERNAL
https://liftpdf.com/learn/organize-pdf,https://liftpdf.com/organize-pdf,Organize PDF,INTERNAL
https://liftpdf.com/learn/organize-pdf,https://liftpdf.com/pdf-image-tools,Image Tools,INTERNAL
https://liftpdf.com/learn/organize-pdf,https://liftpdf.com/pdf-security,Security,INTERNAL
https://liftpdf.com/learn/organize-pdf,https://liftpdf.com/learn,Learning Center,INTERNAL
https://liftpdf.com/learn/organize-pdf,https://liftpdf.com/guides,Guides,INTERNAL
https://liftpdf.com/learn/organize-pdf,https://liftpdf.com/pdf-glossary,PDF Glossary,INTERNAL
https://liftpdf.com/learn/organize-pdf,https://liftpdf.com/help,Help Center,INTERNAL
https://liftpdf.com/learn/organize-pdf,https://liftpdf.com/privacy,Privacy,INTERNAL
https://liftpdf.com/learn/organize-pdf,https://liftpdf.com/cookies,Cookies,INTERNAL
https://liftpdf.com/learn/organize-pdf,https://liftpdf.com/security,Security,INTERNAL
https://liftpdf.com/learn/organize-pdf,https://liftpdf.com/about,About,INTERNAL
https://liftpdf.com/learn/organize-pdf,https://liftpdf.com/why-liftpdf,Why LiftPDF,INTERNAL
https://liftpdf.com/learn/organize-pdf,https://liftpdf.com/terms,Terms,INTERNAL
https://liftpdf.com/learn/organize-pdf,https://liftpdf.com/contact,Contact,INTERNAL
https://liftpdf.com/learn/edit-pdf,https://liftpdf.com/,LiftPDF,INTERNAL
https://liftpdf.com/learn/edit-pdf,https://liftpdf.com/pdf-tools,PDF Tools,INTERNAL
https://liftpdf.com/learn/edit-pdf,https://liftpdf.com/learn,Learn,INTERNAL
https://liftpdf.com/learn/edit-pdf,https://liftpdf.com/jpg-to-pdf,Image to PDF,INTERNAL
https://liftpdf.com/learn/edit-pdf,https://liftpdf.com/pdf-converter,Convert,INTERNAL
https://liftpdf.com/learn/edit-pdf,https://liftpdf.com/pdf-editor,Edit,INTERNAL
https://liftpdf.com/learn/edit-pdf,https://liftpdf.com/jpg-to-pdf,Start Now,INTERNAL
https://liftpdf.com/learn/edit-pdf,https://liftpdf.com/pdf-tools,PDF Tools,INTERNAL
https://liftpdf.com/learn/edit-pdf,https://liftpdf.com/learn,Learn,INTERNAL
https://liftpdf.com/learn/edit-pdf,https://liftpdf.com/jpg-to-pdf,Image to PDF,INTERNAL
https://liftpdf.com/learn/edit-pdf,https://liftpdf.com/pdf-converter,Convert,INTERNAL
https://liftpdf.com/learn/edit-pdf,https://liftpdf.com/pdf-editor,Edit,INTERNAL
https://liftpdf.com/learn/edit-pdf,https://liftpdf.com/jpg-to-pdf,Start Now,INTERNAL
https://liftpdf.com/learn/edit-pdf,https://liftpdf.com/guides/what-is-pdf-compression,Start with this guide,INTERNAL
https://liftpdf.com/learn/edit-pdf,https://liftpdf.com/pdf-tools,Use a PDF tool,INTERNAL
https://liftpdf.com/learn/edit-pdf,https://liftpdf.com/guides/what-is-pdf-compression,PDF BasicsFoundationWhat Is PDF Compression?PDF compression reduces file size by optimizing how document data is stored. The result depends on what the PDF contains.5 min readRead guide,INTERNAL
https://liftpdf.com/learn/edit-pdf,https://liftpdf.com/guides/how-to-reduce-pdf-file-size-for-email,"PDF BasicsFoundationHow to Reduce PDF File Size for EmailStart by removing pages you do not need, then compress the PDF once and check readability before sending.6 min readRead guide",INTERNAL
https://liftpdf.com/learn/edit-pdf,https://liftpdf.com/guides/how-to-compress-pdf-without-losing-quality,"PDF BasicsFoundationHow to Compress a PDF Without Losing QualityThe safest compression workflow is to remove unnecessary pages first, compress once, then check readability instead of repeatedly shrinking the same file.7 min readRead guide",INTERNAL
https://liftpdf.com/learn/edit-pdf,https://liftpdf.com/guides/compress-pdf-for-email,"PDF BasicsFoundationCompress PDF for EmailEmail-friendly PDFs should be small enough to attach, readable enough to review and not password-protected unless the recipient expects it.6 min readRead guide",INTERNAL
https://liftpdf.com/learn/edit-pdf,https://liftpdf.com/guides/reduce-scanned-pdf-size,TroubleshootingFoundationHow to Reduce Scanned PDF File SizeScanned PDFs are often large because every page is stored as an image. Reduce size carefully and check whether the scan remains readable.7 min readRead guide,INTERNAL
https://liftpdf.com/learn/edit-pdf,https://liftpdf.com/guides/make-pdf-smaller-for-upload,"PDF BasicsFoundationHow to Make a PDF Smaller for UploadUpload portals usually reject PDFs because of size, password protection, missing pages or unreadable scans. Fix the structure first, then compress.6 min readRead guide",INTERNAL
https://liftpdf.com/learn/edit-pdf,https://liftpdf.com/guides/pdf-file-size-limit-explained,"PDF BasicsFoundationPDF File Size Limits ExplainedPDF size limits are set by email providers, forms and portals. The best fix depends on whether the PDF is too large because of pages, scans or images.6 min readRead guide",INTERNAL
https://liftpdf.com/learn/edit-pdf,https://liftpdf.com/guides/pdf-compression-vs-optimization,"ComparisonsFoundationPDF Compression vs OptimizationCompression reduces stored data. Optimization can also clean structure, remove waste and prepare the file for a specific use.6 min readRead guide",INTERNAL
https://liftpdf.com/learn/edit-pdf,https://liftpdf.com/guides/why-is-my-merged-pdf-too-large,"TroubleshootingProblemWhy Is My Merged PDF Too Large?A merged PDF is usually large because the source files contain high-resolution scans, photos, embedded images, duplicate pages or already-large PDFs.4 min readRead guide",INTERNAL
https://liftpdf.com/learn/edit-pdf,https://liftpdf.com/guides/why-is-my-pdf-too-large,"TroubleshootingFoundationWhy Is My PDF Too Large?PDFs usually become large because of scans, high-resolution photos, embedded fonts, attachments or unnecessary pages.7 min readRead guide",INTERNAL
https://liftpdf.com/learn/edit-pdf,https://liftpdf.com/guides/how-to-keep-original-image-quality,"PDF and ImagesProblemHow to Keep Original Image Quality in PDFTo keep original quality, avoid unnecessary resizing. Match the PDF page to the image when possible and use the cleanest source JPG.4 min readRead guide",INTERNAL
https://liftpdf.com/learn/edit-pdf,https://liftpdf.com/guides/add-page-numbers-to-pdf-report,"Organize PDFFoundationHow to Add Page Numbers to a PDF ReportAdd page numbers after merging, deleting and reordering pages so the numbering matches the final PDF.6 min readRead guide",INTERNAL
https://liftpdf.com/learn/edit-pdf,https://liftpdf.com/guides/add-page-numbers-before-sharing-pdf,"Organize PDFFoundationAdd Page Numbers Before Sharing a PDFPage numbers help recipients discuss and review a PDF, especially when it contains reports, attachments or application packets.6 min readRead guide",INTERNAL
https://liftpdf.com/learn/edit-pdf,https://liftpdf.com/guides/add-confidential-watermark-to-pdf,"PDF SecurityFoundationHow to Add a Confidential Watermark to a PDFA watermark labels a document visually. It is useful for drafts and confidential copies, but it is not the same as password protection.6 min readRead guide",INTERNAL
https://liftpdf.com/learn/edit-pdf,https://liftpdf.com/guides/watermark-pdf-before-sharing,"PDF SecurityFoundationWatermark PDF Before SharingWatermarks help label a PDF copy, but they do not replace password protection or secure sharing.6 min readRead guide",INTERNAL
https://liftpdf.com/learn/edit-pdf,https://liftpdf.com/compress-pdf,Compress PDFReduce PDF size when safe compression is possible.,INTERNAL
https://liftpdf.com/learn/edit-pdf,https://liftpdf.com/rotate-pdf,Rotate PDFRotate pages without rebuilding the whole workflow.,INTERNAL
https://liftpdf.com/learn/edit-pdf,https://liftpdf.com/watermark-pdf,Watermark PDFAdd a visible text or image watermark.,INTERNAL
https://liftpdf.com/learn/edit-pdf,https://liftpdf.com/add-page-numbers,Add Page NumbersNumber pages with clear formats and positions.,INTERNAL
https://liftpdf.com/learn/edit-pdf,https://liftpdf.com/learn/organize-pdf,"Organize PDFMerge, split, delete, extract and reorder PDF pages without changing the document more than necessary.",INTERNAL
https://liftpdf.com/learn/edit-pdf,https://liftpdf.com/learn/pdf-security,"PDF SecurityUnderstand password-protected PDFs, encryption, unlocking with a known password and browser-based privacy.",INTERNAL
https://liftpdf.com/learn/edit-pdf,https://liftpdf.com/learn/troubleshooting,"TroubleshootingFind practical explanations for failed conversions, protected PDFs, blank pages, huge files and scanned documents.",INTERNAL
https://liftpdf.com/learn/edit-pdf,https://liftpdf.com/,LiftPDF,INTERNAL
https://liftpdf.com/learn/edit-pdf,https://liftpdf.com/pdf-tools,All PDF Tools,INTERNAL
https://liftpdf.com/learn/edit-pdf,https://liftpdf.com/jpg-to-pdf,JPG to PDF,INTERNAL
https://liftpdf.com/learn/edit-pdf,https://liftpdf.com/merge-pdf,Merge PDF,INTERNAL
https://liftpdf.com/learn/edit-pdf,https://liftpdf.com/compress-pdf,Compress PDF,INTERNAL
https://liftpdf.com/learn/edit-pdf,https://liftpdf.com/pdf-converter,Convert PDF,INTERNAL
https://liftpdf.com/learn/edit-pdf,https://liftpdf.com/pdf-editor,Edit PDF,INTERNAL
https://liftpdf.com/learn/edit-pdf,https://liftpdf.com/organize-pdf,Organize PDF,INTERNAL
https://liftpdf.com/learn/edit-pdf,https://liftpdf.com/pdf-image-tools,Image Tools,INTERNAL
https://liftpdf.com/learn/edit-pdf,https://liftpdf.com/pdf-security,Security,INTERNAL
https://liftpdf.com/learn/edit-pdf,https://liftpdf.com/learn,Learning Center,INTERNAL
https://liftpdf.com/learn/edit-pdf,https://liftpdf.com/guides,Guides,INTERNAL
https://liftpdf.com/learn/edit-pdf,https://liftpdf.com/pdf-glossary,PDF Glossary,INTERNAL
https://liftpdf.com/learn/edit-pdf,https://liftpdf.com/help,Help Center,INTERNAL
https://liftpdf.com/learn/edit-pdf,https://liftpdf.com/privacy,Privacy,INTERNAL
https://liftpdf.com/learn/edit-pdf,https://liftpdf.com/cookies,Cookies,INTERNAL
https://liftpdf.com/learn/edit-pdf,https://liftpdf.com/security,Security,INTERNAL
https://liftpdf.com/learn/edit-pdf,https://liftpdf.com/about,About,INTERNAL
https://liftpdf.com/learn/edit-pdf,https://liftpdf.com/why-liftpdf,Why LiftPDF,INTERNAL
https://liftpdf.com/learn/edit-pdf,https://liftpdf.com/terms,Terms,INTERNAL
https://liftpdf.com/learn/edit-pdf,https://liftpdf.com/contact,Contact,INTERNAL
https://liftpdf.com/learn/pdf-security,https://liftpdf.com/,LiftPDF,INTERNAL
https://liftpdf.com/learn/pdf-security,https://liftpdf.com/pdf-tools,PDF Tools,INTERNAL
https://liftpdf.com/learn/pdf-security,https://liftpdf.com/learn,Learn,INTERNAL
https://liftpdf.com/learn/pdf-security,https://liftpdf.com/jpg-to-pdf,Image to PDF,INTERNAL
https://liftpdf.com/learn/pdf-security,https://liftpdf.com/pdf-converter,Convert,INTERNAL
https://liftpdf.com/learn/pdf-security,https://liftpdf.com/pdf-editor,Edit,INTERNAL
https://liftpdf.com/learn/pdf-security,https://liftpdf.com/jpg-to-pdf,Start Now,INTERNAL
https://liftpdf.com/learn/pdf-security,https://liftpdf.com/pdf-tools,PDF Tools,INTERNAL
https://liftpdf.com/learn/pdf-security,https://liftpdf.com/learn,Learn,INTERNAL
https://liftpdf.com/learn/pdf-security,https://liftpdf.com/jpg-to-pdf,Image to PDF,INTERNAL
https://liftpdf.com/learn/pdf-security,https://liftpdf.com/pdf-converter,Convert,INTERNAL
https://liftpdf.com/learn/pdf-security,https://liftpdf.com/pdf-editor,Edit,INTERNAL
https://liftpdf.com/learn/pdf-security,https://liftpdf.com/jpg-to-pdf,Start Now,INTERNAL
https://liftpdf.com/learn/pdf-security,https://liftpdf.com/guides/what-is-a-password-protected-pdf,Start with this guide,INTERNAL
https://liftpdf.com/learn/pdf-security,https://liftpdf.com/pdf-tools,Use a PDF tool,INTERNAL
https://liftpdf.com/learn/pdf-security,https://liftpdf.com/guides/what-is-a-password-protected-pdf,PDF SecurityFoundationWhat Is a Password-Protected PDF?A password-protected PDF is encrypted so the document requires a password before it can be opened or changed.5 min readRead guide,INTERNAL
https://liftpdf.com/learn/pdf-security,https://liftpdf.com/guides/why-a-pdf-is-password-protected,"PDF SecurityFoundationWhy a PDF Is Password ProtectedA PDF is usually password protected to limit opening, sharing or editing. Real protection means encryption, not just a warning label.6 min readRead guide",INTERNAL
https://liftpdf.com/learn/pdf-security,https://liftpdf.com/guides/protect-pdf-before-sending,"PDF SecurityFoundationHow to Protect a PDF Before Sending ItProtect a PDF when the recipient needs a password to open it, then send the password through a separate trusted channel.6 min readRead guide",INTERNAL
https://liftpdf.com/learn/pdf-security,https://liftpdf.com/guides/add-confidential-watermark-to-pdf,"PDF SecurityFoundationHow to Add a Confidential Watermark to a PDFA watermark labels a document visually. It is useful for drafts and confidential copies, but it is not the same as password protection.6 min readRead guide",INTERNAL
https://liftpdf.com/learn/pdf-security,https://liftpdf.com/guides/unlock-pdf-with-known-password,PDF SecurityFoundationHow to Unlock a PDF With a Known PasswordUnlocking a PDF is only possible when you provide the correct password. LiftPDF does not bypass unknown passwords.6 min readRead guide,INTERNAL
https://liftpdf.com/learn/pdf-security,https://liftpdf.com/guides/password-protected-pdf-not-opening,"TroubleshootingFoundationPassword-Protected PDF Not OpeningA protected PDF may fail to open because the password is wrong, the file is damaged, the download is incomplete or the viewer does not support the file correctly.6 min readRead guide",INTERNAL
https://liftpdf.com/learn/pdf-security,https://liftpdf.com/guides/what-is-browser-based-pdf-processing,PDF SecurityFoundationWhat Is Browser-Based PDF Processing?Browser-based PDF processing means the browser performs the PDF task on your device instead of sending the file to a backend upload queue.5 min readRead guide,INTERNAL
https://liftpdf.com/learn/pdf-security,https://liftpdf.com/guides/extract-pages-from-password-protected-pdf,"PDF SecurityProblemHow to Extract Pages From a Password Protected PDFIf a PDF is encrypted, you need the correct password before extracting pages. LiftPDF does not bypass passwords; it only works with files you can legally open.4 min readRead guide",INTERNAL
https://liftpdf.com/learn/pdf-security,https://liftpdf.com/protect-pdf,Protect PDFAdd a real opening password to a PDF.,INTERNAL
https://liftpdf.com/learn/pdf-security,https://liftpdf.com/unlock-pdf,Unlock PDFRemove encryption when you know the password.,INTERNAL
https://liftpdf.com/learn/pdf-security,https://liftpdf.com/privacy,PrivacyRead how LiftPDF handles privacy.,INTERNAL
https://liftpdf.com/learn/pdf-security,https://liftpdf.com/security,SecurityLearn about browser processing and QPDF WASM.,INTERNAL
https://liftpdf.com/learn/pdf-security,https://liftpdf.com/learn/pdf-basics,"PDF BasicsUnderstand how PDF files work, what they preserve and when a PDF task needs conversion, compression or OCR.",INTERNAL
https://liftpdf.com/learn/pdf-security,https://liftpdf.com/learn/troubleshooting,"TroubleshootingFind practical explanations for failed conversions, protected PDFs, blank pages, huge files and scanned documents.",INTERNAL
https://liftpdf.com/learn/pdf-security,https://liftpdf.com/learn/organize-pdf,"Organize PDFMerge, split, delete, extract and reorder PDF pages without changing the document more than necessary.",INTERNAL
https://liftpdf.com/learn/pdf-security,https://liftpdf.com/,LiftPDF,INTERNAL
https://liftpdf.com/learn/pdf-security,https://liftpdf.com/pdf-tools,All PDF Tools,INTERNAL
https://liftpdf.com/learn/pdf-security,https://liftpdf.com/jpg-to-pdf,JPG to PDF,INTERNAL
https://liftpdf.com/learn/pdf-security,https://liftpdf.com/merge-pdf,Merge PDF,INTERNAL
https://liftpdf.com/learn/pdf-security,https://liftpdf.com/compress-pdf,Compress PDF,INTERNAL
https://liftpdf.com/learn/pdf-security,https://liftpdf.com/pdf-converter,Convert PDF,INTERNAL
https://liftpdf.com/learn/pdf-security,https://liftpdf.com/pdf-editor,Edit PDF,INTERNAL
https://liftpdf.com/learn/pdf-security,https://liftpdf.com/organize-pdf,Organize PDF,INTERNAL
https://liftpdf.com/learn/pdf-security,https://liftpdf.com/pdf-image-tools,Image Tools,INTERNAL
https://liftpdf.com/learn/pdf-security,https://liftpdf.com/pdf-security,Security,INTERNAL
https://liftpdf.com/learn/pdf-security,https://liftpdf.com/learn,Learning Center,INTERNAL
https://liftpdf.com/learn/pdf-security,https://liftpdf.com/guides,Guides,INTERNAL
https://liftpdf.com/learn/pdf-security,https://liftpdf.com/pdf-glossary,PDF Glossary,INTERNAL
https://liftpdf.com/learn/pdf-security,https://liftpdf.com/help,Help Center,INTERNAL
https://liftpdf.com/learn/pdf-security,https://liftpdf.com/privacy,Privacy,INTERNAL
https://liftpdf.com/learn/pdf-security,https://liftpdf.com/cookies,Cookies,INTERNAL
https://liftpdf.com/learn/pdf-security,https://liftpdf.com/security,Security,INTERNAL
https://liftpdf.com/learn/pdf-security,https://liftpdf.com/about,About,INTERNAL
https://liftpdf.com/learn/pdf-security,https://liftpdf.com/why-liftpdf,Why LiftPDF,INTERNAL
https://liftpdf.com/learn/pdf-security,https://liftpdf.com/terms,Terms,INTERNAL
https://liftpdf.com/learn/pdf-security,https://liftpdf.com/contact,Contact,INTERNAL
https://liftpdf.com/learn/pdf-images,https://liftpdf.com/,LiftPDF,INTERNAL
https://liftpdf.com/learn/pdf-images,https://liftpdf.com/pdf-tools,PDF Tools,INTERNAL
https://liftpdf.com/learn/pdf-images,https://liftpdf.com/learn,Learn,INTERNAL
https://liftpdf.com/learn/pdf-images,https://liftpdf.com/jpg-to-pdf,Image to PDF,INTERNAL
https://liftpdf.com/learn/pdf-images,https://liftpdf.com/pdf-converter,Convert,INTERNAL
https://liftpdf.com/learn/pdf-images,https://liftpdf.com/pdf-editor,Edit,INTERNAL
https://liftpdf.com/learn/pdf-images,https://liftpdf.com/jpg-to-pdf,Start Now,INTERNAL
https://liftpdf.com/learn/pdf-images,https://liftpdf.com/pdf-tools,PDF Tools,INTERNAL
https://liftpdf.com/learn/pdf-images,https://liftpdf.com/learn,Learn,INTERNAL
https://liftpdf.com/learn/pdf-images,https://liftpdf.com/jpg-to-pdf,Image to PDF,INTERNAL
https://liftpdf.com/learn/pdf-images,https://liftpdf.com/pdf-converter,Convert,INTERNAL
https://liftpdf.com/learn/pdf-images,https://liftpdf.com/pdf-editor,Edit,INTERNAL
https://liftpdf.com/learn/pdf-images,https://liftpdf.com/jpg-to-pdf,Start Now,INTERNAL
https://liftpdf.com/learn/pdf-images,https://liftpdf.com/guides/jpg-vs-png,Start with this guide,INTERNAL
https://liftpdf.com/learn/pdf-images,https://liftpdf.com/pdf-tools,Use a PDF tool,INTERNAL
https://liftpdf.com/learn/pdf-images,https://liftpdf.com/guides/jpg-vs-png,"ComparisonsComparisonJPG vs PNG for PDF ConversionJPG and PNG are both useful, but they solve different problems. Choose JPG for photos and PNG for screenshots, sharp graphics or transparency.4 min readRead guide",INTERNAL
https://liftpdf.com/learn/pdf-images,https://liftpdf.com/guides/jpg-vs-jpeg,PDF and ImagesFoundationJPG vs JPEGJPG and JPEG usually mean the same image format. The shorter .jpg extension became common because older systems used three-letter file extensions.3 min readRead guide,INTERNAL
https://liftpdf.com/learn/pdf-images,https://liftpdf.com/guides/png-vs-pdf,PDF and ImagesFoundationPNG vs PDFPNG is an image format. PDF is a document format. Use PNG for a single visual image and PDF when pages should behave like a document.4 min readRead guide,INTERNAL
https://liftpdf.com/learn/pdf-images,https://liftpdf.com/guides/pdf-vs-jpg,"ComparisonsFoundationPDF vs JPGUse JPG for individual photos and PDF for documents, submissions and multi-page page-based workflows.6 min readRead guide",INTERNAL
https://liftpdf.com/learn/pdf-images,https://liftpdf.com/guides/pdf-vs-png,"ComparisonsFoundationPDF vs PNGUse PNG for screenshots and transparent graphics. Use PDF when pages need to be shared, printed or submitted as a document.6 min readRead guide",INTERNAL
https://liftpdf.com/learn/pdf-images,https://liftpdf.com/guides/pdf-to-jpg-vs-pdf-to-png,"ComparisonsFoundationPDF to JPG vs PDF to PNGChoose JPG for smaller photo-like exports and PNG for sharper screenshots, text-heavy pages and clean graphics.6 min readRead guide",INTERNAL
https://liftpdf.com/learn/pdf-images,https://liftpdf.com/guides/how-to-convert-pdf-to-jpg,"Convert PDFFoundationHow to Convert PDF to JPGUse PDF to JPG when you need page previews, photo-friendly images or shareable page snapshots rather than editable PDF pages.6 min readRead guide",INTERNAL
https://liftpdf.com/learn/pdf-images,https://liftpdf.com/guides/how-to-convert-pdf-to-png,"Convert PDFFoundationHow to Convert PDF to PNGUse PDF to PNG when sharp edges, screenshots, diagrams or text-heavy page images matter more than the smallest image file size.6 min readRead guide",INTERNAL
https://liftpdf.com/learn/pdf-images,https://liftpdf.com/guides/why-are-pdf-to-jpg-images-blurry,"TroubleshootingFoundationWhy Are My PDF to JPG Images Blurry?Blurry PDF to JPG exports usually come from low render quality, small source scans, JPG compression or enlarging the output after export.6 min readRead guide",INTERNAL
https://liftpdf.com/learn/pdf-images,https://liftpdf.com/guides/convert-receipts-to-pdf,"PDF and ImagesFoundationHow to Convert Receipts to PDFReceipt PDFs are easiest to review when photos are clear, cropped, ordered and exported as one document instead of loose images.6 min readRead guide",INTERNAL
https://liftpdf.com/learn/pdf-images,https://liftpdf.com/guides/combine-screenshots-into-pdf,"PDF and ImagesFoundationHow to Combine Screenshots Into One PDFScreenshots become easier to share when they are ordered, converted to PDF and checked for readable text.6 min readRead guide",INTERNAL
https://liftpdf.com/learn/pdf-images,https://liftpdf.com/guides/turn-school-assignment-photos-into-pdf,"PDF and ImagesFoundationHow to Turn School Assignment Photos Into a PDFAssignment photos should be readable, in page order and exported as one PDF when the school portal asks for PDF submission.6 min readRead guide",INTERNAL
https://liftpdf.com/learn/pdf-images,https://liftpdf.com/guides/how-to-convert-multiple-jpg-to-pdf,"PDF and ImagesGuideHow to Convert Multiple JPG Files to One PDFWhen several images belong together, convert them into one PDF instead of sending a loose batch of attachments.4 min readRead guide",INTERNAL
https://liftpdf.com/learn/pdf-images,https://liftpdf.com/guides/how-to-keep-pdf-images-sharp,PDF and ImagesFoundationHow to Keep PDF Images SharpSharp PDF images start with high-resolution source files and layout settings that do not stretch or repeatedly recompress them.6 min readRead guide,INTERNAL
https://liftpdf.com/learn/pdf-images,https://liftpdf.com/guides/why-is-my-jpg-blurry-after-pdf,"PDF and ImagesProblemWhy Is My JPG Blurry After PDF Conversion?Blurry PDF output usually comes from low source resolution, over-compression, excessive scaling or viewer zoom behavior.4 min readRead guide",INTERNAL
https://liftpdf.com/learn/pdf-images,https://liftpdf.com/jpg-to-pdf,JPG to PDFConvert JPG images into a clean PDF.,INTERNAL
https://liftpdf.com/learn/pdf-images,https://liftpdf.com/png-to-pdf,PNG to PDFConvert PNG screenshots or graphics into PDF.,INTERNAL
https://liftpdf.com/learn/pdf-images,https://liftpdf.com/images-to-pdf,"Images to PDFCombine JPG, PNG and WEBP images in one PDF.",INTERNAL
https://liftpdf.com/learn/pdf-images,https://liftpdf.com/pdf-to-jpg,PDF to JPGExport PDF pages as JPG images.,INTERNAL
https://liftpdf.com/learn/pdf-images,https://liftpdf.com/learn/convert-pdf,"Convert PDFConvert between PDF, images and text while keeping the workflow honest about quality and OCR limits.",INTERNAL
https://liftpdf.com/learn/pdf-images,https://liftpdf.com/learn/pdf-basics,"PDF BasicsUnderstand how PDF files work, what they preserve and when a PDF task needs conversion, compression or OCR.",INTERNAL
https://liftpdf.com/learn/pdf-images,https://liftpdf.com/learn/troubleshooting,"TroubleshootingFind practical explanations for failed conversions, protected PDFs, blank pages, huge files and scanned documents.",INTERNAL
https://liftpdf.com/learn/pdf-images,https://liftpdf.com/,LiftPDF,INTERNAL
https://liftpdf.com/learn/pdf-images,https://liftpdf.com/pdf-tools,All PDF Tools,INTERNAL
https://liftpdf.com/learn/pdf-images,https://liftpdf.com/jpg-to-pdf,JPG to PDF,INTERNAL
https://liftpdf.com/learn/pdf-images,https://liftpdf.com/merge-pdf,Merge PDF,INTERNAL
https://liftpdf.com/learn/pdf-images,https://liftpdf.com/compress-pdf,Compress PDF,INTERNAL
https://liftpdf.com/learn/pdf-images,https://liftpdf.com/pdf-converter,Convert PDF,INTERNAL
https://liftpdf.com/learn/pdf-images,https://liftpdf.com/pdf-editor,Edit PDF,INTERNAL
https://liftpdf.com/learn/pdf-images,https://liftpdf.com/organize-pdf,Organize PDF,INTERNAL
https://liftpdf.com/learn/pdf-images,https://liftpdf.com/pdf-image-tools,Image Tools,INTERNAL
https://liftpdf.com/learn/pdf-images,https://liftpdf.com/pdf-security,Security,INTERNAL
https://liftpdf.com/learn/pdf-images,https://liftpdf.com/learn,Learning Center,INTERNAL
https://liftpdf.com/learn/pdf-images,https://liftpdf.com/guides,Guides,INTERNAL
https://liftpdf.com/learn/pdf-images,https://liftpdf.com/pdf-glossary,PDF Glossary,INTERNAL
https://liftpdf.com/learn/pdf-images,https://liftpdf.com/help,Help Center,INTERNAL
https://liftpdf.com/learn/pdf-images,https://liftpdf.com/privacy,Privacy,INTERNAL
https://liftpdf.com/learn/pdf-images,https://liftpdf.com/cookies,Cookies,INTERNAL
https://liftpdf.com/learn/pdf-images,https://liftpdf.com/security,Security,INTERNAL
https://liftpdf.com/learn/pdf-images,https://liftpdf.com/about,About,INTERNAL
https://liftpdf.com/learn/pdf-images,https://liftpdf.com/why-liftpdf,Why LiftPDF,INTERNAL
https://liftpdf.com/learn/pdf-images,https://liftpdf.com/terms,Terms,INTERNAL
https://liftpdf.com/learn/pdf-images,https://liftpdf.com/contact,Contact,INTERNAL
https://liftpdf.com/learn/troubleshooting,https://liftpdf.com/,LiftPDF,INTERNAL
https://liftpdf.com/learn/troubleshooting,https://liftpdf.com/pdf-tools,PDF Tools,INTERNAL
https://liftpdf.com/learn/troubleshooting,https://liftpdf.com/learn,Learn,INTERNAL
https://liftpdf.com/learn/troubleshooting,https://liftpdf.com/jpg-to-pdf,Image to PDF,INTERNAL
https://liftpdf.com/learn/troubleshooting,https://liftpdf.com/pdf-converter,Convert,INTERNAL
https://liftpdf.com/learn/troubleshooting,https://liftpdf.com/pdf-editor,Edit,INTERNAL
https://liftpdf.com/learn/troubleshooting,https://liftpdf.com/jpg-to-pdf,Start Now,INTERNAL
https://liftpdf.com/learn/troubleshooting,https://liftpdf.com/pdf-tools,PDF Tools,INTERNAL
https://liftpdf.com/learn/troubleshooting,https://liftpdf.com/learn,Learn,INTERNAL
https://liftpdf.com/learn/troubleshooting,https://liftpdf.com/jpg-to-pdf,Image to PDF,INTERNAL
https://liftpdf.com/learn/troubleshooting,https://liftpdf.com/pdf-converter,Convert,INTERNAL
https://liftpdf.com/learn/troubleshooting,https://liftpdf.com/pdf-editor,Edit,INTERNAL
https://liftpdf.com/learn/troubleshooting,https://liftpdf.com/jpg-to-pdf,Start Now,INTERNAL
https://liftpdf.com/learn/troubleshooting,https://liftpdf.com/guides/why-cant-i-merge-pdf-files,Start with this guide,INTERNAL
https://liftpdf.com/learn/troubleshooting,https://liftpdf.com/pdf-tools,Use a PDF tool,INTERNAL
https://liftpdf.com/learn/troubleshooting,https://liftpdf.com/guides/why-cant-i-merge-pdf-files,"TroubleshootingProblemWhy Can't I Merge PDF Files?PDF merging usually fails for a practical reason: the file is protected, damaged, too large for the device, not really a PDF, or blocked by browser limits.4 min readRead guide",INTERNAL
https://liftpdf.com/learn/troubleshooting,https://liftpdf.com/guides/why-does-merge-pdf-fail,"TroubleshootingProblemWhy Does Merge PDF Fail?A merge failure is usually a file-read problem, not a mystery. The safest fix is to identify the file that cannot be read and replace, unlock or simplify it.4 min readRead guide",INTERNAL
https://liftpdf.com/learn/troubleshooting,https://liftpdf.com/guides/why-cant-i-merge-protected-pdfs,"PDF SecurityProblemWhy Can't I Merge Protected PDFs?Protected PDFs are encrypted so tools cannot read their pages without the correct password. To merge them, unlock the file first if you are authorized.4 min readRead guide",INTERNAL
https://liftpdf.com/learn/troubleshooting,https://liftpdf.com/guides/why-cant-i-convert-jpg-to-pdf,"PDF and ImagesProblemWhy Can't I Convert JPG to PDF?Most JPG conversion failures come from unsupported file types, damaged images, very large files or browser memory limits.4 min readRead guide",INTERNAL
https://liftpdf.com/learn/troubleshooting,https://liftpdf.com/guides/why-cant-i-copy-text-from-pdf,"TroubleshootingFoundationWhy Can't I Copy Text From a PDF?You may not be able to copy text because the PDF is scanned, image-based, protected, damaged or does not contain a usable text layer.6 min readRead guide",INTERNAL
https://liftpdf.com/learn/troubleshooting,https://liftpdf.com/guides/why-are-pdf-to-jpg-images-blurry,"TroubleshootingFoundationWhy Are My PDF to JPG Images Blurry?Blurry PDF to JPG exports usually come from low render quality, small source scans, JPG compression or enlarging the output after export.6 min readRead guide",INTERNAL
https://liftpdf.com/learn/troubleshooting,https://liftpdf.com/guides/password-protected-pdf-not-opening,"TroubleshootingFoundationPassword-Protected PDF Not OpeningA protected PDF may fail to open because the password is wrong, the file is damaged, the download is incomplete or the viewer does not support the file correctly.6 min readRead guide",INTERNAL
https://liftpdf.com/learn/troubleshooting,https://liftpdf.com/guides/why-pdf-opens-blank,"TroubleshootingFoundationWhy a PDF Opens Blank and How to Fix ItA blank-looking PDF can be damaged, encrypted, partially downloaded, image-only with rendering issues or created by an app with unusual layers.6 min readRead guide",INTERNAL
https://liftpdf.com/learn/troubleshooting,https://liftpdf.com/guides/why-pdf-text-extraction-fails,"TroubleshootingFoundationWhy PDF Text Extraction FailsText extraction can fail when a PDF has no selectable text, is protected, is damaged or stores text in an unusual visual order.6 min readRead guide",INTERNAL
https://liftpdf.com/learn/troubleshooting,https://liftpdf.com/guides/why-is-my-pdf-too-large,"TroubleshootingFoundationWhy Is My PDF Too Large?PDFs usually become large because of scans, high-resolution photos, embedded fonts, attachments or unnecessary pages.7 min readRead guide",INTERNAL
https://liftpdf.com/learn/troubleshooting,https://liftpdf.com/guides/reduce-scanned-pdf-size,TroubleshootingFoundationHow to Reduce Scanned PDF File SizeScanned PDFs are often large because every page is stored as an image. Reduce size carefully and check whether the scan remains readable.7 min readRead guide,INTERNAL
https://liftpdf.com/learn/troubleshooting,https://liftpdf.com/guides/scanned-pdf-vs-searchable-pdf,PDF BasicsFoundationScanned PDF vs Searchable PDFA scanned PDF is usually made of page images. A searchable PDF contains selectable text that can be copied or extracted.5 min readRead guide,INTERNAL
https://liftpdf.com/learn/troubleshooting,https://liftpdf.com/help,Help CenterBrowse common support answers.,INTERNAL
https://liftpdf.com/learn/troubleshooting,https://liftpdf.com/unlock-pdf,Unlock PDFUnlock protected PDFs when you know the password.,INTERNAL
https://liftpdf.com/learn/troubleshooting,https://liftpdf.com/pdf-to-text,PDF to TextCheck whether a PDF contains selectable text.,INTERNAL
https://liftpdf.com/learn/troubleshooting,https://liftpdf.com/learn/pdf-security,"PDF SecurityUnderstand password-protected PDFs, encryption, unlocking with a known password and browser-based privacy.",INTERNAL
https://liftpdf.com/learn/troubleshooting,https://liftpdf.com/learn/pdf-basics,"PDF BasicsUnderstand how PDF files work, what they preserve and when a PDF task needs conversion, compression or OCR.",INTERNAL
https://liftpdf.com/learn/troubleshooting,https://liftpdf.com/learn/convert-pdf,"Convert PDFConvert between PDF, images and text while keeping the workflow honest about quality and OCR limits.",INTERNAL
https://liftpdf.com/learn/troubleshooting,https://liftpdf.com/,LiftPDF,INTERNAL
https://liftpdf.com/learn/troubleshooting,https://liftpdf.com/pdf-tools,All PDF Tools,INTERNAL
https://liftpdf.com/learn/troubleshooting,https://liftpdf.com/jpg-to-pdf,JPG to PDF,INTERNAL
https://liftpdf.com/learn/troubleshooting,https://liftpdf.com/merge-pdf,Merge PDF,INTERNAL
https://liftpdf.com/learn/troubleshooting,https://liftpdf.com/compress-pdf,Compress PDF,INTERNAL
https://liftpdf.com/learn/troubleshooting,https://liftpdf.com/pdf-converter,Convert PDF,INTERNAL
https://liftpdf.com/learn/troubleshooting,https://liftpdf.com/pdf-editor,Edit PDF,INTERNAL
https://liftpdf.com/learn/troubleshooting,https://liftpdf.com/organize-pdf,Organize PDF,INTERNAL
https://liftpdf.com/learn/troubleshooting,https://liftpdf.com/pdf-image-tools,Image Tools,INTERNAL
https://liftpdf.com/learn/troubleshooting,https://liftpdf.com/pdf-security,Security,INTERNAL
https://liftpdf.com/learn/troubleshooting,https://liftpdf.com/learn,Learning Center,INTERNAL
https://liftpdf.com/learn/troubleshooting,https://liftpdf.com/guides,Guides,INTERNAL
https://liftpdf.com/learn/troubleshooting,https://liftpdf.com/pdf-glossary,PDF Glossary,INTERNAL
https://liftpdf.com/learn/troubleshooting,https://liftpdf.com/help,Help Center,INTERNAL
https://liftpdf.com/learn/troubleshooting,https://liftpdf.com/privacy,Privacy,INTERNAL
https://liftpdf.com/learn/troubleshooting,https://liftpdf.com/cookies,Cookies,INTERNAL
https://liftpdf.com/learn/troubleshooting,https://liftpdf.com/security,Security,INTERNAL
https://liftpdf.com/learn/troubleshooting,https://liftpdf.com/about,About,INTERNAL
https://liftpdf.com/learn/troubleshooting,https://liftpdf.com/why-liftpdf,Why LiftPDF,INTERNAL
https://liftpdf.com/learn/troubleshooting,https://liftpdf.com/terms,Terms,INTERNAL
https://liftpdf.com/learn/troubleshooting,https://liftpdf.com/contact,Contact,INTERNAL
https://liftpdf.com/learn/comparisons,https://liftpdf.com/,LiftPDF,INTERNAL
https://liftpdf.com/learn/comparisons,https://liftpdf.com/pdf-tools,PDF Tools,INTERNAL
https://liftpdf.com/learn/comparisons,https://liftpdf.com/learn,Learn,INTERNAL
https://liftpdf.com/learn/comparisons,https://liftpdf.com/jpg-to-pdf,Image to PDF,INTERNAL
https://liftpdf.com/learn/comparisons,https://liftpdf.com/pdf-converter,Convert,INTERNAL
https://liftpdf.com/learn/comparisons,https://liftpdf.com/pdf-editor,Edit,INTERNAL
https://liftpdf.com/learn/comparisons,https://liftpdf.com/jpg-to-pdf,Start Now,INTERNAL
https://liftpdf.com/learn/comparisons,https://liftpdf.com/pdf-tools,PDF Tools,INTERNAL
https://liftpdf.com/learn/comparisons,https://liftpdf.com/learn,Learn,INTERNAL
https://liftpdf.com/learn/comparisons,https://liftpdf.com/jpg-to-pdf,Image to PDF,INTERNAL
https://liftpdf.com/learn/comparisons,https://liftpdf.com/pdf-converter,Convert,INTERNAL
https://liftpdf.com/learn/comparisons,https://liftpdf.com/pdf-editor,Edit,INTERNAL
https://liftpdf.com/learn/comparisons,https://liftpdf.com/jpg-to-pdf,Start Now,INTERNAL
https://liftpdf.com/learn/comparisons,https://liftpdf.com/guides/jpg-vs-png,Start with this guide,INTERNAL
https://liftpdf.com/learn/comparisons,https://liftpdf.com/pdf-tools,Use a PDF tool,INTERNAL
https://liftpdf.com/learn/comparisons,https://liftpdf.com/guides/jpg-vs-png,"ComparisonsComparisonJPG vs PNG for PDF ConversionJPG and PNG are both useful, but they solve different problems. Choose JPG for photos and PNG for screenshots, sharp graphics or transparency.4 min readRead guide",INTERNAL
https://liftpdf.com/learn/comparisons,https://liftpdf.com/guides/jpg-vs-jpeg,PDF and ImagesFoundationJPG vs JPEGJPG and JPEG usually mean the same image format. The shorter .jpg extension became common because older systems used three-letter file extensions.3 min readRead guide,INTERNAL
https://liftpdf.com/learn/comparisons,https://liftpdf.com/guides/png-vs-pdf,PDF and ImagesFoundationPNG vs PDFPNG is an image format. PDF is a document format. Use PNG for a single visual image and PDF when pages should behave like a document.4 min readRead guide,INTERNAL
https://liftpdf.com/learn/comparisons,https://liftpdf.com/guides/pdf-vs-jpg,"ComparisonsFoundationPDF vs JPGUse JPG for individual photos and PDF for documents, submissions and multi-page page-based workflows.6 min readRead guide",INTERNAL
https://liftpdf.com/learn/comparisons,https://liftpdf.com/guides/pdf-vs-png,"ComparisonsFoundationPDF vs PNGUse PNG for screenshots and transparent graphics. Use PDF when pages need to be shared, printed or submitted as a document.6 min readRead guide",INTERNAL
https://liftpdf.com/learn/comparisons,https://liftpdf.com/guides/pdf-to-jpg-vs-pdf-to-png,"ComparisonsFoundationPDF to JPG vs PDF to PNGChoose JPG for smaller photo-like exports and PNG for sharper screenshots, text-heavy pages and clean graphics.6 min readRead guide",INTERNAL
https://liftpdf.com/learn/comparisons,https://liftpdf.com/guides/pdf-compression-vs-optimization,"ComparisonsFoundationPDF Compression vs OptimizationCompression reduces stored data. Optimization can also clean structure, remove waste and prepare the file for a specific use.6 min readRead guide",INTERNAL
https://liftpdf.com/learn/comparisons,https://liftpdf.com/guides/merge-pdf-vs-combine-pdf,"ComparisonsComparisonMerge PDF vs Combine PDFFor most users, merge PDF and combine PDF mean the same task: put multiple PDFs into one file. The important decision is file order and whether pages should be removed first.4 min readRead guide",INTERNAL
https://liftpdf.com/learn/comparisons,https://liftpdf.com/guides/jpg-to-pdf-vs-word,"ComparisonsComparisonJPG to PDF vs WordUse PDF when you need a stable document. Use Word when you need editable text and layout, not just image pages.4 min readRead guide",INTERNAL
https://liftpdf.com/learn/comparisons,https://liftpdf.com/pdf-tools,PDF ToolsCompare available tool categories.,INTERNAL
https://liftpdf.com/learn/comparisons,https://liftpdf.com/pdf-image-tools,PDF Image ToolsChoose image and PDF workflows.,INTERNAL
https://liftpdf.com/learn/comparisons,https://liftpdf.com/organize-pdf,Organize PDFCompare page organization tools.,INTERNAL
https://liftpdf.com/learn/comparisons,https://liftpdf.com/learn/pdf-images,"PDF and ImagesLearn when to use JPG, PNG, PDF pages and image conversion without losing the point of the original file.",INTERNAL
https://liftpdf.com/learn/comparisons,https://liftpdf.com/learn/organize-pdf,"Organize PDFMerge, split, delete, extract and reorder PDF pages without changing the document more than necessary.",INTERNAL
https://liftpdf.com/learn/comparisons,https://liftpdf.com/learn/convert-pdf,"Convert PDFConvert between PDF, images and text while keeping the workflow honest about quality and OCR limits.",INTERNAL
https://liftpdf.com/learn/comparisons,https://liftpdf.com/,LiftPDF,INTERNAL
https://liftpdf.com/learn/comparisons,https://liftpdf.com/pdf-tools,All PDF Tools,INTERNAL
https://liftpdf.com/learn/comparisons,https://liftpdf.com/jpg-to-pdf,JPG to PDF,INTERNAL
https://liftpdf.com/learn/comparisons,https://liftpdf.com/merge-pdf,Merge PDF,INTERNAL
https://liftpdf.com/learn/comparisons,https://liftpdf.com/compress-pdf,Compress PDF,INTERNAL
https://liftpdf.com/learn/comparisons,https://liftpdf.com/pdf-converter,Convert PDF,INTERNAL
https://liftpdf.com/learn/comparisons,https://liftpdf.com/pdf-editor,Edit PDF,INTERNAL
https://liftpdf.com/learn/comparisons,https://liftpdf.com/organize-pdf,Organize PDF,INTERNAL
https://liftpdf.com/learn/comparisons,https://liftpdf.com/pdf-image-tools,Image Tools,INTERNAL
https://liftpdf.com/learn/comparisons,https://liftpdf.com/pdf-security,Security,INTERNAL
https://liftpdf.com/learn/comparisons,https://liftpdf.com/learn,Learning Center,INTERNAL
https://liftpdf.com/learn/comparisons,https://liftpdf.com/guides,Guides,INTERNAL
https://liftpdf.com/learn/comparisons,https://liftpdf.com/pdf-glossary,PDF Glossary,INTERNAL
https://liftpdf.com/learn/comparisons,https://liftpdf.com/help,Help Center,INTERNAL
https://liftpdf.com/learn/comparisons,https://liftpdf.com/privacy,Privacy,INTERNAL
https://liftpdf.com/learn/comparisons,https://liftpdf.com/cookies,Cookies,INTERNAL
https://liftpdf.com/learn/comparisons,https://liftpdf.com/security,Security,INTERNAL
https://liftpdf.com/learn/comparisons,https://liftpdf.com/about,About,INTERNAL
https://liftpdf.com/learn/comparisons,https://liftpdf.com/why-liftpdf,Why LiftPDF,INTERNAL
https://liftpdf.com/learn/comparisons,https://liftpdf.com/terms,Terms,INTERNAL
https://liftpdf.com/learn/comparisons,https://liftpdf.com/contact,Contact,INTERNAL
https://liftpdf.com/jpg-to-pdf,https://liftpdf.com/,LiftPDF,INTERNAL
https://liftpdf.com/jpg-to-pdf,https://liftpdf.com/pdf-tools,PDF Tools,INTERNAL
https://liftpdf.com/jpg-to-pdf,https://liftpdf.com/learn,Learn,INTERNAL
https://liftpdf.com/jpg-to-pdf,https://liftpdf.com/jpg-to-pdf,Image to PDF,INTERNAL
https://liftpdf.com/jpg-to-pdf,https://liftpdf.com/pdf-converter,Convert,INTERNAL
https://liftpdf.com/jpg-to-pdf,https://liftpdf.com/pdf-editor,Edit,INTERNAL
https://liftpdf.com/jpg-to-pdf,https://liftpdf.com/jpg-to-pdf,Start Now,INTERNAL
https://liftpdf.com/jpg-to-pdf,https://liftpdf.com/pdf-tools,PDF Tools,INTERNAL
https://liftpdf.com/jpg-to-pdf,https://liftpdf.com/learn,Learn,INTERNAL
https://liftpdf.com/jpg-to-pdf,https://liftpdf.com/jpg-to-pdf,Image to PDF,INTERNAL
https://liftpdf.com/jpg-to-pdf,https://liftpdf.com/pdf-converter,Convert,INTERNAL
https://liftpdf.com/jpg-to-pdf,https://liftpdf.com/pdf-editor,Edit,INTERNAL
https://liftpdf.com/jpg-to-pdf,https://liftpdf.com/jpg-to-pdf,Start Now,INTERNAL
https://liftpdf.com/jpg-to-pdf,https://liftpdf.com/png-to-pdf,PNG to PDFUse this when your source images are PNG files or include transparency.Open tool,INTERNAL
https://liftpdf.com/jpg-to-pdf,https://liftpdf.com/images-to-pdf,"Images to PDFCombine JPG, PNG and WEBP images in one mixed-format PDF.Open tool",INTERNAL
https://liftpdf.com/jpg-to-pdf,https://liftpdf.com/pdf-to-jpg,PDF to JPGExport finished PDF pages back into JPG images when needed.Open tool,INTERNAL
https://liftpdf.com/jpg-to-pdf,https://liftpdf.com/compress-pdf,Compress PDFRebuild the final PDF with safe browser-side compression.Open tool,INTERNAL
https://liftpdf.com/jpg-to-pdf,https://liftpdf.com/guides/how-to-convert-jpg-to-pdf,How to convert JPG to PDF,INTERNAL
https://liftpdf.com/jpg-to-pdf,https://liftpdf.com/guides/why-is-my-jpg-blurry-after-pdf,Why JPG gets blurry,INTERNAL
https://liftpdf.com/jpg-to-pdf,https://liftpdf.com/guides/jpg-vs-png,JPG vs PNG,INTERNAL
https://liftpdf.com/jpg-to-pdf,https://liftpdf.com/pdf-glossary#resolution,Resolution,INTERNAL
https://liftpdf.com/jpg-to-pdf,https://liftpdf.com/png-to-pdf,PNG to PDFTurn PNG images into PDF pages in your browser.FreeSecureBrowserOpen tool,INTERNAL
https://liftpdf.com/jpg-to-pdf,https://liftpdf.com/images-to-pdf,"Images to PDFCombine JPG, PNG and WEBP images into one PDF.FreeSecureBrowserOpen tool",INTERNAL
https://liftpdf.com/jpg-to-pdf,https://liftpdf.com/pdf-to-jpg,PDF to JPGExport every PDF page as a high-quality JPG image.FreeSecureBrowserOpen tool,INTERNAL
https://liftpdf.com/jpg-to-pdf,https://liftpdf.com/pdf-to-png,PDF to PNGConvert PDF pages into sharp PNG images.FreeSecureBrowserOpen tool,INTERNAL
https://liftpdf.com/jpg-to-pdf,https://liftpdf.com/privacy,Read privacy details,INTERNAL
https://liftpdf.com/jpg-to-pdf,https://liftpdf.com/security,Security overview,INTERNAL
https://liftpdf.com/jpg-to-pdf,https://liftpdf.com/,LiftPDF,INTERNAL
https://liftpdf.com/jpg-to-pdf,https://liftpdf.com/pdf-tools,All PDF Tools,INTERNAL
https://liftpdf.com/jpg-to-pdf,https://liftpdf.com/jpg-to-pdf,JPG to PDF,INTERNAL
https://liftpdf.com/jpg-to-pdf,https://liftpdf.com/merge-pdf,Merge PDF,INTERNAL
https://liftpdf.com/jpg-to-pdf,https://liftpdf.com/compress-pdf,Compress PDF,INTERNAL
https://liftpdf.com/jpg-to-pdf,https://liftpdf.com/pdf-converter,Convert PDF,INTERNAL
https://liftpdf.com/jpg-to-pdf,https://liftpdf.com/pdf-editor,Edit PDF,INTERNAL
https://liftpdf.com/jpg-to-pdf,https://liftpdf.com/organize-pdf,Organize PDF,INTERNAL
https://liftpdf.com/jpg-to-pdf,https://liftpdf.com/pdf-image-tools,Image Tools,INTERNAL
https://liftpdf.com/jpg-to-pdf,https://liftpdf.com/pdf-security,Security,INTERNAL
https://liftpdf.com/jpg-to-pdf,https://liftpdf.com/learn,Learning Center,INTERNAL
https://liftpdf.com/jpg-to-pdf,https://liftpdf.com/guides,Guides,INTERNAL
https://liftpdf.com/jpg-to-pdf,https://liftpdf.com/pdf-glossary,PDF Glossary,INTERNAL
https://liftpdf.com/jpg-to-pdf,https://liftpdf.com/help,Help Center,INTERNAL
https://liftpdf.com/jpg-to-pdf,https://liftpdf.com/privacy,Privacy,INTERNAL
https://liftpdf.com/jpg-to-pdf,https://liftpdf.com/cookies,Cookies,INTERNAL
https://liftpdf.com/jpg-to-pdf,https://liftpdf.com/security,Security,INTERNAL
https://liftpdf.com/jpg-to-pdf,https://liftpdf.com/about,About,INTERNAL
https://liftpdf.com/jpg-to-pdf,https://liftpdf.com/why-liftpdf,Why LiftPDF,INTERNAL
https://liftpdf.com/jpg-to-pdf,https://liftpdf.com/terms,Terms,INTERNAL
https://liftpdf.com/jpg-to-pdf,https://liftpdf.com/contact,Contact,INTERNAL
https://liftpdf.com/png-to-pdf,https://liftpdf.com/,LiftPDF,INTERNAL
https://liftpdf.com/png-to-pdf,https://liftpdf.com/pdf-tools,PDF Tools,INTERNAL
https://liftpdf.com/png-to-pdf,https://liftpdf.com/learn,Learn,INTERNAL
https://liftpdf.com/png-to-pdf,https://liftpdf.com/jpg-to-pdf,Image to PDF,INTERNAL
https://liftpdf.com/png-to-pdf,https://liftpdf.com/pdf-converter,Convert,INTERNAL
https://liftpdf.com/png-to-pdf,https://liftpdf.com/pdf-editor,Edit,INTERNAL
https://liftpdf.com/png-to-pdf,https://liftpdf.com/jpg-to-pdf,Start Now,INTERNAL
https://liftpdf.com/png-to-pdf,https://liftpdf.com/pdf-tools,PDF Tools,INTERNAL
https://liftpdf.com/png-to-pdf,https://liftpdf.com/learn,Learn,INTERNAL
https://liftpdf.com/png-to-pdf,https://liftpdf.com/jpg-to-pdf,Image to PDF,INTERNAL
https://liftpdf.com/png-to-pdf,https://liftpdf.com/pdf-converter,Convert,INTERNAL
https://liftpdf.com/png-to-pdf,https://liftpdf.com/pdf-editor,Edit,INTERNAL
https://liftpdf.com/png-to-pdf,https://liftpdf.com/jpg-to-pdf,Start Now,INTERNAL
https://liftpdf.com/png-to-pdf,https://liftpdf.com/jpg-to-pdf,JPG to PDFConvert photo-style images into PDF pages.Open tool,INTERNAL
https://liftpdf.com/png-to-pdf,https://liftpdf.com/images-to-pdf,Images to PDFMix PNG with JPG or WEBP files in a single PDF.Open tool,INTERNAL
https://liftpdf.com/png-to-pdf,https://liftpdf.com/pdf-to-png,PDF to PNGExport PDF pages back into PNG images.Open tool,INTERNAL
https://liftpdf.com/png-to-pdf,https://liftpdf.com/merge-pdf,Merge PDFCombine this PDF with other PDF documents.Open tool,INTERNAL
https://liftpdf.com/png-to-pdf,https://liftpdf.com/guides/png-vs-pdf,PNG vs PDF,INTERNAL
https://liftpdf.com/png-to-pdf,https://liftpdf.com/guides/jpg-vs-png,JPG vs PNG,INTERNAL
https://liftpdf.com/png-to-pdf,https://liftpdf.com/guides/pdf-vs-png,PDF vs PNG,INTERNAL
https://liftpdf.com/png-to-pdf,https://liftpdf.com/learn/pdf-images,PDF and images hub,INTERNAL
https://liftpdf.com/png-to-pdf,https://liftpdf.com/jpg-to-pdf,JPG to PDFConvert JPG images into a clean PDF file.FreeSecureBrowserOpen tool,INTERNAL
https://liftpdf.com/png-to-pdf,https://liftpdf.com/images-to-pdf,"Images to PDFCombine JPG, PNG and WEBP images into one PDF.FreeSecureBrowserOpen tool",INTERNAL
https://liftpdf.com/png-to-pdf,https://liftpdf.com/pdf-to-png,PDF to PNGConvert PDF pages into sharp PNG images.FreeSecureBrowserOpen tool,INTERNAL
https://liftpdf.com/png-to-pdf,https://liftpdf.com/pdf-to-jpg,PDF to JPGExport every PDF page as a high-quality JPG image.FreeSecureBrowserOpen tool,INTERNAL
https://liftpdf.com/png-to-pdf,https://liftpdf.com/privacy,Read privacy details,INTERNAL
https://liftpdf.com/png-to-pdf,https://liftpdf.com/security,Security overview,INTERNAL
https://liftpdf.com/png-to-pdf,https://liftpdf.com/,LiftPDF,INTERNAL
https://liftpdf.com/png-to-pdf,https://liftpdf.com/pdf-tools,All PDF Tools,INTERNAL
https://liftpdf.com/png-to-pdf,https://liftpdf.com/jpg-to-pdf,JPG to PDF,INTERNAL
https://liftpdf.com/png-to-pdf,https://liftpdf.com/merge-pdf,Merge PDF,INTERNAL
https://liftpdf.com/png-to-pdf,https://liftpdf.com/compress-pdf,Compress PDF,INTERNAL
https://liftpdf.com/png-to-pdf,https://liftpdf.com/pdf-converter,Convert PDF,INTERNAL
https://liftpdf.com/png-to-pdf,https://liftpdf.com/pdf-editor,Edit PDF,INTERNAL
https://liftpdf.com/png-to-pdf,https://liftpdf.com/organize-pdf,Organize PDF,INTERNAL
https://liftpdf.com/png-to-pdf,https://liftpdf.com/pdf-image-tools,Image Tools,INTERNAL
https://liftpdf.com/png-to-pdf,https://liftpdf.com/pdf-security,Security,INTERNAL
https://liftpdf.com/png-to-pdf,https://liftpdf.com/learn,Learning Center,INTERNAL
https://liftpdf.com/png-to-pdf,https://liftpdf.com/guides,Guides,INTERNAL
https://liftpdf.com/png-to-pdf,https://liftpdf.com/pdf-glossary,PDF Glossary,INTERNAL
https://liftpdf.com/png-to-pdf,https://liftpdf.com/help,Help Center,INTERNAL
https://liftpdf.com/png-to-pdf,https://liftpdf.com/privacy,Privacy,INTERNAL
https://liftpdf.com/png-to-pdf,https://liftpdf.com/cookies,Cookies,INTERNAL
https://liftpdf.com/png-to-pdf,https://liftpdf.com/security,Security,INTERNAL
https://liftpdf.com/png-to-pdf,https://liftpdf.com/about,About,INTERNAL
https://liftpdf.com/png-to-pdf,https://liftpdf.com/why-liftpdf,Why LiftPDF,INTERNAL
https://liftpdf.com/png-to-pdf,https://liftpdf.com/terms,Terms,INTERNAL
https://liftpdf.com/png-to-pdf,https://liftpdf.com/contact,Contact,INTERNAL
https://liftpdf.com/images-to-pdf,https://liftpdf.com/,LiftPDF,INTERNAL
https://liftpdf.com/images-to-pdf,https://liftpdf.com/pdf-tools,PDF Tools,INTERNAL
https://liftpdf.com/images-to-pdf,https://liftpdf.com/learn,Learn,INTERNAL
https://liftpdf.com/images-to-pdf,https://liftpdf.com/jpg-to-pdf,Image to PDF,INTERNAL
https://liftpdf.com/images-to-pdf,https://liftpdf.com/pdf-converter,Convert,INTERNAL
https://liftpdf.com/images-to-pdf,https://liftpdf.com/pdf-editor,Edit,INTERNAL
https://liftpdf.com/images-to-pdf,https://liftpdf.com/jpg-to-pdf,Start Now,INTERNAL
https://liftpdf.com/images-to-pdf,https://liftpdf.com/pdf-tools,PDF Tools,INTERNAL
https://liftpdf.com/images-to-pdf,https://liftpdf.com/learn,Learn,INTERNAL
https://liftpdf.com/images-to-pdf,https://liftpdf.com/jpg-to-pdf,Image to PDF,INTERNAL
https://liftpdf.com/images-to-pdf,https://liftpdf.com/pdf-converter,Convert,INTERNAL
https://liftpdf.com/images-to-pdf,https://liftpdf.com/pdf-editor,Edit,INTERNAL
https://liftpdf.com/images-to-pdf,https://liftpdf.com/jpg-to-pdf,Start Now,INTERNAL
https://liftpdf.com/images-to-pdf,https://liftpdf.com/jpg-to-pdf,JPG to PDFUse the dedicated JPG workflow for photo-only batches.Open tool,INTERNAL
https://liftpdf.com/images-to-pdf,https://liftpdf.com/png-to-pdf,PNG to PDFUse the PNG-only workflow for screenshots and transparent images.Open tool,INTERNAL
https://liftpdf.com/images-to-pdf,https://liftpdf.com/merge-pdf,Merge PDFCombine your image PDF with other PDF documents.Open tool,INTERNAL
https://liftpdf.com/images-to-pdf,https://liftpdf.com/compress-pdf,Compress PDFOptimize the final file after converting images.Open tool,INTERNAL
https://liftpdf.com/images-to-pdf,https://liftpdf.com/guides/how-to-convert-multiple-jpg-to-pdf,Convert multiple JPGs to PDF,INTERNAL
https://liftpdf.com/images-to-pdf,https://liftpdf.com/guides/how-to-turn-phone-photos-into-a-pdf,Phone photos to PDF,INTERNAL
https://liftpdf.com/images-to-pdf,https://liftpdf.com/guides/jpg-vs-png,JPG vs PNG,INTERNAL
https://liftpdf.com/images-to-pdf,https://liftpdf.com/guides/how-to-keep-pdf-images-sharp,Keep images sharp,INTERNAL
https://liftpdf.com/images-to-pdf,https://liftpdf.com/jpg-to-pdf,JPG to PDFConvert JPG images into a clean PDF file.FreeSecureBrowserOpen tool,INTERNAL
https://liftpdf.com/images-to-pdf,https://liftpdf.com/png-to-pdf,PNG to PDFTurn PNG images into PDF pages in your browser.FreeSecureBrowserOpen tool,INTERNAL
https://liftpdf.com/images-to-pdf,https://liftpdf.com/pdf-to-jpg,PDF to JPGExport every PDF page as a high-quality JPG image.FreeSecureBrowserOpen tool,INTERNAL
https://liftpdf.com/images-to-pdf,https://liftpdf.com/pdf-to-png,PDF to PNGConvert PDF pages into sharp PNG images.FreeSecureBrowserOpen tool,INTERNAL
https://liftpdf.com/images-to-pdf,https://liftpdf.com/privacy,Read privacy details,INTERNAL
https://liftpdf.com/images-to-pdf,https://liftpdf.com/security,Security overview,INTERNAL
https://liftpdf.com/images-to-pdf,https://liftpdf.com/,LiftPDF,INTERNAL
https://liftpdf.com/images-to-pdf,https://liftpdf.com/pdf-tools,All PDF Tools,INTERNAL
https://liftpdf.com/images-to-pdf,https://liftpdf.com/jpg-to-pdf,JPG to PDF,INTERNAL
https://liftpdf.com/images-to-pdf,https://liftpdf.com/merge-pdf,Merge PDF,INTERNAL
https://liftpdf.com/images-to-pdf,https://liftpdf.com/compress-pdf,Compress PDF,INTERNAL
https://liftpdf.com/images-to-pdf,https://liftpdf.com/pdf-converter,Convert PDF,INTERNAL
https://liftpdf.com/images-to-pdf,https://liftpdf.com/pdf-editor,Edit PDF,INTERNAL
https://liftpdf.com/images-to-pdf,https://liftpdf.com/organize-pdf,Organize PDF,INTERNAL
https://liftpdf.com/images-to-pdf,https://liftpdf.com/pdf-image-tools,Image Tools,INTERNAL
https://liftpdf.com/images-to-pdf,https://liftpdf.com/pdf-security,Security,INTERNAL
https://liftpdf.com/images-to-pdf,https://liftpdf.com/learn,Learning Center,INTERNAL
https://liftpdf.com/images-to-pdf,https://liftpdf.com/guides,Guides,INTERNAL
https://liftpdf.com/images-to-pdf,https://liftpdf.com/pdf-glossary,PDF Glossary,INTERNAL
https://liftpdf.com/images-to-pdf,https://liftpdf.com/help,Help Center,INTERNAL
https://liftpdf.com/images-to-pdf,https://liftpdf.com/privacy,Privacy,INTERNAL
https://liftpdf.com/images-to-pdf,https://liftpdf.com/cookies,Cookies,INTERNAL
https://liftpdf.com/images-to-pdf,https://liftpdf.com/security,Security,INTERNAL
https://liftpdf.com/images-to-pdf,https://liftpdf.com/about,About,INTERNAL
https://liftpdf.com/images-to-pdf,https://liftpdf.com/why-liftpdf,Why LiftPDF,INTERNAL
https://liftpdf.com/images-to-pdf,https://liftpdf.com/terms,Terms,INTERNAL
https://liftpdf.com/images-to-pdf,https://liftpdf.com/contact,Contact,INTERNAL
https://liftpdf.com/pdf-to-jpg,https://liftpdf.com/,LiftPDF,INTERNAL
https://liftpdf.com/pdf-to-jpg,https://liftpdf.com/pdf-tools,PDF Tools,INTERNAL
https://liftpdf.com/pdf-to-jpg,https://liftpdf.com/learn,Learn,INTERNAL
https://liftpdf.com/pdf-to-jpg,https://liftpdf.com/jpg-to-pdf,Image to PDF,INTERNAL
https://liftpdf.com/pdf-to-jpg,https://liftpdf.com/pdf-converter,Convert,INTERNAL
https://liftpdf.com/pdf-to-jpg,https://liftpdf.com/pdf-editor,Edit,INTERNAL
https://liftpdf.com/pdf-to-jpg,https://liftpdf.com/jpg-to-pdf,Start Now,INTERNAL
https://liftpdf.com/pdf-to-jpg,https://liftpdf.com/pdf-tools,PDF Tools,INTERNAL
https://liftpdf.com/pdf-to-jpg,https://liftpdf.com/learn,Learn,INTERNAL
https://liftpdf.com/pdf-to-jpg,https://liftpdf.com/jpg-to-pdf,Image to PDF,INTERNAL
https://liftpdf.com/pdf-to-jpg,https://liftpdf.com/pdf-converter,Convert,INTERNAL
https://liftpdf.com/pdf-to-jpg,https://liftpdf.com/pdf-editor,Edit,INTERNAL
https://liftpdf.com/pdf-to-jpg,https://liftpdf.com/jpg-to-pdf,Start Now,INTERNAL
https://liftpdf.com/pdf-to-jpg,https://liftpdf.com/pdf-to-png,PDF to PNGUse PNG output when you need lossless screenshots or transparency support.Open tool,INTERNAL
https://liftpdf.com/pdf-to-jpg,https://liftpdf.com/jpg-to-pdf,JPG to PDFConvert JPG images back into a clean PDF document.Open tool,INTERNAL
https://liftpdf.com/pdf-to-jpg,https://liftpdf.com/images-to-pdf,Images to PDFCombine exported pages with other image formats.Open tool,INTERNAL
https://liftpdf.com/pdf-to-jpg,https://liftpdf.com/compress-pdf,Compress PDFOptimize the source PDF before sharing or archiving.Open tool,INTERNAL
https://liftpdf.com/pdf-to-jpg,https://liftpdf.com/learn,Learning Center,INTERNAL
https://liftpdf.com/pdf-to-jpg,https://liftpdf.com/pdf-glossary,PDF Glossary,INTERNAL
https://liftpdf.com/pdf-to-jpg,https://liftpdf.com/help,Help Center,INTERNAL
https://liftpdf.com/pdf-to-jpg,https://liftpdf.com/pdf-to-png,PDF to PNGConvert PDF pages into sharp PNG images.FreeSecureBrowserOpen tool,INTERNAL
https://liftpdf.com/pdf-to-jpg,https://liftpdf.com/jpg-to-pdf,JPG to PDFConvert JPG images into a clean PDF file.FreeSecureBrowserOpen tool,INTERNAL
https://liftpdf.com/pdf-to-jpg,https://liftpdf.com/images-to-pdf,"Images to PDFCombine JPG, PNG and WEBP images into one PDF.FreeSecureBrowserOpen tool",INTERNAL
https://liftpdf.com/pdf-to-jpg,https://liftpdf.com/compress-pdf,Compress PDFRebuild PDFs with safe browser-side compression.FreeSecureBrowserOpen tool,INTERNAL
https://liftpdf.com/pdf-to-jpg,https://liftpdf.com/privacy,Read privacy details,INTERNAL
https://liftpdf.com/pdf-to-jpg,https://liftpdf.com/security,Security overview,INTERNAL
https://liftpdf.com/pdf-to-jpg,https://liftpdf.com/,LiftPDF,INTERNAL
https://liftpdf.com/pdf-to-jpg,https://liftpdf.com/pdf-tools,All PDF Tools,INTERNAL
https://liftpdf.com/pdf-to-jpg,https://liftpdf.com/jpg-to-pdf,JPG to PDF,INTERNAL
https://liftpdf.com/pdf-to-jpg,https://liftpdf.com/merge-pdf,Merge PDF,INTERNAL
https://liftpdf.com/pdf-to-jpg,https://liftpdf.com/compress-pdf,Compress PDF,INTERNAL
https://liftpdf.com/pdf-to-jpg,https://liftpdf.com/pdf-converter,Convert PDF,INTERNAL
https://liftpdf.com/pdf-to-jpg,https://liftpdf.com/pdf-editor,Edit PDF,INTERNAL
https://liftpdf.com/pdf-to-jpg,https://liftpdf.com/organize-pdf,Organize PDF,INTERNAL
https://liftpdf.com/pdf-to-jpg,https://liftpdf.com/pdf-image-tools,Image Tools,INTERNAL
https://liftpdf.com/pdf-to-jpg,https://liftpdf.com/pdf-security,Security,INTERNAL
https://liftpdf.com/pdf-to-jpg,https://liftpdf.com/learn,Learning Center,INTERNAL
https://liftpdf.com/pdf-to-jpg,https://liftpdf.com/guides,Guides,INTERNAL
https://liftpdf.com/pdf-to-jpg,https://liftpdf.com/pdf-glossary,PDF Glossary,INTERNAL
https://liftpdf.com/pdf-to-jpg,https://liftpdf.com/help,Help Center,INTERNAL
https://liftpdf.com/pdf-to-jpg,https://liftpdf.com/privacy,Privacy,INTERNAL
https://liftpdf.com/pdf-to-jpg,https://liftpdf.com/cookies,Cookies,INTERNAL
https://liftpdf.com/pdf-to-jpg,https://liftpdf.com/security,Security,INTERNAL
https://liftpdf.com/pdf-to-jpg,https://liftpdf.com/about,About,INTERNAL
https://liftpdf.com/pdf-to-jpg,https://liftpdf.com/why-liftpdf,Why LiftPDF,INTERNAL
https://liftpdf.com/pdf-to-jpg,https://liftpdf.com/terms,Terms,INTERNAL
https://liftpdf.com/pdf-to-jpg,https://liftpdf.com/contact,Contact,INTERNAL
https://liftpdf.com/pdf-to-png,https://liftpdf.com/,LiftPDF,INTERNAL
https://liftpdf.com/pdf-to-png,https://liftpdf.com/pdf-tools,PDF Tools,INTERNAL
https://liftpdf.com/pdf-to-png,https://liftpdf.com/learn,Learn,INTERNAL
https://liftpdf.com/pdf-to-png,https://liftpdf.com/jpg-to-pdf,Image to PDF,INTERNAL
https://liftpdf.com/pdf-to-png,https://liftpdf.com/pdf-converter,Convert,INTERNAL
https://liftpdf.com/pdf-to-png,https://liftpdf.com/pdf-editor,Edit,INTERNAL
https://liftpdf.com/pdf-to-png,https://liftpdf.com/jpg-to-pdf,Start Now,INTERNAL
https://liftpdf.com/pdf-to-png,https://liftpdf.com/pdf-tools,PDF Tools,INTERNAL
https://liftpdf.com/pdf-to-png,https://liftpdf.com/learn,Learn,INTERNAL
https://liftpdf.com/pdf-to-png,https://liftpdf.com/jpg-to-pdf,Image to PDF,INTERNAL
https://liftpdf.com/pdf-to-png,https://liftpdf.com/pdf-converter,Convert,INTERNAL
https://liftpdf.com/pdf-to-png,https://liftpdf.com/pdf-editor,Edit,INTERNAL
https://liftpdf.com/pdf-to-png,https://liftpdf.com/jpg-to-pdf,Start Now,INTERNAL
https://liftpdf.com/pdf-to-png,https://liftpdf.com/pdf-to-jpg,PDF to JPGUse JPG when smaller photo-style images are enough.Open tool,INTERNAL
https://liftpdf.com/pdf-to-png,https://liftpdf.com/png-to-pdf,PNG to PDFTurn PNG images back into a PDF document.Open tool,INTERNAL
https://liftpdf.com/pdf-to-png,https://liftpdf.com/images-to-pdf,Images to PDFCombine exported pages with other images.Open tool,INTERNAL
https://liftpdf.com/pdf-to-png,https://liftpdf.com/compress-pdf,Compress PDFOptimize a PDF before converting or sharing it.Open tool,INTERNAL
https://liftpdf.com/pdf-to-png,https://liftpdf.com/learn,Learning Center,INTERNAL
https://liftpdf.com/pdf-to-png,https://liftpdf.com/pdf-glossary,PDF Glossary,INTERNAL
https://liftpdf.com/pdf-to-png,https://liftpdf.com/help,Help Center,INTERNAL
https://liftpdf.com/pdf-to-png,https://liftpdf.com/pdf-to-jpg,PDF to JPGExport every PDF page as a high-quality JPG image.FreeSecureBrowserOpen tool,INTERNAL
https://liftpdf.com/pdf-to-png,https://liftpdf.com/png-to-pdf,PNG to PDFTurn PNG images into PDF pages in your browser.FreeSecureBrowserOpen tool,INTERNAL
https://liftpdf.com/pdf-to-png,https://liftpdf.com/images-to-pdf,"Images to PDFCombine JPG, PNG and WEBP images into one PDF.FreeSecureBrowserOpen tool",INTERNAL
https://liftpdf.com/pdf-to-png,https://liftpdf.com/compress-pdf,Compress PDFRebuild PDFs with safe browser-side compression.FreeSecureBrowserOpen tool,INTERNAL
https://liftpdf.com/pdf-to-png,https://liftpdf.com/privacy,Read privacy details,INTERNAL
https://liftpdf.com/pdf-to-png,https://liftpdf.com/security,Security overview,INTERNAL
https://liftpdf.com/pdf-to-png,https://liftpdf.com/,LiftPDF,INTERNAL
https://liftpdf.com/pdf-to-png,https://liftpdf.com/pdf-tools,All PDF Tools,INTERNAL
https://liftpdf.com/pdf-to-png,https://liftpdf.com/jpg-to-pdf,JPG to PDF,INTERNAL
https://liftpdf.com/pdf-to-png,https://liftpdf.com/merge-pdf,Merge PDF,INTERNAL
https://liftpdf.com/pdf-to-png,https://liftpdf.com/compress-pdf,Compress PDF,INTERNAL
https://liftpdf.com/pdf-to-png,https://liftpdf.com/pdf-converter,Convert PDF,INTERNAL
https://liftpdf.com/pdf-to-png,https://liftpdf.com/pdf-editor,Edit PDF,INTERNAL
https://liftpdf.com/pdf-to-png,https://liftpdf.com/organize-pdf,Organize PDF,INTERNAL
https://liftpdf.com/pdf-to-png,https://liftpdf.com/pdf-image-tools,Image Tools,INTERNAL
https://liftpdf.com/pdf-to-png,https://liftpdf.com/pdf-security,Security,INTERNAL
https://liftpdf.com/pdf-to-png,https://liftpdf.com/learn,Learning Center,INTERNAL
https://liftpdf.com/pdf-to-png,https://liftpdf.com/guides,Guides,INTERNAL
https://liftpdf.com/pdf-to-png,https://liftpdf.com/pdf-glossary,PDF Glossary,INTERNAL
https://liftpdf.com/pdf-to-png,https://liftpdf.com/help,Help Center,INTERNAL
https://liftpdf.com/pdf-to-png,https://liftpdf.com/privacy,Privacy,INTERNAL
https://liftpdf.com/pdf-to-png,https://liftpdf.com/cookies,Cookies,INTERNAL
https://liftpdf.com/pdf-to-png,https://liftpdf.com/security,Security,INTERNAL
https://liftpdf.com/pdf-to-png,https://liftpdf.com/about,About,INTERNAL
https://liftpdf.com/pdf-to-png,https://liftpdf.com/why-liftpdf,Why LiftPDF,INTERNAL
https://liftpdf.com/pdf-to-png,https://liftpdf.com/terms,Terms,INTERNAL
https://liftpdf.com/pdf-to-png,https://liftpdf.com/contact,Contact,INTERNAL
https://liftpdf.com/merge-pdf,https://liftpdf.com/,LiftPDF,INTERNAL
https://liftpdf.com/merge-pdf,https://liftpdf.com/pdf-tools,PDF Tools,INTERNAL
https://liftpdf.com/merge-pdf,https://liftpdf.com/learn,Learn,INTERNAL
https://liftpdf.com/merge-pdf,https://liftpdf.com/jpg-to-pdf,Image to PDF,INTERNAL
https://liftpdf.com/merge-pdf,https://liftpdf.com/pdf-converter,Convert,INTERNAL
https://liftpdf.com/merge-pdf,https://liftpdf.com/pdf-editor,Edit,INTERNAL
https://liftpdf.com/merge-pdf,https://liftpdf.com/jpg-to-pdf,Start Now,INTERNAL
https://liftpdf.com/merge-pdf,https://liftpdf.com/pdf-tools,PDF Tools,INTERNAL
https://liftpdf.com/merge-pdf,https://liftpdf.com/learn,Learn,INTERNAL
https://liftpdf.com/merge-pdf,https://liftpdf.com/jpg-to-pdf,Image to PDF,INTERNAL
https://liftpdf.com/merge-pdf,https://liftpdf.com/pdf-converter,Convert,INTERNAL
https://liftpdf.com/merge-pdf,https://liftpdf.com/pdf-editor,Edit,INTERNAL
https://liftpdf.com/merge-pdf,https://liftpdf.com/jpg-to-pdf,Start Now,INTERNAL
https://liftpdf.com/merge-pdf,https://liftpdf.com/split-pdf,Split PDFSeparate a PDF into selected pages or individual files.Open tool,INTERNAL
https://liftpdf.com/merge-pdf,https://liftpdf.com/compress-pdf,Compress PDFRebuild the merged PDF with safe compression.Open tool,INTERNAL
https://liftpdf.com/merge-pdf,https://liftpdf.com/reorder-pages,Reorder PagesArrange pages after merging if the order needs changes.Open tool,INTERNAL
https://liftpdf.com/merge-pdf,https://liftpdf.com/delete-pages,Delete PagesRemove pages that should not stay in the final document.Open tool,INTERNAL
https://liftpdf.com/merge-pdf,https://liftpdf.com/guides/how-to-merge-pdf,How to merge PDF files,INTERNAL
https://liftpdf.com/merge-pdf,https://liftpdf.com/guides/why-does-merge-pdf-fail,Why merge fails,INTERNAL
https://liftpdf.com/merge-pdf,https://liftpdf.com/guides/merge-pdf-vs-combine-pdf,Merge vs combine PDF,INTERNAL
https://liftpdf.com/merge-pdf,https://liftpdf.com/learn/organize-pdf,Organize PDF hub,INTERNAL
https://liftpdf.com/merge-pdf,https://liftpdf.com/split-pdf,Split PDFExtract selected pages or split every page.FreeSecureBrowserOpen tool,INTERNAL
https://liftpdf.com/merge-pdf,https://liftpdf.com/compress-pdf,Compress PDFRebuild PDFs with safe browser-side compression.FreeSecureBrowserOpen tool,INTERNAL
https://liftpdf.com/merge-pdf,https://liftpdf.com/rotate-pdf,Rotate PDFRotate individual pages or all pages at once.FreeSecureBrowserOpen tool,INTERNAL
https://liftpdf.com/merge-pdf,https://liftpdf.com/delete-pages,Delete PagesRemove unwanted pages from a PDF.FreeSecureBrowserOpen tool,INTERNAL
https://liftpdf.com/merge-pdf,https://liftpdf.com/extract-pages,Extract PagesSave selected PDF pages into a new document.FreeSecureBrowserOpen tool,INTERNAL
https://liftpdf.com/merge-pdf,https://liftpdf.com/reorder-pages,Reorder PagesRearrange PDF pages before downloading.FreeSecureBrowserOpen tool,INTERNAL
https://liftpdf.com/merge-pdf,https://liftpdf.com/privacy,Read privacy details,INTERNAL
https://liftpdf.com/merge-pdf,https://liftpdf.com/security,Security overview,INTERNAL
https://liftpdf.com/merge-pdf,https://liftpdf.com/,LiftPDF,INTERNAL
https://liftpdf.com/merge-pdf,https://liftpdf.com/pdf-tools,All PDF Tools,INTERNAL
https://liftpdf.com/merge-pdf,https://liftpdf.com/jpg-to-pdf,JPG to PDF,INTERNAL
https://liftpdf.com/merge-pdf,https://liftpdf.com/merge-pdf,Merge PDF,INTERNAL
https://liftpdf.com/merge-pdf,https://liftpdf.com/compress-pdf,Compress PDF,INTERNAL
https://liftpdf.com/merge-pdf,https://liftpdf.com/pdf-converter,Convert PDF,INTERNAL
https://liftpdf.com/merge-pdf,https://liftpdf.com/pdf-editor,Edit PDF,INTERNAL
https://liftpdf.com/merge-pdf,https://liftpdf.com/organize-pdf,Organize PDF,INTERNAL
https://liftpdf.com/merge-pdf,https://liftpdf.com/pdf-image-tools,Image Tools,INTERNAL
https://liftpdf.com/merge-pdf,https://liftpdf.com/pdf-security,Security,INTERNAL
https://liftpdf.com/merge-pdf,https://liftpdf.com/learn,Learning Center,INTERNAL
https://liftpdf.com/merge-pdf,https://liftpdf.com/guides,Guides,INTERNAL
https://liftpdf.com/merge-pdf,https://liftpdf.com/pdf-glossary,PDF Glossary,INTERNAL
https://liftpdf.com/merge-pdf,https://liftpdf.com/help,Help Center,INTERNAL
https://liftpdf.com/merge-pdf,https://liftpdf.com/privacy,Privacy,INTERNAL
https://liftpdf.com/merge-pdf,https://liftpdf.com/cookies,Cookies,INTERNAL
https://liftpdf.com/merge-pdf,https://liftpdf.com/security,Security,INTERNAL
https://liftpdf.com/merge-pdf,https://liftpdf.com/about,About,INTERNAL
https://liftpdf.com/merge-pdf,https://liftpdf.com/why-liftpdf,Why LiftPDF,INTERNAL
https://liftpdf.com/merge-pdf,https://liftpdf.com/terms,Terms,INTERNAL
https://liftpdf.com/merge-pdf,https://liftpdf.com/contact,Contact,INTERNAL
https://liftpdf.com/split-pdf,https://liftpdf.com/,LiftPDF,INTERNAL
https://liftpdf.com/split-pdf,https://liftpdf.com/pdf-tools,PDF Tools,INTERNAL
https://liftpdf.com/split-pdf,https://liftpdf.com/learn,Learn,INTERNAL
https://liftpdf.com/split-pdf,https://liftpdf.com/jpg-to-pdf,Image to PDF,INTERNAL
https://liftpdf.com/split-pdf,https://liftpdf.com/pdf-converter,Convert,INTERNAL
https://liftpdf.com/split-pdf,https://liftpdf.com/pdf-editor,Edit,INTERNAL
https://liftpdf.com/split-pdf,https://liftpdf.com/jpg-to-pdf,Start Now,INTERNAL
https://liftpdf.com/split-pdf,https://liftpdf.com/pdf-tools,PDF Tools,INTERNAL
https://liftpdf.com/split-pdf,https://liftpdf.com/learn,Learn,INTERNAL
https://liftpdf.com/split-pdf,https://liftpdf.com/jpg-to-pdf,Image to PDF,INTERNAL
https://liftpdf.com/split-pdf,https://liftpdf.com/pdf-converter,Convert,INTERNAL
https://liftpdf.com/split-pdf,https://liftpdf.com/pdf-editor,Edit,INTERNAL
https://liftpdf.com/split-pdf,https://liftpdf.com/jpg-to-pdf,Start Now,INTERNAL
https://liftpdf.com/split-pdf,https://liftpdf.com/merge-pdf,Merge PDFCombine split pages back into one PDF later.Open tool,INTERNAL
https://liftpdf.com/split-pdf,https://liftpdf.com/extract-pages,Extract PagesSelect pages visually and save only those pages.Open tool,INTERNAL
https://liftpdf.com/split-pdf,https://liftpdf.com/delete-pages,Delete PagesRemove unwanted pages from the original PDF.Open tool,INTERNAL
https://liftpdf.com/split-pdf,https://liftpdf.com/reorder-pages,Reorder PagesArrange selected pages before exporting.Open tool,INTERNAL
https://liftpdf.com/split-pdf,https://liftpdf.com/learn,Learning Center,INTERNAL
https://liftpdf.com/split-pdf,https://liftpdf.com/pdf-glossary,PDF Glossary,INTERNAL
https://liftpdf.com/split-pdf,https://liftpdf.com/help,Help Center,INTERNAL
https://liftpdf.com/split-pdf,https://liftpdf.com/merge-pdf,Merge PDFCombine multiple PDF files into one document.FreeSecureBrowserOpen tool,INTERNAL
https://liftpdf.com/split-pdf,https://liftpdf.com/delete-pages,Delete PagesRemove unwanted pages from a PDF.FreeSecureBrowserOpen tool,INTERNAL
https://liftpdf.com/split-pdf,https://liftpdf.com/extract-pages,Extract PagesSave selected PDF pages into a new document.FreeSecureBrowserOpen tool,INTERNAL
https://liftpdf.com/split-pdf,https://liftpdf.com/reorder-pages,Reorder PagesRearrange PDF pages before downloading.FreeSecureBrowserOpen tool,INTERNAL
https://liftpdf.com/split-pdf,https://liftpdf.com/privacy,Read privacy details,INTERNAL
https://liftpdf.com/split-pdf,https://liftpdf.com/security,Security overview,INTERNAL
https://liftpdf.com/split-pdf,https://liftpdf.com/,LiftPDF,INTERNAL
https://liftpdf.com/split-pdf,https://liftpdf.com/pdf-tools,All PDF Tools,INTERNAL
https://liftpdf.com/split-pdf,https://liftpdf.com/jpg-to-pdf,JPG to PDF,INTERNAL
https://liftpdf.com/split-pdf,https://liftpdf.com/merge-pdf,Merge PDF,INTERNAL
https://liftpdf.com/split-pdf,https://liftpdf.com/compress-pdf,Compress PDF,INTERNAL
https://liftpdf.com/split-pdf,https://liftpdf.com/pdf-converter,Convert PDF,INTERNAL
https://liftpdf.com/split-pdf,https://liftpdf.com/pdf-editor,Edit PDF,INTERNAL
https://liftpdf.com/split-pdf,https://liftpdf.com/organize-pdf,Organize PDF,INTERNAL
https://liftpdf.com/split-pdf,https://liftpdf.com/pdf-image-tools,Image Tools,INTERNAL
https://liftpdf.com/split-pdf,https://liftpdf.com/pdf-security,Security,INTERNAL
https://liftpdf.com/split-pdf,https://liftpdf.com/learn,Learning Center,INTERNAL
https://liftpdf.com/split-pdf,https://liftpdf.com/guides,Guides,INTERNAL
https://liftpdf.com/split-pdf,https://liftpdf.com/pdf-glossary,PDF Glossary,INTERNAL
https://liftpdf.com/split-pdf,https://liftpdf.com/help,Help Center,INTERNAL
https://liftpdf.com/split-pdf,https://liftpdf.com/privacy,Privacy,INTERNAL
https://liftpdf.com/split-pdf,https://liftpdf.com/cookies,Cookies,INTERNAL
https://liftpdf.com/split-pdf,https://liftpdf.com/security,Security,INTERNAL
https://liftpdf.com/split-pdf,https://liftpdf.com/about,About,INTERNAL
https://liftpdf.com/split-pdf,https://liftpdf.com/why-liftpdf,Why LiftPDF,INTERNAL
https://liftpdf.com/split-pdf,https://liftpdf.com/terms,Terms,INTERNAL
https://liftpdf.com/split-pdf,https://liftpdf.com/contact,Contact,INTERNAL
https://liftpdf.com/compress-pdf,https://liftpdf.com/,LiftPDF,INTERNAL
https://liftpdf.com/compress-pdf,https://liftpdf.com/pdf-tools,PDF Tools,INTERNAL
https://liftpdf.com/compress-pdf,https://liftpdf.com/learn,Learn,INTERNAL
https://liftpdf.com/compress-pdf,https://liftpdf.com/jpg-to-pdf,Image to PDF,INTERNAL
https://liftpdf.com/compress-pdf,https://liftpdf.com/pdf-converter,Convert,INTERNAL
https://liftpdf.com/compress-pdf,https://liftpdf.com/pdf-editor,Edit,INTERNAL
https://liftpdf.com/compress-pdf,https://liftpdf.com/jpg-to-pdf,Start Now,INTERNAL
https://liftpdf.com/compress-pdf,https://liftpdf.com/pdf-tools,PDF Tools,INTERNAL
https://liftpdf.com/compress-pdf,https://liftpdf.com/learn,Learn,INTERNAL
https://liftpdf.com/compress-pdf,https://liftpdf.com/jpg-to-pdf,Image to PDF,INTERNAL
https://liftpdf.com/compress-pdf,https://liftpdf.com/pdf-converter,Convert,INTERNAL
https://liftpdf.com/compress-pdf,https://liftpdf.com/pdf-editor,Edit,INTERNAL
https://liftpdf.com/compress-pdf,https://liftpdf.com/jpg-to-pdf,Start Now,INTERNAL
https://liftpdf.com/compress-pdf,https://liftpdf.com/merge-pdf,Merge PDFCombine files before optimizing the final document.Open tool,INTERNAL
https://liftpdf.com/compress-pdf,https://liftpdf.com/pdf-to-jpg,PDF to JPGExport pages as images when a visual copy is needed.Open tool,INTERNAL
https://liftpdf.com/compress-pdf,https://liftpdf.com/split-pdf,Split PDFKeep only the pages you need before compression.Open tool,INTERNAL
https://liftpdf.com/compress-pdf,https://liftpdf.com/protect-pdf,Protect PDFEncrypt the final document after optimization.Open tool,INTERNAL
https://liftpdf.com/compress-pdf,https://liftpdf.com/learn,Learning Center,INTERNAL
https://liftpdf.com/compress-pdf,https://liftpdf.com/pdf-glossary,PDF Glossary,INTERNAL
https://liftpdf.com/compress-pdf,https://liftpdf.com/help,Help Center,INTERNAL
https://liftpdf.com/compress-pdf,https://liftpdf.com/merge-pdf,Merge PDFCombine multiple PDF files into one document.FreeSecureBrowserOpen tool,INTERNAL
https://liftpdf.com/compress-pdf,https://liftpdf.com/split-pdf,Split PDFExtract selected pages or split every page.FreeSecureBrowserOpen tool,INTERNAL
https://liftpdf.com/compress-pdf,https://liftpdf.com/pdf-to-jpg,PDF to JPGExport every PDF page as a high-quality JPG image.FreeSecureBrowserOpen tool,INTERNAL
https://liftpdf.com/compress-pdf,https://liftpdf.com/pdf-to-png,PDF to PNGConvert PDF pages into sharp PNG images.FreeSecureBrowserOpen tool,INTERNAL
https://liftpdf.com/compress-pdf,https://liftpdf.com/rotate-pdf,Rotate PDFRotate individual pages or all pages at once.FreeSecureBrowserOpen tool,INTERNAL
https://liftpdf.com/compress-pdf,https://liftpdf.com/add-page-numbers,Add Page NumbersAdd custom page numbers with position and style controls.FreeSecureBrowserOpen tool,INTERNAL
https://liftpdf.com/compress-pdf,https://liftpdf.com/privacy,Read privacy details,INTERNAL
https://liftpdf.com/compress-pdf,https://liftpdf.com/security,Security overview,INTERNAL
https://liftpdf.com/compress-pdf,https://liftpdf.com/,LiftPDF,INTERNAL
https://liftpdf.com/compress-pdf,https://liftpdf.com/pdf-tools,All PDF Tools,INTERNAL
https://liftpdf.com/compress-pdf,https://liftpdf.com/jpg-to-pdf,JPG to PDF,INTERNAL
https://liftpdf.com/compress-pdf,https://liftpdf.com/merge-pdf,Merge PDF,INTERNAL
https://liftpdf.com/compress-pdf,https://liftpdf.com/compress-pdf,Compress PDF,INTERNAL
https://liftpdf.com/compress-pdf,https://liftpdf.com/pdf-converter,Convert PDF,INTERNAL
https://liftpdf.com/compress-pdf,https://liftpdf.com/pdf-editor,Edit PDF,INTERNAL
https://liftpdf.com/compress-pdf,https://liftpdf.com/organize-pdf,Organize PDF,INTERNAL
https://liftpdf.com/compress-pdf,https://liftpdf.com/pdf-image-tools,Image Tools,INTERNAL
https://liftpdf.com/compress-pdf,https://liftpdf.com/pdf-security,Security,INTERNAL
https://liftpdf.com/compress-pdf,https://liftpdf.com/learn,Learning Center,INTERNAL
https://liftpdf.com/compress-pdf,https://liftpdf.com/guides,Guides,INTERNAL
https://liftpdf.com/compress-pdf,https://liftpdf.com/pdf-glossary,PDF Glossary,INTERNAL
https://liftpdf.com/compress-pdf,https://liftpdf.com/help,Help Center,INTERNAL
https://liftpdf.com/compress-pdf,https://liftpdf.com/privacy,Privacy,INTERNAL
https://liftpdf.com/compress-pdf,https://liftpdf.com/cookies,Cookies,INTERNAL
https://liftpdf.com/compress-pdf,https://liftpdf.com/security,Security,INTERNAL
https://liftpdf.com/compress-pdf,https://liftpdf.com/about,About,INTERNAL
https://liftpdf.com/compress-pdf,https://liftpdf.com/why-liftpdf,Why LiftPDF,INTERNAL
https://liftpdf.com/compress-pdf,https://liftpdf.com/terms,Terms,INTERNAL
https://liftpdf.com/compress-pdf,https://liftpdf.com/contact,Contact,INTERNAL
https://liftpdf.com/rotate-pdf,https://liftpdf.com/,LiftPDF,INTERNAL
https://liftpdf.com/rotate-pdf,https://liftpdf.com/pdf-tools,PDF Tools,INTERNAL
https://liftpdf.com/rotate-pdf,https://liftpdf.com/learn,Learn,INTERNAL
https://liftpdf.com/rotate-pdf,https://liftpdf.com/jpg-to-pdf,Image to PDF,INTERNAL
https://liftpdf.com/rotate-pdf,https://liftpdf.com/pdf-converter,Convert,INTERNAL
https://liftpdf.com/rotate-pdf,https://liftpdf.com/pdf-editor,Edit,INTERNAL
https://liftpdf.com/rotate-pdf,https://liftpdf.com/jpg-to-pdf,Start Now,INTERNAL
https://liftpdf.com/rotate-pdf,https://liftpdf.com/pdf-tools,PDF Tools,INTERNAL
https://liftpdf.com/rotate-pdf,https://liftpdf.com/learn,Learn,INTERNAL
https://liftpdf.com/rotate-pdf,https://liftpdf.com/jpg-to-pdf,Image to PDF,INTERNAL
https://liftpdf.com/rotate-pdf,https://liftpdf.com/pdf-converter,Convert,INTERNAL
https://liftpdf.com/rotate-pdf,https://liftpdf.com/pdf-editor,Edit,INTERNAL
https://liftpdf.com/rotate-pdf,https://liftpdf.com/jpg-to-pdf,Start Now,INTERNAL
https://liftpdf.com/rotate-pdf,https://liftpdf.com/reorder-pages,Reorder PagesArrange pages after fixing orientation.Open tool,INTERNAL
https://liftpdf.com/rotate-pdf,https://liftpdf.com/delete-pages,Delete PagesRemove pages that do not belong in the document.Open tool,INTERNAL
https://liftpdf.com/rotate-pdf,https://liftpdf.com/add-page-numbers,Add Page NumbersNumber pages after orientation is correct.Open tool,INTERNAL
https://liftpdf.com/rotate-pdf,https://liftpdf.com/watermark-pdf,Watermark PDFAdd a watermark once the layout is finalized.Open tool,INTERNAL
https://liftpdf.com/rotate-pdf,https://liftpdf.com/learn,Learning Center,INTERNAL
https://liftpdf.com/rotate-pdf,https://liftpdf.com/pdf-glossary,PDF Glossary,INTERNAL
https://liftpdf.com/rotate-pdf,https://liftpdf.com/help,Help Center,INTERNAL
https://liftpdf.com/rotate-pdf,https://liftpdf.com/add-page-numbers,Add Page NumbersAdd custom page numbers with position and style controls.FreeSecureBrowserOpen tool,INTERNAL
https://liftpdf.com/rotate-pdf,https://liftpdf.com/watermark-pdf,Watermark PDFAdd text or image watermarks to every PDF page.FreeSecureBrowserOpen tool,INTERNAL
https://liftpdf.com/rotate-pdf,https://liftpdf.com/delete-pages,Delete PagesRemove unwanted pages from a PDF.FreeSecureBrowserOpen tool,INTERNAL
https://liftpdf.com/rotate-pdf,https://liftpdf.com/reorder-pages,Reorder PagesRearrange PDF pages before downloading.FreeSecureBrowserOpen tool,INTERNAL
https://liftpdf.com/rotate-pdf,https://liftpdf.com/compress-pdf,Compress PDFRebuild PDFs with safe browser-side compression.FreeSecureBrowserOpen tool,INTERNAL
https://liftpdf.com/rotate-pdf,https://liftpdf.com/privacy,Read privacy details,INTERNAL
https://liftpdf.com/rotate-pdf,https://liftpdf.com/security,Security overview,INTERNAL
https://liftpdf.com/rotate-pdf,https://liftpdf.com/,LiftPDF,INTERNAL
https://liftpdf.com/rotate-pdf,https://liftpdf.com/pdf-tools,All PDF Tools,INTERNAL
https://liftpdf.com/rotate-pdf,https://liftpdf.com/jpg-to-pdf,JPG to PDF,INTERNAL
https://liftpdf.com/rotate-pdf,https://liftpdf.com/merge-pdf,Merge PDF,INTERNAL
https://liftpdf.com/rotate-pdf,https://liftpdf.com/compress-pdf,Compress PDF,INTERNAL
https://liftpdf.com/rotate-pdf,https://liftpdf.com/pdf-converter,Convert PDF,INTERNAL
https://liftpdf.com/rotate-pdf,https://liftpdf.com/pdf-editor,Edit PDF,INTERNAL
https://liftpdf.com/rotate-pdf,https://liftpdf.com/organize-pdf,Organize PDF,INTERNAL
https://liftpdf.com/rotate-pdf,https://liftpdf.com/pdf-image-tools,Image Tools,INTERNAL
https://liftpdf.com/rotate-pdf,https://liftpdf.com/pdf-security,Security,INTERNAL
https://liftpdf.com/rotate-pdf,https://liftpdf.com/learn,Learning Center,INTERNAL
https://liftpdf.com/rotate-pdf,https://liftpdf.com/guides,Guides,INTERNAL
https://liftpdf.com/rotate-pdf,https://liftpdf.com/pdf-glossary,PDF Glossary,INTERNAL
https://liftpdf.com/rotate-pdf,https://liftpdf.com/help,Help Center,INTERNAL
https://liftpdf.com/rotate-pdf,https://liftpdf.com/privacy,Privacy,INTERNAL
https://liftpdf.com/rotate-pdf,https://liftpdf.com/cookies,Cookies,INTERNAL
https://liftpdf.com/rotate-pdf,https://liftpdf.com/security,Security,INTERNAL
https://liftpdf.com/rotate-pdf,https://liftpdf.com/about,About,INTERNAL
https://liftpdf.com/rotate-pdf,https://liftpdf.com/why-liftpdf,Why LiftPDF,INTERNAL
https://liftpdf.com/rotate-pdf,https://liftpdf.com/terms,Terms,INTERNAL
https://liftpdf.com/rotate-pdf,https://liftpdf.com/contact,Contact,INTERNAL
https://liftpdf.com/add-page-numbers,https://liftpdf.com/,LiftPDF,INTERNAL
https://liftpdf.com/add-page-numbers,https://liftpdf.com/pdf-tools,PDF Tools,INTERNAL
https://liftpdf.com/add-page-numbers,https://liftpdf.com/learn,Learn,INTERNAL
https://liftpdf.com/add-page-numbers,https://liftpdf.com/jpg-to-pdf,Image to PDF,INTERNAL
https://liftpdf.com/add-page-numbers,https://liftpdf.com/pdf-converter,Convert,INTERNAL
https://liftpdf.com/add-page-numbers,https://liftpdf.com/pdf-editor,Edit,INTERNAL
https://liftpdf.com/add-page-numbers,https://liftpdf.com/jpg-to-pdf,Start Now,INTERNAL
https://liftpdf.com/add-page-numbers,https://liftpdf.com/pdf-tools,PDF Tools,INTERNAL
https://liftpdf.com/add-page-numbers,https://liftpdf.com/learn,Learn,INTERNAL
https://liftpdf.com/add-page-numbers,https://liftpdf.com/jpg-to-pdf,Image to PDF,INTERNAL
https://liftpdf.com/add-page-numbers,https://liftpdf.com/pdf-converter,Convert,INTERNAL
https://liftpdf.com/add-page-numbers,https://liftpdf.com/pdf-editor,Edit,INTERNAL
https://liftpdf.com/add-page-numbers,https://liftpdf.com/jpg-to-pdf,Start Now,INTERNAL
https://liftpdf.com/add-page-numbers,https://liftpdf.com/merge-pdf,Merge PDFCombine documents before numbering the final packet.Open tool,INTERNAL
https://liftpdf.com/add-page-numbers,https://liftpdf.com/watermark-pdf,Watermark PDFAdd branding or draft labels to numbered pages.Open tool,INTERNAL
https://liftpdf.com/add-page-numbers,https://liftpdf.com/rotate-pdf,Rotate PDFFix page orientation before placing numbers.Open tool,INTERNAL
https://liftpdf.com/add-page-numbers,https://liftpdf.com/protect-pdf,Protect PDFPassword-protect the final numbered document.Open tool,INTERNAL
https://liftpdf.com/add-page-numbers,https://liftpdf.com/learn,Learning Center,INTERNAL
https://liftpdf.com/add-page-numbers,https://liftpdf.com/pdf-glossary,PDF Glossary,INTERNAL
https://liftpdf.com/add-page-numbers,https://liftpdf.com/help,Help Center,INTERNAL
https://liftpdf.com/add-page-numbers,https://liftpdf.com/watermark-pdf,Watermark PDFAdd text or image watermarks to every PDF page.FreeSecureBrowserOpen tool,INTERNAL
https://liftpdf.com/add-page-numbers,https://liftpdf.com/rotate-pdf,Rotate PDFRotate individual pages or all pages at once.FreeSecureBrowserOpen tool,INTERNAL
https://liftpdf.com/add-page-numbers,https://liftpdf.com/merge-pdf,Merge PDFCombine multiple PDF files into one document.FreeSecureBrowserOpen tool,INTERNAL
https://liftpdf.com/add-page-numbers,https://liftpdf.com/split-pdf,Split PDFExtract selected pages or split every page.FreeSecureBrowserOpen tool,INTERNAL
https://liftpdf.com/add-page-numbers,https://liftpdf.com/compress-pdf,Compress PDFRebuild PDFs with safe browser-side compression.FreeSecureBrowserOpen tool,INTERNAL
https://liftpdf.com/add-page-numbers,https://liftpdf.com/privacy,Read privacy details,INTERNAL
https://liftpdf.com/add-page-numbers,https://liftpdf.com/security,Security overview,INTERNAL
https://liftpdf.com/add-page-numbers,https://liftpdf.com/,LiftPDF,INTERNAL
https://liftpdf.com/add-page-numbers,https://liftpdf.com/pdf-tools,All PDF Tools,INTERNAL
https://liftpdf.com/add-page-numbers,https://liftpdf.com/jpg-to-pdf,JPG to PDF,INTERNAL
https://liftpdf.com/add-page-numbers,https://liftpdf.com/merge-pdf,Merge PDF,INTERNAL
https://liftpdf.com/add-page-numbers,https://liftpdf.com/compress-pdf,Compress PDF,INTERNAL
https://liftpdf.com/add-page-numbers,https://liftpdf.com/pdf-converter,Convert PDF,INTERNAL
https://liftpdf.com/add-page-numbers,https://liftpdf.com/pdf-editor,Edit PDF,INTERNAL
https://liftpdf.com/add-page-numbers,https://liftpdf.com/organize-pdf,Organize PDF,INTERNAL
https://liftpdf.com/add-page-numbers,https://liftpdf.com/pdf-image-tools,Image Tools,INTERNAL
https://liftpdf.com/add-page-numbers,https://liftpdf.com/pdf-security,Security,INTERNAL
https://liftpdf.com/add-page-numbers,https://liftpdf.com/learn,Learning Center,INTERNAL
https://liftpdf.com/add-page-numbers,https://liftpdf.com/guides,Guides,INTERNAL
https://liftpdf.com/add-page-numbers,https://liftpdf.com/pdf-glossary,PDF Glossary,INTERNAL
https://liftpdf.com/add-page-numbers,https://liftpdf.com/help,Help Center,INTERNAL
https://liftpdf.com/add-page-numbers,https://liftpdf.com/privacy,Privacy,INTERNAL
https://liftpdf.com/add-page-numbers,https://liftpdf.com/cookies,Cookies,INTERNAL
https://liftpdf.com/add-page-numbers,https://liftpdf.com/security,Security,INTERNAL
https://liftpdf.com/add-page-numbers,https://liftpdf.com/about,About,INTERNAL
https://liftpdf.com/add-page-numbers,https://liftpdf.com/why-liftpdf,Why LiftPDF,INTERNAL
https://liftpdf.com/add-page-numbers,https://liftpdf.com/terms,Terms,INTERNAL
https://liftpdf.com/add-page-numbers,https://liftpdf.com/contact,Contact,INTERNAL
https://liftpdf.com/watermark-pdf,https://liftpdf.com/,LiftPDF,INTERNAL
https://liftpdf.com/watermark-pdf,https://liftpdf.com/pdf-tools,PDF Tools,INTERNAL
https://liftpdf.com/watermark-pdf,https://liftpdf.com/learn,Learn,INTERNAL
https://liftpdf.com/watermark-pdf,https://liftpdf.com/jpg-to-pdf,Image to PDF,INTERNAL
https://liftpdf.com/watermark-pdf,https://liftpdf.com/pdf-converter,Convert,INTERNAL
https://liftpdf.com/watermark-pdf,https://liftpdf.com/pdf-editor,Edit,INTERNAL
https://liftpdf.com/watermark-pdf,https://liftpdf.com/jpg-to-pdf,Start Now,INTERNAL
https://liftpdf.com/watermark-pdf,https://liftpdf.com/pdf-tools,PDF Tools,INTERNAL
https://liftpdf.com/watermark-pdf,https://liftpdf.com/learn,Learn,INTERNAL
https://liftpdf.com/watermark-pdf,https://liftpdf.com/jpg-to-pdf,Image to PDF,INTERNAL
https://liftpdf.com/watermark-pdf,https://liftpdf.com/pdf-converter,Convert,INTERNAL
https://liftpdf.com/watermark-pdf,https://liftpdf.com/pdf-editor,Edit,INTERNAL
https://liftpdf.com/watermark-pdf,https://liftpdf.com/jpg-to-pdf,Start Now,INTERNAL
https://liftpdf.com/watermark-pdf,https://liftpdf.com/add-page-numbers,Add Page NumbersAdd numbering alongside a watermark.Open tool,INTERNAL
https://liftpdf.com/watermark-pdf,https://liftpdf.com/protect-pdf,Protect PDFEncrypt the watermarked document.Open tool,INTERNAL
https://liftpdf.com/watermark-pdf,https://liftpdf.com/rotate-pdf,Rotate PDFFix orientation before placing the watermark.Open tool,INTERNAL
https://liftpdf.com/watermark-pdf,https://liftpdf.com/compress-pdf,Compress PDFRebuild the final PDF after watermarking.Open tool,INTERNAL
https://liftpdf.com/watermark-pdf,https://liftpdf.com/learn,Learning Center,INTERNAL
https://liftpdf.com/watermark-pdf,https://liftpdf.com/pdf-glossary,PDF Glossary,INTERNAL
https://liftpdf.com/watermark-pdf,https://liftpdf.com/help,Help Center,INTERNAL
https://liftpdf.com/watermark-pdf,https://liftpdf.com/add-page-numbers,Add Page NumbersAdd custom page numbers with position and style controls.FreeSecureBrowserOpen tool,INTERNAL
https://liftpdf.com/watermark-pdf,https://liftpdf.com/rotate-pdf,Rotate PDFRotate individual pages or all pages at once.FreeSecureBrowserOpen tool,INTERNAL
https://liftpdf.com/watermark-pdf,https://liftpdf.com/protect-pdf,Protect PDFAdd password protection to PDF documents.FreeSecureBrowserOpen tool,INTERNAL
https://liftpdf.com/watermark-pdf,https://liftpdf.com/compress-pdf,Compress PDFRebuild PDFs with safe browser-side compression.FreeSecureBrowserOpen tool,INTERNAL
https://liftpdf.com/watermark-pdf,https://liftpdf.com/privacy,Read privacy details,INTERNAL
https://liftpdf.com/watermark-pdf,https://liftpdf.com/security,Security overview,INTERNAL
https://liftpdf.com/watermark-pdf,https://liftpdf.com/,LiftPDF,INTERNAL
https://liftpdf.com/watermark-pdf,https://liftpdf.com/pdf-tools,All PDF Tools,INTERNAL
https://liftpdf.com/watermark-pdf,https://liftpdf.com/jpg-to-pdf,JPG to PDF,INTERNAL
https://liftpdf.com/watermark-pdf,https://liftpdf.com/merge-pdf,Merge PDF,INTERNAL
https://liftpdf.com/watermark-pdf,https://liftpdf.com/compress-pdf,Compress PDF,INTERNAL
https://liftpdf.com/watermark-pdf,https://liftpdf.com/pdf-converter,Convert PDF,INTERNAL
https://liftpdf.com/watermark-pdf,https://liftpdf.com/pdf-editor,Edit PDF,INTERNAL
https://liftpdf.com/watermark-pdf,https://liftpdf.com/organize-pdf,Organize PDF,INTERNAL
https://liftpdf.com/watermark-pdf,https://liftpdf.com/pdf-image-tools,Image Tools,INTERNAL
https://liftpdf.com/watermark-pdf,https://liftpdf.com/pdf-security,Security,INTERNAL
https://liftpdf.com/watermark-pdf,https://liftpdf.com/learn,Learning Center,INTERNAL
https://liftpdf.com/watermark-pdf,https://liftpdf.com/guides,Guides,INTERNAL
https://liftpdf.com/watermark-pdf,https://liftpdf.com/pdf-glossary,PDF Glossary,INTERNAL
https://liftpdf.com/watermark-pdf,https://liftpdf.com/help,Help Center,INTERNAL
https://liftpdf.com/watermark-pdf,https://liftpdf.com/privacy,Privacy,INTERNAL
https://liftpdf.com/watermark-pdf,https://liftpdf.com/cookies,Cookies,INTERNAL
https://liftpdf.com/watermark-pdf,https://liftpdf.com/security,Security,INTERNAL
https://liftpdf.com/watermark-pdf,https://liftpdf.com/about,About,INTERNAL
https://liftpdf.com/watermark-pdf,https://liftpdf.com/why-liftpdf,Why LiftPDF,INTERNAL
https://liftpdf.com/watermark-pdf,https://liftpdf.com/terms,Terms,INTERNAL
https://liftpdf.com/watermark-pdf,https://liftpdf.com/contact,Contact,INTERNAL
https://liftpdf.com/pdf-to-text,https://liftpdf.com/,LiftPDF,INTERNAL
https://liftpdf.com/pdf-to-text,https://liftpdf.com/pdf-tools,PDF Tools,INTERNAL
https://liftpdf.com/pdf-to-text,https://liftpdf.com/learn,Learn,INTERNAL
https://liftpdf.com/pdf-to-text,https://liftpdf.com/jpg-to-pdf,Image to PDF,INTERNAL
https://liftpdf.com/pdf-to-text,https://liftpdf.com/pdf-converter,Convert,INTERNAL
https://liftpdf.com/pdf-to-text,https://liftpdf.com/pdf-editor,Edit,INTERNAL
https://liftpdf.com/pdf-to-text,https://liftpdf.com/jpg-to-pdf,Start Now,INTERNAL
https://liftpdf.com/pdf-to-text,https://liftpdf.com/pdf-tools,PDF Tools,INTERNAL
https://liftpdf.com/pdf-to-text,https://liftpdf.com/learn,Learn,INTERNAL
https://liftpdf.com/pdf-to-text,https://liftpdf.com/jpg-to-pdf,Image to PDF,INTERNAL
https://liftpdf.com/pdf-to-text,https://liftpdf.com/pdf-converter,Convert,INTERNAL
https://liftpdf.com/pdf-to-text,https://liftpdf.com/pdf-editor,Edit,INTERNAL
https://liftpdf.com/pdf-to-text,https://liftpdf.com/jpg-to-pdf,Start Now,INTERNAL
https://liftpdf.com/pdf-to-text,https://liftpdf.com/unlock-pdf,Unlock PDFUnlock protected PDFs before text extraction.Open tool,INTERNAL
https://liftpdf.com/pdf-to-text,https://liftpdf.com/pdf-to-jpg,PDF to JPGExport pages as images when the PDF is visual.Open tool,INTERNAL
https://liftpdf.com/pdf-to-text,https://liftpdf.com/pdf-to-png,PDF to PNGCreate sharp image copies of PDF pages.Open tool,INTERNAL
https://liftpdf.com/pdf-to-text,https://liftpdf.com/images-to-pdf,Images to PDFBuild PDFs from image sources.Open tool,INTERNAL
https://liftpdf.com/pdf-to-text,https://liftpdf.com/guides/scanned-pdf-vs-searchable-pdf,Scanned vs searchable PDF,INTERNAL
https://liftpdf.com/pdf-to-text,https://liftpdf.com/guides/what-is-browser-based-pdf-processing,What is browser-based processing?,INTERNAL
https://liftpdf.com/pdf-to-text,https://liftpdf.com/guides/why-pdf-opens-blank,PDF opens blank,INTERNAL
https://liftpdf.com/pdf-to-text,https://liftpdf.com/pdf-glossary#selectable-text,Selectable text,INTERNAL
https://liftpdf.com/pdf-to-text,https://liftpdf.com/unlock-pdf,Unlock PDFRemove PDF passwords when you have permission.FreeSecureBrowserOpen tool,INTERNAL
https://liftpdf.com/pdf-to-text,https://liftpdf.com/pdf-to-jpg,PDF to JPGExport every PDF page as a high-quality JPG image.FreeSecureBrowserOpen tool,INTERNAL
https://liftpdf.com/pdf-to-text,https://liftpdf.com/pdf-to-png,PDF to PNGConvert PDF pages into sharp PNG images.FreeSecureBrowserOpen tool,INTERNAL
https://liftpdf.com/pdf-to-text,https://liftpdf.com/privacy,Read privacy details,INTERNAL
https://liftpdf.com/pdf-to-text,https://liftpdf.com/security,Security overview,INTERNAL
https://liftpdf.com/pdf-to-text,https://liftpdf.com/,LiftPDF,INTERNAL
https://liftpdf.com/pdf-to-text,https://liftpdf.com/pdf-tools,All PDF Tools,INTERNAL
https://liftpdf.com/pdf-to-text,https://liftpdf.com/jpg-to-pdf,JPG to PDF,INTERNAL
https://liftpdf.com/pdf-to-text,https://liftpdf.com/merge-pdf,Merge PDF,INTERNAL
https://liftpdf.com/pdf-to-text,https://liftpdf.com/compress-pdf,Compress PDF,INTERNAL
https://liftpdf.com/pdf-to-text,https://liftpdf.com/pdf-converter,Convert PDF,INTERNAL
https://liftpdf.com/pdf-to-text,https://liftpdf.com/pdf-editor,Edit PDF,INTERNAL
https://liftpdf.com/pdf-to-text,https://liftpdf.com/organize-pdf,Organize PDF,INTERNAL
https://liftpdf.com/pdf-to-text,https://liftpdf.com/pdf-image-tools,Image Tools,INTERNAL
https://liftpdf.com/pdf-to-text,https://liftpdf.com/pdf-security,Security,INTERNAL
https://liftpdf.com/pdf-to-text,https://liftpdf.com/learn,Learning Center,INTERNAL
https://liftpdf.com/pdf-to-text,https://liftpdf.com/guides,Guides,INTERNAL
https://liftpdf.com/pdf-to-text,https://liftpdf.com/pdf-glossary,PDF Glossary,INTERNAL
https://liftpdf.com/pdf-to-text,https://liftpdf.com/help,Help Center,INTERNAL
https://liftpdf.com/pdf-to-text,https://liftpdf.com/privacy,Privacy,INTERNAL
https://liftpdf.com/pdf-to-text,https://liftpdf.com/cookies,Cookies,INTERNAL
https://liftpdf.com/pdf-to-text,https://liftpdf.com/security,Security,INTERNAL
https://liftpdf.com/pdf-to-text,https://liftpdf.com/about,About,INTERNAL
https://liftpdf.com/pdf-to-text,https://liftpdf.com/why-liftpdf,Why LiftPDF,INTERNAL
https://liftpdf.com/pdf-to-text,https://liftpdf.com/terms,Terms,INTERNAL
https://liftpdf.com/pdf-to-text,https://liftpdf.com/contact,Contact,INTERNAL
https://liftpdf.com/protect-pdf,https://liftpdf.com/,LiftPDF,INTERNAL
https://liftpdf.com/protect-pdf,https://liftpdf.com/pdf-tools,PDF Tools,INTERNAL
https://liftpdf.com/protect-pdf,https://liftpdf.com/learn,Learn,INTERNAL
https://liftpdf.com/protect-pdf,https://liftpdf.com/jpg-to-pdf,Image to PDF,INTERNAL
https://liftpdf.com/protect-pdf,https://liftpdf.com/pdf-converter,Convert,INTERNAL
https://liftpdf.com/protect-pdf,https://liftpdf.com/pdf-editor,Edit,INTERNAL
https://liftpdf.com/protect-pdf,https://liftpdf.com/jpg-to-pdf,Start Now,INTERNAL
https://liftpdf.com/protect-pdf,https://liftpdf.com/pdf-tools,PDF Tools,INTERNAL
https://liftpdf.com/protect-pdf,https://liftpdf.com/learn,Learn,INTERNAL
https://liftpdf.com/protect-pdf,https://liftpdf.com/jpg-to-pdf,Image to PDF,INTERNAL
https://liftpdf.com/protect-pdf,https://liftpdf.com/pdf-converter,Convert,INTERNAL
https://liftpdf.com/protect-pdf,https://liftpdf.com/pdf-editor,Edit,INTERNAL
https://liftpdf.com/protect-pdf,https://liftpdf.com/jpg-to-pdf,Start Now,INTERNAL
https://liftpdf.com/protect-pdf,https://liftpdf.com/unlock-pdf,Unlock PDFRemove password protection later if you know the password.Open tool,INTERNAL
https://liftpdf.com/protect-pdf,https://liftpdf.com/watermark-pdf,Watermark PDFMark a document before encrypting it.Open tool,INTERNAL
https://liftpdf.com/protect-pdf,https://liftpdf.com/compress-pdf,Compress PDFOptimize the file before protecting it.Open tool,INTERNAL
https://liftpdf.com/protect-pdf,https://liftpdf.com/merge-pdf,Merge PDFCombine documents before adding protection.Open tool,INTERNAL
https://liftpdf.com/protect-pdf,https://liftpdf.com/guides/what-is-a-password-protected-pdf,What is a password-protected PDF?,INTERNAL
https://liftpdf.com/protect-pdf,https://liftpdf.com/guides/why-a-pdf-is-password-protected,Why PDFs are protected,INTERNAL
https://liftpdf.com/protect-pdf,https://liftpdf.com/guides/what-is-browser-based-pdf-processing,Browser-based PDF processing,INTERNAL
https://liftpdf.com/protect-pdf,https://liftpdf.com/pdf-glossary#encryption,Encryption,INTERNAL
https://liftpdf.com/protect-pdf,https://liftpdf.com/unlock-pdf,Unlock PDFRemove PDF passwords when you have permission.FreeSecureBrowserOpen tool,INTERNAL
https://liftpdf.com/protect-pdf,https://liftpdf.com/watermark-pdf,Watermark PDFAdd text or image watermarks to every PDF page.FreeSecureBrowserOpen tool,INTERNAL
https://liftpdf.com/protect-pdf,https://liftpdf.com/compress-pdf,Compress PDFRebuild PDFs with safe browser-side compression.FreeSecureBrowserOpen tool,INTERNAL
https://liftpdf.com/protect-pdf,https://liftpdf.com/merge-pdf,Merge PDFCombine multiple PDF files into one document.FreeSecureBrowserOpen tool,INTERNAL
https://liftpdf.com/protect-pdf,https://liftpdf.com/privacy,Read privacy details,INTERNAL
https://liftpdf.com/protect-pdf,https://liftpdf.com/security,Security overview,INTERNAL
https://liftpdf.com/protect-pdf,https://liftpdf.com/,LiftPDF,INTERNAL
https://liftpdf.com/protect-pdf,https://liftpdf.com/pdf-tools,All PDF Tools,INTERNAL
https://liftpdf.com/protect-pdf,https://liftpdf.com/jpg-to-pdf,JPG to PDF,INTERNAL
https://liftpdf.com/protect-pdf,https://liftpdf.com/merge-pdf,Merge PDF,INTERNAL
https://liftpdf.com/protect-pdf,https://liftpdf.com/compress-pdf,Compress PDF,INTERNAL
https://liftpdf.com/protect-pdf,https://liftpdf.com/pdf-converter,Convert PDF,INTERNAL
https://liftpdf.com/protect-pdf,https://liftpdf.com/pdf-editor,Edit PDF,INTERNAL
https://liftpdf.com/protect-pdf,https://liftpdf.com/organize-pdf,Organize PDF,INTERNAL
https://liftpdf.com/protect-pdf,https://liftpdf.com/pdf-image-tools,Image Tools,INTERNAL
https://liftpdf.com/protect-pdf,https://liftpdf.com/pdf-security,Security,INTERNAL
https://liftpdf.com/protect-pdf,https://liftpdf.com/learn,Learning Center,INTERNAL
https://liftpdf.com/protect-pdf,https://liftpdf.com/guides,Guides,INTERNAL
https://liftpdf.com/protect-pdf,https://liftpdf.com/pdf-glossary,PDF Glossary,INTERNAL
https://liftpdf.com/protect-pdf,https://liftpdf.com/help,Help Center,INTERNAL
https://liftpdf.com/protect-pdf,https://liftpdf.com/privacy,Privacy,INTERNAL
https://liftpdf.com/protect-pdf,https://liftpdf.com/cookies,Cookies,INTERNAL
https://liftpdf.com/protect-pdf,https://liftpdf.com/security,Security,INTERNAL
https://liftpdf.com/protect-pdf,https://liftpdf.com/about,About,INTERNAL
https://liftpdf.com/protect-pdf,https://liftpdf.com/why-liftpdf,Why LiftPDF,INTERNAL
https://liftpdf.com/protect-pdf,https://liftpdf.com/terms,Terms,INTERNAL
https://liftpdf.com/protect-pdf,https://liftpdf.com/contact,Contact,INTERNAL
https://liftpdf.com/unlock-pdf,https://liftpdf.com/,LiftPDF,INTERNAL
https://liftpdf.com/unlock-pdf,https://liftpdf.com/pdf-tools,PDF Tools,INTERNAL
https://liftpdf.com/unlock-pdf,https://liftpdf.com/learn,Learn,INTERNAL
https://liftpdf.com/unlock-pdf,https://liftpdf.com/jpg-to-pdf,Image to PDF,INTERNAL
https://liftpdf.com/unlock-pdf,https://liftpdf.com/pdf-converter,Convert,INTERNAL
https://liftpdf.com/unlock-pdf,https://liftpdf.com/pdf-editor,Edit,INTERNAL
https://liftpdf.com/unlock-pdf,https://liftpdf.com/jpg-to-pdf,Start Now,INTERNAL
https://liftpdf.com/unlock-pdf,https://liftpdf.com/pdf-tools,PDF Tools,INTERNAL
https://liftpdf.com/unlock-pdf,https://liftpdf.com/learn,Learn,INTERNAL
https://liftpdf.com/unlock-pdf,https://liftpdf.com/jpg-to-pdf,Image to PDF,INTERNAL
https://liftpdf.com/unlock-pdf,https://liftpdf.com/pdf-converter,Convert,INTERNAL
https://liftpdf.com/unlock-pdf,https://liftpdf.com/pdf-editor,Edit,INTERNAL
https://liftpdf.com/unlock-pdf,https://liftpdf.com/jpg-to-pdf,Start Now,INTERNAL
https://liftpdf.com/unlock-pdf,https://liftpdf.com/protect-pdf,Protect PDFAdd a new password after editing or sharing.Open tool,INTERNAL
https://liftpdf.com/unlock-pdf,https://liftpdf.com/pdf-to-text,PDF to TextExtract text after unlocking a protected document.Open tool,INTERNAL
https://liftpdf.com/unlock-pdf,https://liftpdf.com/compress-pdf,Compress PDFOptimize the unlocked copy.Open tool,INTERNAL
https://liftpdf.com/unlock-pdf,https://liftpdf.com/merge-pdf,Merge PDFCombine unlocked PDFs with other files.Open tool,INTERNAL
https://liftpdf.com/unlock-pdf,https://liftpdf.com/guides/what-is-a-password-protected-pdf,Password-protected PDFs explained,INTERNAL
https://liftpdf.com/unlock-pdf,https://liftpdf.com/guides/extract-pages-from-password-protected-pdf,Extract pages from protected PDFs,INTERNAL
https://liftpdf.com/unlock-pdf,https://liftpdf.com/guides/why-a-pdf-is-password-protected,Why PDFs are protected,INTERNAL
https://liftpdf.com/unlock-pdf,https://liftpdf.com/pdf-glossary#encryption,Encryption,INTERNAL
https://liftpdf.com/unlock-pdf,https://liftpdf.com/protect-pdf,Protect PDFAdd password protection to PDF documents.FreeSecureBrowserOpen tool,INTERNAL
https://liftpdf.com/unlock-pdf,https://liftpdf.com/watermark-pdf,Watermark PDFAdd text or image watermarks to every PDF page.FreeSecureBrowserOpen tool,INTERNAL
https://liftpdf.com/unlock-pdf,https://liftpdf.com/compress-pdf,Compress PDFRebuild PDFs with safe browser-side compression.FreeSecureBrowserOpen tool,INTERNAL
https://liftpdf.com/unlock-pdf,https://liftpdf.com/merge-pdf,Merge PDFCombine multiple PDF files into one document.FreeSecureBrowserOpen tool,INTERNAL
https://liftpdf.com/unlock-pdf,https://liftpdf.com/privacy,Read privacy details,INTERNAL
https://liftpdf.com/unlock-pdf,https://liftpdf.com/security,Security overview,INTERNAL
https://liftpdf.com/unlock-pdf,https://liftpdf.com/,LiftPDF,INTERNAL
https://liftpdf.com/unlock-pdf,https://liftpdf.com/pdf-tools,All PDF Tools,INTERNAL
https://liftpdf.com/unlock-pdf,https://liftpdf.com/jpg-to-pdf,JPG to PDF,INTERNAL
https://liftpdf.com/unlock-pdf,https://liftpdf.com/merge-pdf,Merge PDF,INTERNAL
https://liftpdf.com/unlock-pdf,https://liftpdf.com/compress-pdf,Compress PDF,INTERNAL
https://liftpdf.com/unlock-pdf,https://liftpdf.com/pdf-converter,Convert PDF,INTERNAL
https://liftpdf.com/unlock-pdf,https://liftpdf.com/pdf-editor,Edit PDF,INTERNAL
https://liftpdf.com/unlock-pdf,https://liftpdf.com/organize-pdf,Organize PDF,INTERNAL
https://liftpdf.com/unlock-pdf,https://liftpdf.com/pdf-image-tools,Image Tools,INTERNAL
https://liftpdf.com/unlock-pdf,https://liftpdf.com/pdf-security,Security,INTERNAL
https://liftpdf.com/unlock-pdf,https://liftpdf.com/learn,Learning Center,INTERNAL
https://liftpdf.com/unlock-pdf,https://liftpdf.com/guides,Guides,INTERNAL
https://liftpdf.com/unlock-pdf,https://liftpdf.com/pdf-glossary,PDF Glossary,INTERNAL
https://liftpdf.com/unlock-pdf,https://liftpdf.com/help,Help Center,INTERNAL
https://liftpdf.com/unlock-pdf,https://liftpdf.com/privacy,Privacy,INTERNAL
https://liftpdf.com/unlock-pdf,https://liftpdf.com/cookies,Cookies,INTERNAL
https://liftpdf.com/unlock-pdf,https://liftpdf.com/security,Security,INTERNAL
https://liftpdf.com/unlock-pdf,https://liftpdf.com/about,About,INTERNAL
https://liftpdf.com/unlock-pdf,https://liftpdf.com/why-liftpdf,Why LiftPDF,INTERNAL
https://liftpdf.com/unlock-pdf,https://liftpdf.com/terms,Terms,INTERNAL
https://liftpdf.com/unlock-pdf,https://liftpdf.com/contact,Contact,INTERNAL
https://liftpdf.com/delete-pages,https://liftpdf.com/,LiftPDF,INTERNAL
https://liftpdf.com/delete-pages,https://liftpdf.com/pdf-tools,PDF Tools,INTERNAL
https://liftpdf.com/delete-pages,https://liftpdf.com/learn,Learn,INTERNAL
https://liftpdf.com/delete-pages,https://liftpdf.com/jpg-to-pdf,Image to PDF,INTERNAL
https://liftpdf.com/delete-pages,https://liftpdf.com/pdf-converter,Convert,INTERNAL
https://liftpdf.com/delete-pages,https://liftpdf.com/pdf-editor,Edit,INTERNAL
https://liftpdf.com/delete-pages,https://liftpdf.com/jpg-to-pdf,Start Now,INTERNAL
https://liftpdf.com/delete-pages,https://liftpdf.com/pdf-tools,PDF Tools,INTERNAL
https://liftpdf.com/delete-pages,https://liftpdf.com/learn,Learn,INTERNAL
https://liftpdf.com/delete-pages,https://liftpdf.com/jpg-to-pdf,Image to PDF,INTERNAL
https://liftpdf.com/delete-pages,https://liftpdf.com/pdf-converter,Convert,INTERNAL
https://liftpdf.com/delete-pages,https://liftpdf.com/pdf-editor,Edit,INTERNAL
https://liftpdf.com/delete-pages,https://liftpdf.com/jpg-to-pdf,Start Now,INTERNAL
https://liftpdf.com/delete-pages,https://liftpdf.com/extract-pages,Extract PagesSave selected pages instead of deleting the rest.Open tool,INTERNAL
https://liftpdf.com/delete-pages,https://liftpdf.com/reorder-pages,Reorder PagesMove pages into the correct order.Open tool,INTERNAL
https://liftpdf.com/delete-pages,https://liftpdf.com/split-pdf,Split PDFSplit known page ranges into separate files.Open tool,INTERNAL
https://liftpdf.com/delete-pages,https://liftpdf.com/merge-pdf,Merge PDFCombine cleaned PDFs together.Open tool,INTERNAL
https://liftpdf.com/delete-pages,https://liftpdf.com/learn,Learning Center,INTERNAL
https://liftpdf.com/delete-pages,https://liftpdf.com/pdf-glossary,PDF Glossary,INTERNAL
https://liftpdf.com/delete-pages,https://liftpdf.com/help,Help Center,INTERNAL
https://liftpdf.com/delete-pages,https://liftpdf.com/extract-pages,Extract PagesSave selected PDF pages into a new document.FreeSecureBrowserOpen tool,INTERNAL
https://liftpdf.com/delete-pages,https://liftpdf.com/reorder-pages,Reorder PagesRearrange PDF pages before downloading.FreeSecureBrowserOpen tool,INTERNAL
https://liftpdf.com/delete-pages,https://liftpdf.com/split-pdf,Split PDFExtract selected pages or split every page.FreeSecureBrowserOpen tool,INTERNAL
https://liftpdf.com/delete-pages,https://liftpdf.com/merge-pdf,Merge PDFCombine multiple PDF files into one document.FreeSecureBrowserOpen tool,INTERNAL
https://liftpdf.com/delete-pages,https://liftpdf.com/privacy,Read privacy details,INTERNAL
https://liftpdf.com/delete-pages,https://liftpdf.com/security,Security overview,INTERNAL
https://liftpdf.com/delete-pages,https://liftpdf.com/,LiftPDF,INTERNAL
https://liftpdf.com/delete-pages,https://liftpdf.com/pdf-tools,All PDF Tools,INTERNAL
https://liftpdf.com/delete-pages,https://liftpdf.com/jpg-to-pdf,JPG to PDF,INTERNAL
https://liftpdf.com/delete-pages,https://liftpdf.com/merge-pdf,Merge PDF,INTERNAL
https://liftpdf.com/delete-pages,https://liftpdf.com/compress-pdf,Compress PDF,INTERNAL
https://liftpdf.com/delete-pages,https://liftpdf.com/pdf-converter,Convert PDF,INTERNAL
https://liftpdf.com/delete-pages,https://liftpdf.com/pdf-editor,Edit PDF,INTERNAL
https://liftpdf.com/delete-pages,https://liftpdf.com/organize-pdf,Organize PDF,INTERNAL
https://liftpdf.com/delete-pages,https://liftpdf.com/pdf-image-tools,Image Tools,INTERNAL
https://liftpdf.com/delete-pages,https://liftpdf.com/pdf-security,Security,INTERNAL
https://liftpdf.com/delete-pages,https://liftpdf.com/learn,Learning Center,INTERNAL
https://liftpdf.com/delete-pages,https://liftpdf.com/guides,Guides,INTERNAL
https://liftpdf.com/delete-pages,https://liftpdf.com/pdf-glossary,PDF Glossary,INTERNAL
https://liftpdf.com/delete-pages,https://liftpdf.com/help,Help Center,INTERNAL
https://liftpdf.com/delete-pages,https://liftpdf.com/privacy,Privacy,INTERNAL
https://liftpdf.com/delete-pages,https://liftpdf.com/cookies,Cookies,INTERNAL
https://liftpdf.com/delete-pages,https://liftpdf.com/security,Security,INTERNAL
https://liftpdf.com/delete-pages,https://liftpdf.com/about,About,INTERNAL
https://liftpdf.com/delete-pages,https://liftpdf.com/why-liftpdf,Why LiftPDF,INTERNAL
https://liftpdf.com/delete-pages,https://liftpdf.com/terms,Terms,INTERNAL
https://liftpdf.com/delete-pages,https://liftpdf.com/contact,Contact,INTERNAL
https://liftpdf.com/extract-pages,https://liftpdf.com/,LiftPDF,INTERNAL
https://liftpdf.com/extract-pages,https://liftpdf.com/pdf-tools,PDF Tools,INTERNAL
https://liftpdf.com/extract-pages,https://liftpdf.com/learn,Learn,INTERNAL
https://liftpdf.com/extract-pages,https://liftpdf.com/jpg-to-pdf,Image to PDF,INTERNAL
https://liftpdf.com/extract-pages,https://liftpdf.com/pdf-converter,Convert,INTERNAL
https://liftpdf.com/extract-pages,https://liftpdf.com/pdf-editor,Edit,INTERNAL
https://liftpdf.com/extract-pages,https://liftpdf.com/jpg-to-pdf,Start Now,INTERNAL
https://liftpdf.com/extract-pages,https://liftpdf.com/pdf-tools,PDF Tools,INTERNAL
https://liftpdf.com/extract-pages,https://liftpdf.com/learn,Learn,INTERNAL
https://liftpdf.com/extract-pages,https://liftpdf.com/jpg-to-pdf,Image to PDF,INTERNAL
https://liftpdf.com/extract-pages,https://liftpdf.com/pdf-converter,Convert,INTERNAL
https://liftpdf.com/extract-pages,https://liftpdf.com/pdf-editor,Edit,INTERNAL
https://liftpdf.com/extract-pages,https://liftpdf.com/jpg-to-pdf,Start Now,INTERNAL
https://liftpdf.com/extract-pages,https://liftpdf.com/guides/how-to-extract-pages-from-pdf,How to Extract Pages From a PDFRead the complete extraction workflow before using the tool.Open tool,INTERNAL
https://liftpdf.com/extract-pages,https://liftpdf.com/guides/extract-one-page-from-pdf,Extract One Page From a PDFLearn the safest way to save a single page as a new PDF.Open tool,INTERNAL
https://liftpdf.com/extract-pages,https://liftpdf.com/guides/extract-multiple-pages-from-pdf,Extract Multiple PagesSave several selected pages into one clean PDF.Open tool,INTERNAL
https://liftpdf.com/extract-pages,https://liftpdf.com/guides/extract-pdf-pages-without-adobe,Extract Without AdobeUse a browser-based workflow without installing Acrobat.Open tool,INTERNAL
https://liftpdf.com/extract-pages,https://liftpdf.com/delete-pages,Delete PagesRemove pages from the original document instead.Open tool,INTERNAL
https://liftpdf.com/extract-pages,https://liftpdf.com/reorder-pages,Reorder PagesArrange pages before exporting a new version.Open tool,INTERNAL
https://liftpdf.com/extract-pages,https://liftpdf.com/split-pdf,Split PDFUse typed ranges or split every page.Open tool,INTERNAL
https://liftpdf.com/extract-pages,https://liftpdf.com/merge-pdf,Merge PDFCombine extracted pages with other PDFs.Open tool,INTERNAL
https://liftpdf.com/extract-pages,https://liftpdf.com/guides/how-to-extract-pages-from-pdf,How to extract pages from a PDF,INTERNAL
https://liftpdf.com/extract-pages,https://liftpdf.com/guides/extract-pages-vs-split-pdf,Extract vs Split PDF,INTERNAL
https://liftpdf.com/extract-pages,https://liftpdf.com/guides/extract-pages-from-scanned-pdf,Scanned PDFs,INTERNAL
https://liftpdf.com/extract-pages,https://liftpdf.com/pdf-glossary#page-range,Page range,INTERNAL
https://liftpdf.com/extract-pages,https://liftpdf.com/delete-pages,Delete PagesRemove unwanted pages from a PDF.FreeSecureBrowserOpen tool,INTERNAL
https://liftpdf.com/extract-pages,https://liftpdf.com/reorder-pages,Reorder PagesRearrange PDF pages before downloading.FreeSecureBrowserOpen tool,INTERNAL
https://liftpdf.com/extract-pages,https://liftpdf.com/split-pdf,Split PDFExtract selected pages or split every page.FreeSecureBrowserOpen tool,INTERNAL
https://liftpdf.com/extract-pages,https://liftpdf.com/merge-pdf,Merge PDFCombine multiple PDF files into one document.FreeSecureBrowserOpen tool,INTERNAL
https://liftpdf.com/extract-pages,https://liftpdf.com/privacy,Read privacy details,INTERNAL
https://liftpdf.com/extract-pages,https://liftpdf.com/security,Security overview,INTERNAL
https://liftpdf.com/extract-pages,https://liftpdf.com/,LiftPDF,INTERNAL
https://liftpdf.com/extract-pages,https://liftpdf.com/pdf-tools,All PDF Tools,INTERNAL
https://liftpdf.com/extract-pages,https://liftpdf.com/jpg-to-pdf,JPG to PDF,INTERNAL
https://liftpdf.com/extract-pages,https://liftpdf.com/merge-pdf,Merge PDF,INTERNAL
https://liftpdf.com/extract-pages,https://liftpdf.com/compress-pdf,Compress PDF,INTERNAL
https://liftpdf.com/extract-pages,https://liftpdf.com/pdf-converter,Convert PDF,INTERNAL
https://liftpdf.com/extract-pages,https://liftpdf.com/pdf-editor,Edit PDF,INTERNAL
https://liftpdf.com/extract-pages,https://liftpdf.com/organize-pdf,Organize PDF,INTERNAL
https://liftpdf.com/extract-pages,https://liftpdf.com/pdf-image-tools,Image Tools,INTERNAL
https://liftpdf.com/extract-pages,https://liftpdf.com/pdf-security,Security,INTERNAL
https://liftpdf.com/extract-pages,https://liftpdf.com/learn,Learning Center,INTERNAL
https://liftpdf.com/extract-pages,https://liftpdf.com/guides,Guides,INTERNAL
https://liftpdf.com/extract-pages,https://liftpdf.com/pdf-glossary,PDF Glossary,INTERNAL
https://liftpdf.com/extract-pages,https://liftpdf.com/help,Help Center,INTERNAL
https://liftpdf.com/extract-pages,https://liftpdf.com/privacy,Privacy,INTERNAL
https://liftpdf.com/extract-pages,https://liftpdf.com/cookies,Cookies,INTERNAL
https://liftpdf.com/extract-pages,https://liftpdf.com/security,Security,INTERNAL
https://liftpdf.com/extract-pages,https://liftpdf.com/about,About,INTERNAL
https://liftpdf.com/extract-pages,https://liftpdf.com/why-liftpdf,Why LiftPDF,INTERNAL
https://liftpdf.com/extract-pages,https://liftpdf.com/terms,Terms,INTERNAL
https://liftpdf.com/extract-pages,https://liftpdf.com/contact,Contact,INTERNAL
https://liftpdf.com/reorder-pages,https://liftpdf.com/,LiftPDF,INTERNAL
https://liftpdf.com/reorder-pages,https://liftpdf.com/pdf-tools,PDF Tools,INTERNAL
https://liftpdf.com/reorder-pages,https://liftpdf.com/learn,Learn,INTERNAL
https://liftpdf.com/reorder-pages,https://liftpdf.com/jpg-to-pdf,Image to PDF,INTERNAL
https://liftpdf.com/reorder-pages,https://liftpdf.com/pdf-converter,Convert,INTERNAL
https://liftpdf.com/reorder-pages,https://liftpdf.com/pdf-editor,Edit,INTERNAL
https://liftpdf.com/reorder-pages,https://liftpdf.com/jpg-to-pdf,Start Now,INTERNAL
https://liftpdf.com/reorder-pages,https://liftpdf.com/pdf-tools,PDF Tools,INTERNAL
https://liftpdf.com/reorder-pages,https://liftpdf.com/learn,Learn,INTERNAL
https://liftpdf.com/reorder-pages,https://liftpdf.com/jpg-to-pdf,Image to PDF,INTERNAL
https://liftpdf.com/reorder-pages,https://liftpdf.com/pdf-converter,Convert,INTERNAL
https://liftpdf.com/reorder-pages,https://liftpdf.com/pdf-editor,Edit,INTERNAL
https://liftpdf.com/reorder-pages,https://liftpdf.com/jpg-to-pdf,Start Now,INTERNAL
https://liftpdf.com/reorder-pages,https://liftpdf.com/delete-pages,Delete PagesRemove pages that should not be included.Open tool,INTERNAL
https://liftpdf.com/reorder-pages,https://liftpdf.com/extract-pages,Extract PagesSave only the selected pages.Open tool,INTERNAL
https://liftpdf.com/reorder-pages,https://liftpdf.com/merge-pdf,Merge PDFCombine files before arranging pages.Open tool,INTERNAL
https://liftpdf.com/reorder-pages,https://liftpdf.com/split-pdf,Split PDFSplit the document after reordering if needed.Open tool,INTERNAL
https://liftpdf.com/reorder-pages,https://liftpdf.com/learn,Learning Center,INTERNAL
https://liftpdf.com/reorder-pages,https://liftpdf.com/pdf-glossary,PDF Glossary,INTERNAL
https://liftpdf.com/reorder-pages,https://liftpdf.com/help,Help Center,INTERNAL
https://liftpdf.com/reorder-pages,https://liftpdf.com/delete-pages,Delete PagesRemove unwanted pages from a PDF.FreeSecureBrowserOpen tool,INTERNAL
https://liftpdf.com/reorder-pages,https://liftpdf.com/extract-pages,Extract PagesSave selected PDF pages into a new document.FreeSecureBrowserOpen tool,INTERNAL
https://liftpdf.com/reorder-pages,https://liftpdf.com/split-pdf,Split PDFExtract selected pages or split every page.FreeSecureBrowserOpen tool,INTERNAL
https://liftpdf.com/reorder-pages,https://liftpdf.com/merge-pdf,Merge PDFCombine multiple PDF files into one document.FreeSecureBrowserOpen tool,INTERNAL
https://liftpdf.com/reorder-pages,https://liftpdf.com/privacy,Read privacy details,INTERNAL
https://liftpdf.com/reorder-pages,https://liftpdf.com/security,Security overview,INTERNAL
https://liftpdf.com/reorder-pages,https://liftpdf.com/,LiftPDF,INTERNAL
https://liftpdf.com/reorder-pages,https://liftpdf.com/pdf-tools,All PDF Tools,INTERNAL
https://liftpdf.com/reorder-pages,https://liftpdf.com/jpg-to-pdf,JPG to PDF,INTERNAL
https://liftpdf.com/reorder-pages,https://liftpdf.com/merge-pdf,Merge PDF,INTERNAL
https://liftpdf.com/reorder-pages,https://liftpdf.com/compress-pdf,Compress PDF,INTERNAL
https://liftpdf.com/reorder-pages,https://liftpdf.com/pdf-converter,Convert PDF,INTERNAL
https://liftpdf.com/reorder-pages,https://liftpdf.com/pdf-editor,Edit PDF,INTERNAL
https://liftpdf.com/reorder-pages,https://liftpdf.com/organize-pdf,Organize PDF,INTERNAL
https://liftpdf.com/reorder-pages,https://liftpdf.com/pdf-image-tools,Image Tools,INTERNAL
https://liftpdf.com/reorder-pages,https://liftpdf.com/pdf-security,Security,INTERNAL
https://liftpdf.com/reorder-pages,https://liftpdf.com/learn,Learning Center,INTERNAL
https://liftpdf.com/reorder-pages,https://liftpdf.com/guides,Guides,INTERNAL
https://liftpdf.com/reorder-pages,https://liftpdf.com/pdf-glossary,PDF Glossary,INTERNAL
https://liftpdf.com/reorder-pages,https://liftpdf.com/help,Help Center,INTERNAL
https://liftpdf.com/reorder-pages,https://liftpdf.com/privacy,Privacy,INTERNAL
https://liftpdf.com/reorder-pages,https://liftpdf.com/cookies,Cookies,INTERNAL
https://liftpdf.com/reorder-pages,https://liftpdf.com/security,Security,INTERNAL
https://liftpdf.com/reorder-pages,https://liftpdf.com/about,About,INTERNAL
https://liftpdf.com/reorder-pages,https://liftpdf.com/why-liftpdf,Why LiftPDF,INTERNAL
https://liftpdf.com/reorder-pages,https://liftpdf.com/terms,Terms,INTERNAL
https://liftpdf.com/reorder-pages,https://liftpdf.com/contact,Contact,INTERNAL
https://liftpdf.com/guides/how-to-extract-pages-from-pdf,https://liftpdf.com/,LiftPDF,INTERNAL
https://liftpdf.com/guides/how-to-extract-pages-from-pdf,https://liftpdf.com/pdf-tools,PDF Tools,INTERNAL
https://liftpdf.com/guides/how-to-extract-pages-from-pdf,https://liftpdf.com/learn,Learn,INTERNAL
https://liftpdf.com/guides/how-to-extract-pages-from-pdf,https://liftpdf.com/jpg-to-pdf,Image to PDF,INTERNAL
https://liftpdf.com/guides/how-to-extract-pages-from-pdf,https://liftpdf.com/pdf-converter,Convert,INTERNAL
https://liftpdf.com/guides/how-to-extract-pages-from-pdf,https://liftpdf.com/pdf-editor,Edit,INTERNAL
https://liftpdf.com/guides/how-to-extract-pages-from-pdf,https://liftpdf.com/jpg-to-pdf,Start Now,INTERNAL
https://liftpdf.com/guides/how-to-extract-pages-from-pdf,https://liftpdf.com/pdf-tools,PDF Tools,INTERNAL
https://liftpdf.com/guides/how-to-extract-pages-from-pdf,https://liftpdf.com/learn,Learn,INTERNAL
https://liftpdf.com/guides/how-to-extract-pages-from-pdf,https://liftpdf.com/jpg-to-pdf,Image to PDF,INTERNAL
https://liftpdf.com/guides/how-to-extract-pages-from-pdf,https://liftpdf.com/pdf-converter,Convert,INTERNAL
https://liftpdf.com/guides/how-to-extract-pages-from-pdf,https://liftpdf.com/pdf-editor,Edit,INTERNAL
https://liftpdf.com/guides/how-to-extract-pages-from-pdf,https://liftpdf.com/jpg-to-pdf,Start Now,INTERNAL
https://liftpdf.com/guides/how-to-extract-pages-from-pdf,https://liftpdf.com/extract-pages,Extract PDF pages,INTERNAL
https://liftpdf.com/guides/how-to-extract-pages-from-pdf,https://liftpdf.com/organize-pdf,Browse organize tools,INTERNAL
https://liftpdf.com/guides/how-to-extract-pages-from-pdf,https://liftpdf.com/extract-pages,Extract PDF pages,INTERNAL
https://liftpdf.com/guides/how-to-extract-pages-from-pdf,https://liftpdf.com/guides/how-to-extract-pages-from-pdf#quick-answer,Quick answer,INTERNAL
https://liftpdf.com/guides/how-to-extract-pages-from-pdf,https://liftpdf.com/guides/how-to-extract-pages-from-pdf#when-extraction-is-the-right-choice,When extraction is the right choice,INTERNAL
https://liftpdf.com/guides/how-to-extract-pages-from-pdf,https://liftpdf.com/guides/how-to-extract-pages-from-pdf#how-the-liftpdf-workflow-works,How the LiftPDF workflow works,INTERNAL
https://liftpdf.com/guides/how-to-extract-pages-from-pdf,https://liftpdf.com/guides/how-to-extract-pages-from-pdf#privacy-and-file-safety,Privacy and file safety,INTERNAL
https://liftpdf.com/guides/how-to-extract-pages-from-pdf,https://liftpdf.com/guides/how-to-extract-pages-from-pdf#common-mistakes-to-avoid,Common mistakes to avoid,INTERNAL
https://liftpdf.com/guides/how-to-extract-pages-from-pdf,https://liftpdf.com/guides/how-to-extract-pages-from-pdf#example-send-only-the-pages-a-recipient-needs,Example: send only the pages a recipient needs,INTERNAL
https://liftpdf.com/guides/how-to-extract-pages-from-pdf,https://liftpdf.com/guides/how-to-extract-pages-from-pdf#selection-mistakes-to-avoid,Selection mistakes to avoid,INTERNAL
https://liftpdf.com/guides/how-to-extract-pages-from-pdf,https://liftpdf.com/guides/how-to-extract-pages-from-pdf#decision-table,"Extract, delete or split?",INTERNAL
https://liftpdf.com/guides/how-to-extract-pages-from-pdf,https://liftpdf.com/guides/how-to-extract-pages-from-pdf#faq,FAQ,INTERNAL
https://liftpdf.com/guides/how-to-extract-pages-from-pdf,https://liftpdf.com/extract-pages,Extract PDF pages,INTERNAL
https://liftpdf.com/guides/how-to-extract-pages-from-pdf,https://liftpdf.com/extract-pages,Extract PagesOpen the visual page picker and save selected PDF pages.,INTERNAL
https://liftpdf.com/guides/how-to-extract-pages-from-pdf,https://liftpdf.com/delete-pages,Delete PagesRemove unwanted pages and keep the rest of the PDF.,INTERNAL
https://liftpdf.com/guides/how-to-extract-pages-from-pdf,https://liftpdf.com/split-pdf,Split PDFUse typed page ranges or split every page into files.,INTERNAL
https://liftpdf.com/guides/how-to-extract-pages-from-pdf,https://liftpdf.com/reorder-pages,Reorder PagesMove PDF pages into the right order before exporting.,INTERNAL
https://liftpdf.com/guides/how-to-extract-pages-from-pdf,https://liftpdf.com/merge-pdf,Merge PDFCombine extracted pages with other PDF documents.,INTERNAL
https://liftpdf.com/guides/how-to-extract-pages-from-pdf,https://liftpdf.com/learn,"Learning CenterBrowse PDF tutorials, comparisons and troubleshooting resources.",INTERNAL
https://liftpdf.com/guides/how-to-extract-pages-from-pdf,https://liftpdf.com/pdf-glossary,PDF GlossaryLook up the terms used in this article.,INTERNAL
https://liftpdf.com/guides/how-to-extract-pages-from-pdf,https://liftpdf.com/,LiftPDF,INTERNAL
https://liftpdf.com/guides/how-to-extract-pages-from-pdf,https://liftpdf.com/pdf-tools,All PDF Tools,INTERNAL
https://liftpdf.com/guides/how-to-extract-pages-from-pdf,https://liftpdf.com/jpg-to-pdf,JPG to PDF,INTERNAL
https://liftpdf.com/guides/how-to-extract-pages-from-pdf,https://liftpdf.com/merge-pdf,Merge PDF,INTERNAL
https://liftpdf.com/guides/how-to-extract-pages-from-pdf,https://liftpdf.com/compress-pdf,Compress PDF,INTERNAL
https://liftpdf.com/guides/how-to-extract-pages-from-pdf,https://liftpdf.com/pdf-converter,Convert PDF,INTERNAL
https://liftpdf.com/guides/how-to-extract-pages-from-pdf,https://liftpdf.com/pdf-editor,Edit PDF,INTERNAL
https://liftpdf.com/guides/how-to-extract-pages-from-pdf,https://liftpdf.com/organize-pdf,Organize PDF,INTERNAL
https://liftpdf.com/guides/how-to-extract-pages-from-pdf,https://liftpdf.com/pdf-image-tools,Image Tools,INTERNAL
https://liftpdf.com/guides/how-to-extract-pages-from-pdf,https://liftpdf.com/pdf-security,Security,INTERNAL
https://liftpdf.com/guides/how-to-extract-pages-from-pdf,https://liftpdf.com/learn,Learning Center,INTERNAL
https://liftpdf.com/guides/how-to-extract-pages-from-pdf,https://liftpdf.com/guides,Guides,INTERNAL
https://liftpdf.com/guides/how-to-extract-pages-from-pdf,https://liftpdf.com/pdf-glossary,PDF Glossary,INTERNAL
https://liftpdf.com/guides/how-to-extract-pages-from-pdf,https://liftpdf.com/help,Help Center,INTERNAL
https://liftpdf.com/guides/how-to-extract-pages-from-pdf,https://liftpdf.com/privacy,Privacy,INTERNAL
https://liftpdf.com/guides/how-to-extract-pages-from-pdf,https://liftpdf.com/cookies,Cookies,INTERNAL
https://liftpdf.com/guides/how-to-extract-pages-from-pdf,https://liftpdf.com/security,Security,INTERNAL
https://liftpdf.com/guides/how-to-extract-pages-from-pdf,https://liftpdf.com/about,About,INTERNAL
https://liftpdf.com/guides/how-to-extract-pages-from-pdf,https://liftpdf.com/why-liftpdf,Why LiftPDF,INTERNAL
https://liftpdf.com/guides/how-to-extract-pages-from-pdf,https://liftpdf.com/terms,Terms,INTERNAL
https://liftpdf.com/guides/how-to-extract-pages-from-pdf,https://liftpdf.com/contact,Contact,INTERNAL
https://liftpdf.com/guides/extract-one-page-from-pdf,https://liftpdf.com/,LiftPDF,INTERNAL
https://liftpdf.com/guides/extract-one-page-from-pdf,https://liftpdf.com/pdf-tools,PDF Tools,INTERNAL
https://liftpdf.com/guides/extract-one-page-from-pdf,https://liftpdf.com/learn,Learn,INTERNAL
https://liftpdf.com/guides/extract-one-page-from-pdf,https://liftpdf.com/jpg-to-pdf,Image to PDF,INTERNAL
https://liftpdf.com/guides/extract-one-page-from-pdf,https://liftpdf.com/pdf-converter,Convert,INTERNAL
https://liftpdf.com/guides/extract-one-page-from-pdf,https://liftpdf.com/pdf-editor,Edit,INTERNAL
https://liftpdf.com/guides/extract-one-page-from-pdf,https://liftpdf.com/jpg-to-pdf,Start Now,INTERNAL
https://liftpdf.com/guides/extract-one-page-from-pdf,https://liftpdf.com/pdf-tools,PDF Tools,INTERNAL
https://liftpdf.com/guides/extract-one-page-from-pdf,https://liftpdf.com/learn,Learn,INTERNAL
https://liftpdf.com/guides/extract-one-page-from-pdf,https://liftpdf.com/jpg-to-pdf,Image to PDF,INTERNAL
https://liftpdf.com/guides/extract-one-page-from-pdf,https://liftpdf.com/pdf-converter,Convert,INTERNAL
https://liftpdf.com/guides/extract-one-page-from-pdf,https://liftpdf.com/pdf-editor,Edit,INTERNAL
https://liftpdf.com/guides/extract-one-page-from-pdf,https://liftpdf.com/jpg-to-pdf,Start Now,INTERNAL
https://liftpdf.com/guides/extract-one-page-from-pdf,https://liftpdf.com/extract-pages,Extract one page,INTERNAL
https://liftpdf.com/guides/extract-one-page-from-pdf,https://liftpdf.com/organize-pdf,Browse organize tools,INTERNAL
https://liftpdf.com/guides/extract-one-page-from-pdf,https://liftpdf.com/extract-pages,Extract one page,INTERNAL
https://liftpdf.com/guides/extract-one-page-from-pdf,https://liftpdf.com/guides/extract-one-page-from-pdf#quick-answer,Quick answer,INTERNAL
https://liftpdf.com/guides/extract-one-page-from-pdf,https://liftpdf.com/guides/extract-one-page-from-pdf#best-cases-for-one-page-extraction,Best cases for one-page extraction,INTERNAL
https://liftpdf.com/guides/extract-one-page-from-pdf,https://liftpdf.com/guides/extract-one-page-from-pdf#why-thumbnails-matter,Why thumbnails matter,INTERNAL
https://liftpdf.com/guides/extract-one-page-from-pdf,https://liftpdf.com/guides/extract-one-page-from-pdf#what-happens-to-the-original-pdf,What happens to the original PDF,INTERNAL
https://liftpdf.com/guides/extract-one-page-from-pdf,https://liftpdf.com/guides/extract-one-page-from-pdf#faq,FAQ,INTERNAL
https://liftpdf.com/guides/extract-one-page-from-pdf,https://liftpdf.com/extract-pages,Extract one page,INTERNAL
https://liftpdf.com/guides/extract-one-page-from-pdf,https://liftpdf.com/extract-pages,Extract PagesOpen the visual page picker and save selected PDF pages.,INTERNAL
https://liftpdf.com/guides/extract-one-page-from-pdf,https://liftpdf.com/delete-pages,Delete PagesRemove unwanted pages and keep the rest of the PDF.,INTERNAL
https://liftpdf.com/guides/extract-one-page-from-pdf,https://liftpdf.com/split-pdf,Split PDFUse typed page ranges or split every page into files.,INTERNAL
https://liftpdf.com/guides/extract-one-page-from-pdf,https://liftpdf.com/reorder-pages,Reorder PagesMove PDF pages into the right order before exporting.,INTERNAL
https://liftpdf.com/guides/extract-one-page-from-pdf,https://liftpdf.com/merge-pdf,Merge PDFCombine extracted pages with other PDF documents.,INTERNAL
https://liftpdf.com/guides/extract-one-page-from-pdf,https://liftpdf.com/learn,"Learning CenterBrowse PDF tutorials, comparisons and troubleshooting resources.",INTERNAL
https://liftpdf.com/guides/extract-one-page-from-pdf,https://liftpdf.com/pdf-glossary,PDF GlossaryLook up the terms used in this article.,INTERNAL
https://liftpdf.com/guides/extract-one-page-from-pdf,https://liftpdf.com/,LiftPDF,INTERNAL
https://liftpdf.com/guides/extract-one-page-from-pdf,https://liftpdf.com/pdf-tools,All PDF Tools,INTERNAL
https://liftpdf.com/guides/extract-one-page-from-pdf,https://liftpdf.com/jpg-to-pdf,JPG to PDF,INTERNAL
https://liftpdf.com/guides/extract-one-page-from-pdf,https://liftpdf.com/merge-pdf,Merge PDF,INTERNAL
https://liftpdf.com/guides/extract-one-page-from-pdf,https://liftpdf.com/compress-pdf,Compress PDF,INTERNAL
https://liftpdf.com/guides/extract-one-page-from-pdf,https://liftpdf.com/pdf-converter,Convert PDF,INTERNAL
https://liftpdf.com/guides/extract-one-page-from-pdf,https://liftpdf.com/pdf-editor,Edit PDF,INTERNAL
https://liftpdf.com/guides/extract-one-page-from-pdf,https://liftpdf.com/organize-pdf,Organize PDF,INTERNAL
https://liftpdf.com/guides/extract-one-page-from-pdf,https://liftpdf.com/pdf-image-tools,Image Tools,INTERNAL
https://liftpdf.com/guides/extract-one-page-from-pdf,https://liftpdf.com/pdf-security,Security,INTERNAL
https://liftpdf.com/guides/extract-one-page-from-pdf,https://liftpdf.com/learn,Learning Center,INTERNAL
https://liftpdf.com/guides/extract-one-page-from-pdf,https://liftpdf.com/guides,Guides,INTERNAL
https://liftpdf.com/guides/extract-one-page-from-pdf,https://liftpdf.com/pdf-glossary,PDF Glossary,INTERNAL
https://liftpdf.com/guides/extract-one-page-from-pdf,https://liftpdf.com/help,Help Center,INTERNAL
https://liftpdf.com/guides/extract-one-page-from-pdf,https://liftpdf.com/privacy,Privacy,INTERNAL
https://liftpdf.com/guides/extract-one-page-from-pdf,https://liftpdf.com/cookies,Cookies,INTERNAL
https://liftpdf.com/guides/extract-one-page-from-pdf,https://liftpdf.com/security,Security,INTERNAL
https://liftpdf.com/guides/extract-one-page-from-pdf,https://liftpdf.com/about,About,INTERNAL
https://liftpdf.com/guides/extract-one-page-from-pdf,https://liftpdf.com/why-liftpdf,Why LiftPDF,INTERNAL
https://liftpdf.com/guides/extract-one-page-from-pdf,https://liftpdf.com/terms,Terms,INTERNAL
https://liftpdf.com/guides/extract-one-page-from-pdf,https://liftpdf.com/contact,Contact,INTERNAL
https://liftpdf.com/guides/extract-multiple-pages-from-pdf,https://liftpdf.com/,LiftPDF,INTERNAL
https://liftpdf.com/guides/extract-multiple-pages-from-pdf,https://liftpdf.com/pdf-tools,PDF Tools,INTERNAL
https://liftpdf.com/guides/extract-multiple-pages-from-pdf,https://liftpdf.com/learn,Learn,INTERNAL
https://liftpdf.com/guides/extract-multiple-pages-from-pdf,https://liftpdf.com/jpg-to-pdf,Image to PDF,INTERNAL
https://liftpdf.com/guides/extract-multiple-pages-from-pdf,https://liftpdf.com/pdf-converter,Convert,INTERNAL
https://liftpdf.com/guides/extract-multiple-pages-from-pdf,https://liftpdf.com/pdf-editor,Edit,INTERNAL
https://liftpdf.com/guides/extract-multiple-pages-from-pdf,https://liftpdf.com/jpg-to-pdf,Start Now,INTERNAL
https://liftpdf.com/guides/extract-multiple-pages-from-pdf,https://liftpdf.com/pdf-tools,PDF Tools,INTERNAL
https://liftpdf.com/guides/extract-multiple-pages-from-pdf,https://liftpdf.com/learn,Learn,INTERNAL
https://liftpdf.com/guides/extract-multiple-pages-from-pdf,https://liftpdf.com/jpg-to-pdf,Image to PDF,INTERNAL
https://liftpdf.com/guides/extract-multiple-pages-from-pdf,https://liftpdf.com/pdf-converter,Convert,INTERNAL
https://liftpdf.com/guides/extract-multiple-pages-from-pdf,https://liftpdf.com/pdf-editor,Edit,INTERNAL
https://liftpdf.com/guides/extract-multiple-pages-from-pdf,https://liftpdf.com/jpg-to-pdf,Start Now,INTERNAL
https://liftpdf.com/guides/extract-multiple-pages-from-pdf,https://liftpdf.com/extract-pages,Extract selected pages,INTERNAL
https://liftpdf.com/guides/extract-multiple-pages-from-pdf,https://liftpdf.com/organize-pdf,Browse organize tools,INTERNAL
https://liftpdf.com/guides/extract-multiple-pages-from-pdf,https://liftpdf.com/extract-pages,Extract selected pages,INTERNAL
https://liftpdf.com/guides/extract-multiple-pages-from-pdf,https://liftpdf.com/guides/extract-multiple-pages-from-pdf#quick-answer,Quick answer,INTERNAL
https://liftpdf.com/guides/extract-multiple-pages-from-pdf,https://liftpdf.com/guides/extract-multiple-pages-from-pdf#selecting-pages-visually,Selecting pages visually,INTERNAL
https://liftpdf.com/guides/extract-multiple-pages-from-pdf,https://liftpdf.com/guides/extract-multiple-pages-from-pdf#original-order-vs-custom-order,Original order vs custom order,INTERNAL
https://liftpdf.com/guides/extract-multiple-pages-from-pdf,https://liftpdf.com/guides/extract-multiple-pages-from-pdf#one-pdf-or-separate-files,One PDF or separate files,INTERNAL
https://liftpdf.com/guides/extract-multiple-pages-from-pdf,https://liftpdf.com/guides/extract-multiple-pages-from-pdf#faq,FAQ,INTERNAL
https://liftpdf.com/guides/extract-multiple-pages-from-pdf,https://liftpdf.com/extract-pages,Extract selected pages,INTERNAL
https://liftpdf.com/guides/extract-multiple-pages-from-pdf,https://liftpdf.com/extract-pages,Extract PagesOpen the visual page picker and save selected PDF pages.,INTERNAL
https://liftpdf.com/guides/extract-multiple-pages-from-pdf,https://liftpdf.com/delete-pages,Delete PagesRemove unwanted pages and keep the rest of the PDF.,INTERNAL
https://liftpdf.com/guides/extract-multiple-pages-from-pdf,https://liftpdf.com/split-pdf,Split PDFUse typed page ranges or split every page into files.,INTERNAL
https://liftpdf.com/guides/extract-multiple-pages-from-pdf,https://liftpdf.com/reorder-pages,Reorder PagesMove PDF pages into the right order before exporting.,INTERNAL
https://liftpdf.com/guides/extract-multiple-pages-from-pdf,https://liftpdf.com/merge-pdf,Merge PDFCombine extracted pages with other PDF documents.,INTERNAL
https://liftpdf.com/guides/extract-multiple-pages-from-pdf,https://liftpdf.com/learn,"Learning CenterBrowse PDF tutorials, comparisons and troubleshooting resources.",INTERNAL
https://liftpdf.com/guides/extract-multiple-pages-from-pdf,https://liftpdf.com/pdf-glossary,PDF GlossaryLook up the terms used in this article.,INTERNAL
https://liftpdf.com/guides/extract-multiple-pages-from-pdf,https://liftpdf.com/,LiftPDF,INTERNAL
https://liftpdf.com/guides/extract-multiple-pages-from-pdf,https://liftpdf.com/pdf-tools,All PDF Tools,INTERNAL
https://liftpdf.com/guides/extract-multiple-pages-from-pdf,https://liftpdf.com/jpg-to-pdf,JPG to PDF,INTERNAL
https://liftpdf.com/guides/extract-multiple-pages-from-pdf,https://liftpdf.com/merge-pdf,Merge PDF,INTERNAL
https://liftpdf.com/guides/extract-multiple-pages-from-pdf,https://liftpdf.com/compress-pdf,Compress PDF,INTERNAL
https://liftpdf.com/guides/extract-multiple-pages-from-pdf,https://liftpdf.com/pdf-converter,Convert PDF,INTERNAL
https://liftpdf.com/guides/extract-multiple-pages-from-pdf,https://liftpdf.com/pdf-editor,Edit PDF,INTERNAL
https://liftpdf.com/guides/extract-multiple-pages-from-pdf,https://liftpdf.com/organize-pdf,Organize PDF,INTERNAL
https://liftpdf.com/guides/extract-multiple-pages-from-pdf,https://liftpdf.com/pdf-image-tools,Image Tools,INTERNAL
https://liftpdf.com/guides/extract-multiple-pages-from-pdf,https://liftpdf.com/pdf-security,Security,INTERNAL
https://liftpdf.com/guides/extract-multiple-pages-from-pdf,https://liftpdf.com/learn,Learning Center,INTERNAL
https://liftpdf.com/guides/extract-multiple-pages-from-pdf,https://liftpdf.com/guides,Guides,INTERNAL
https://liftpdf.com/guides/extract-multiple-pages-from-pdf,https://liftpdf.com/pdf-glossary,PDF Glossary,INTERNAL
https://liftpdf.com/guides/extract-multiple-pages-from-pdf,https://liftpdf.com/help,Help Center,INTERNAL
https://liftpdf.com/guides/extract-multiple-pages-from-pdf,https://liftpdf.com/privacy,Privacy,INTERNAL
https://liftpdf.com/guides/extract-multiple-pages-from-pdf,https://liftpdf.com/cookies,Cookies,INTERNAL
https://liftpdf.com/guides/extract-multiple-pages-from-pdf,https://liftpdf.com/security,Security,INTERNAL
https://liftpdf.com/guides/extract-multiple-pages-from-pdf,https://liftpdf.com/about,About,INTERNAL
https://liftpdf.com/guides/extract-multiple-pages-from-pdf,https://liftpdf.com/why-liftpdf,Why LiftPDF,INTERNAL
https://liftpdf.com/guides/extract-multiple-pages-from-pdf,https://liftpdf.com/terms,Terms,INTERNAL
https://liftpdf.com/guides/extract-multiple-pages-from-pdf,https://liftpdf.com/contact,Contact,INTERNAL
https://liftpdf.com/guides/extract-pdf-pages-without-adobe,https://liftpdf.com/,LiftPDF,INTERNAL
https://liftpdf.com/guides/extract-pdf-pages-without-adobe,https://liftpdf.com/pdf-tools,PDF Tools,INTERNAL
https://liftpdf.com/guides/extract-pdf-pages-without-adobe,https://liftpdf.com/learn,Learn,INTERNAL
https://liftpdf.com/guides/extract-pdf-pages-without-adobe,https://liftpdf.com/jpg-to-pdf,Image to PDF,INTERNAL
https://liftpdf.com/guides/extract-pdf-pages-without-adobe,https://liftpdf.com/pdf-converter,Convert,INTERNAL
https://liftpdf.com/guides/extract-pdf-pages-without-adobe,https://liftpdf.com/pdf-editor,Edit,INTERNAL
https://liftpdf.com/guides/extract-pdf-pages-without-adobe,https://liftpdf.com/jpg-to-pdf,Start Now,INTERNAL
https://liftpdf.com/guides/extract-pdf-pages-without-adobe,https://liftpdf.com/pdf-tools,PDF Tools,INTERNAL
https://liftpdf.com/guides/extract-pdf-pages-without-adobe,https://liftpdf.com/learn,Learn,INTERNAL
https://liftpdf.com/guides/extract-pdf-pages-without-adobe,https://liftpdf.com/jpg-to-pdf,Image to PDF,INTERNAL
https://liftpdf.com/guides/extract-pdf-pages-without-adobe,https://liftpdf.com/pdf-converter,Convert,INTERNAL
https://liftpdf.com/guides/extract-pdf-pages-without-adobe,https://liftpdf.com/pdf-editor,Edit,INTERNAL
https://liftpdf.com/guides/extract-pdf-pages-without-adobe,https://liftpdf.com/jpg-to-pdf,Start Now,INTERNAL
https://liftpdf.com/guides/extract-pdf-pages-without-adobe,https://liftpdf.com/extract-pages,Extract without Adobe,INTERNAL
https://liftpdf.com/guides/extract-pdf-pages-without-adobe,https://liftpdf.com/organize-pdf,Browse organize tools,INTERNAL
https://liftpdf.com/guides/extract-pdf-pages-without-adobe,https://liftpdf.com/extract-pages,Extract without Adobe,INTERNAL
https://liftpdf.com/guides/extract-pdf-pages-without-adobe,https://liftpdf.com/guides/extract-pdf-pages-without-adobe#quick-answer,Quick answer,INTERNAL
https://liftpdf.com/guides/extract-pdf-pages-without-adobe,https://liftpdf.com/guides/extract-pdf-pages-without-adobe#what-you-can-do-without-acrobat,What you can do without Acrobat,INTERNAL
https://liftpdf.com/guides/extract-pdf-pages-without-adobe,https://liftpdf.com/guides/extract-pdf-pages-without-adobe#when-acrobat-may-still-be-needed,When Acrobat may still be needed,INTERNAL
https://liftpdf.com/guides/extract-pdf-pages-without-adobe,https://liftpdf.com/guides/extract-pdf-pages-without-adobe#why-browser-processing-matters,Why browser processing matters,INTERNAL
https://liftpdf.com/guides/extract-pdf-pages-without-adobe,https://liftpdf.com/guides/extract-pdf-pages-without-adobe#faq,FAQ,INTERNAL
https://liftpdf.com/guides/extract-pdf-pages-without-adobe,https://liftpdf.com/extract-pages,Extract without Adobe,INTERNAL
https://liftpdf.com/guides/extract-pdf-pages-without-adobe,https://liftpdf.com/extract-pages,Extract PagesOpen the visual page picker and save selected PDF pages.,INTERNAL
https://liftpdf.com/guides/extract-pdf-pages-without-adobe,https://liftpdf.com/delete-pages,Delete PagesRemove unwanted pages and keep the rest of the PDF.,INTERNAL
https://liftpdf.com/guides/extract-pdf-pages-without-adobe,https://liftpdf.com/split-pdf,Split PDFUse typed page ranges or split every page into files.,INTERNAL
https://liftpdf.com/guides/extract-pdf-pages-without-adobe,https://liftpdf.com/reorder-pages,Reorder PagesMove PDF pages into the right order before exporting.,INTERNAL
https://liftpdf.com/guides/extract-pdf-pages-without-adobe,https://liftpdf.com/merge-pdf,Merge PDFCombine extracted pages with other PDF documents.,INTERNAL
https://liftpdf.com/guides/extract-pdf-pages-without-adobe,https://liftpdf.com/learn,"Learning CenterBrowse PDF tutorials, comparisons and troubleshooting resources.",INTERNAL
https://liftpdf.com/guides/extract-pdf-pages-without-adobe,https://liftpdf.com/pdf-glossary,PDF GlossaryLook up the terms used in this article.,INTERNAL
https://liftpdf.com/guides/extract-pdf-pages-without-adobe,https://liftpdf.com/,LiftPDF,INTERNAL
https://liftpdf.com/guides/extract-pdf-pages-without-adobe,https://liftpdf.com/pdf-tools,All PDF Tools,INTERNAL
https://liftpdf.com/guides/extract-pdf-pages-without-adobe,https://liftpdf.com/jpg-to-pdf,JPG to PDF,INTERNAL
https://liftpdf.com/guides/extract-pdf-pages-without-adobe,https://liftpdf.com/merge-pdf,Merge PDF,INTERNAL
https://liftpdf.com/guides/extract-pdf-pages-without-adobe,https://liftpdf.com/compress-pdf,Compress PDF,INTERNAL
https://liftpdf.com/guides/extract-pdf-pages-without-adobe,https://liftpdf.com/pdf-converter,Convert PDF,INTERNAL
https://liftpdf.com/guides/extract-pdf-pages-without-adobe,https://liftpdf.com/pdf-editor,Edit PDF,INTERNAL
https://liftpdf.com/guides/extract-pdf-pages-without-adobe,https://liftpdf.com/organize-pdf,Organize PDF,INTERNAL
https://liftpdf.com/guides/extract-pdf-pages-without-adobe,https://liftpdf.com/pdf-image-tools,Image Tools,INTERNAL
https://liftpdf.com/guides/extract-pdf-pages-without-adobe,https://liftpdf.com/pdf-security,Security,INTERNAL
https://liftpdf.com/guides/extract-pdf-pages-without-adobe,https://liftpdf.com/learn,Learning Center,INTERNAL
https://liftpdf.com/guides/extract-pdf-pages-without-adobe,https://liftpdf.com/guides,Guides,INTERNAL
https://liftpdf.com/guides/extract-pdf-pages-without-adobe,https://liftpdf.com/pdf-glossary,PDF Glossary,INTERNAL
https://liftpdf.com/guides/extract-pdf-pages-without-adobe,https://liftpdf.com/help,Help Center,INTERNAL
https://liftpdf.com/guides/extract-pdf-pages-without-adobe,https://liftpdf.com/privacy,Privacy,INTERNAL
https://liftpdf.com/guides/extract-pdf-pages-without-adobe,https://liftpdf.com/cookies,Cookies,INTERNAL
https://liftpdf.com/guides/extract-pdf-pages-without-adobe,https://liftpdf.com/security,Security,INTERNAL
https://liftpdf.com/guides/extract-pdf-pages-without-adobe,https://liftpdf.com/about,About,INTERNAL
https://liftpdf.com/guides/extract-pdf-pages-without-adobe,https://liftpdf.com/why-liftpdf,Why LiftPDF,INTERNAL
https://liftpdf.com/guides/extract-pdf-pages-without-adobe,https://liftpdf.com/terms,Terms,INTERNAL
https://liftpdf.com/guides/extract-pdf-pages-without-adobe,https://liftpdf.com/contact,Contact,INTERNAL
https://liftpdf.com/guides/extract-pages-from-password-protected-pdf,https://liftpdf.com/,LiftPDF,INTERNAL
https://liftpdf.com/guides/extract-pages-from-password-protected-pdf,https://liftpdf.com/pdf-tools,PDF Tools,INTERNAL
https://liftpdf.com/guides/extract-pages-from-password-protected-pdf,https://liftpdf.com/learn,Learn,INTERNAL
https://liftpdf.com/guides/extract-pages-from-password-protected-pdf,https://liftpdf.com/jpg-to-pdf,Image to PDF,INTERNAL
https://liftpdf.com/guides/extract-pages-from-password-protected-pdf,https://liftpdf.com/pdf-converter,Convert,INTERNAL
https://liftpdf.com/guides/extract-pages-from-password-protected-pdf,https://liftpdf.com/pdf-editor,Edit,INTERNAL
https://liftpdf.com/guides/extract-pages-from-password-protected-pdf,https://liftpdf.com/jpg-to-pdf,Start Now,INTERNAL
https://liftpdf.com/guides/extract-pages-from-password-protected-pdf,https://liftpdf.com/pdf-tools,PDF Tools,INTERNAL
https://liftpdf.com/guides/extract-pages-from-password-protected-pdf,https://liftpdf.com/learn,Learn,INTERNAL
https://liftpdf.com/guides/extract-pages-from-password-protected-pdf,https://liftpdf.com/jpg-to-pdf,Image to PDF,INTERNAL
https://liftpdf.com/guides/extract-pages-from-password-protected-pdf,https://liftpdf.com/pdf-converter,Convert,INTERNAL
https://liftpdf.com/guides/extract-pages-from-password-protected-pdf,https://liftpdf.com/pdf-editor,Edit,INTERNAL
https://liftpdf.com/guides/extract-pages-from-password-protected-pdf,https://liftpdf.com/jpg-to-pdf,Start Now,INTERNAL
https://liftpdf.com/guides/extract-pages-from-password-protected-pdf,https://liftpdf.com/extract-pages,Unlock then extract pages,INTERNAL
https://liftpdf.com/guides/extract-pages-from-password-protected-pdf,https://liftpdf.com/organize-pdf,Browse organize tools,INTERNAL
https://liftpdf.com/guides/extract-pages-from-password-protected-pdf,https://liftpdf.com/extract-pages,Unlock then extract pages,INTERNAL
https://liftpdf.com/guides/extract-pages-from-password-protected-pdf,https://liftpdf.com/guides/extract-pages-from-password-protected-pdf#quick-answer,Quick answer,INTERNAL
https://liftpdf.com/guides/extract-pages-from-password-protected-pdf,https://liftpdf.com/guides/extract-pages-from-password-protected-pdf#why-extraction-can-fail-on-protected-pdfs,Why extraction can fail on protected PDFs,INTERNAL
https://liftpdf.com/guides/extract-pages-from-password-protected-pdf,https://liftpdf.com/guides/extract-pages-from-password-protected-pdf#what-liftpdf-will-not-do,What LiftPDF will not do,INTERNAL
https://liftpdf.com/guides/extract-pages-from-password-protected-pdf,https://liftpdf.com/guides/extract-pages-from-password-protected-pdf#after-unlocking,After unlocking,INTERNAL
https://liftpdf.com/guides/extract-pages-from-password-protected-pdf,https://liftpdf.com/guides/extract-pages-from-password-protected-pdf#faq,FAQ,INTERNAL
https://liftpdf.com/guides/extract-pages-from-password-protected-pdf,https://liftpdf.com/extract-pages,Unlock then extract pages,INTERNAL
https://liftpdf.com/guides/extract-pages-from-password-protected-pdf,https://liftpdf.com/unlock-pdf,Unlock PDFRemove password protection when you have the correct password.,INTERNAL
https://liftpdf.com/guides/extract-pages-from-password-protected-pdf,https://liftpdf.com/extract-pages,Extract PagesOpen the visual page picker and save selected PDF pages.,INTERNAL
https://liftpdf.com/guides/extract-pages-from-password-protected-pdf,https://liftpdf.com/protect-pdf,Protect PDFEncrypt the extracted PDF if it contains sensitive pages.,INTERNAL
https://liftpdf.com/guides/extract-pages-from-password-protected-pdf,https://liftpdf.com/delete-pages,Delete PagesRemove unwanted pages and keep the rest of the PDF.,INTERNAL
https://liftpdf.com/guides/extract-pages-from-password-protected-pdf,https://liftpdf.com/split-pdf,Split PDFUse typed page ranges or split every page into files.,INTERNAL
https://liftpdf.com/guides/extract-pages-from-password-protected-pdf,https://liftpdf.com/reorder-pages,Reorder PagesMove PDF pages into the right order before exporting.,INTERNAL
https://liftpdf.com/guides/extract-pages-from-password-protected-pdf,https://liftpdf.com/merge-pdf,Merge PDFCombine extracted pages with other PDF documents.,INTERNAL
https://liftpdf.com/guides/extract-pages-from-password-protected-pdf,https://liftpdf.com/,LiftPDF,INTERNAL
https://liftpdf.com/guides/extract-pages-from-password-protected-pdf,https://liftpdf.com/pdf-tools,All PDF Tools,INTERNAL
https://liftpdf.com/guides/extract-pages-from-password-protected-pdf,https://liftpdf.com/jpg-to-pdf,JPG to PDF,INTERNAL
https://liftpdf.com/guides/extract-pages-from-password-protected-pdf,https://liftpdf.com/merge-pdf,Merge PDF,INTERNAL
https://liftpdf.com/guides/extract-pages-from-password-protected-pdf,https://liftpdf.com/compress-pdf,Compress PDF,INTERNAL
https://liftpdf.com/guides/extract-pages-from-password-protected-pdf,https://liftpdf.com/pdf-converter,Convert PDF,INTERNAL
https://liftpdf.com/guides/extract-pages-from-password-protected-pdf,https://liftpdf.com/pdf-editor,Edit PDF,INTERNAL
https://liftpdf.com/guides/extract-pages-from-password-protected-pdf,https://liftpdf.com/organize-pdf,Organize PDF,INTERNAL
https://liftpdf.com/guides/extract-pages-from-password-protected-pdf,https://liftpdf.com/pdf-image-tools,Image Tools,INTERNAL
https://liftpdf.com/guides/extract-pages-from-password-protected-pdf,https://liftpdf.com/pdf-security,Security,INTERNAL
https://liftpdf.com/guides/extract-pages-from-password-protected-pdf,https://liftpdf.com/learn,Learning Center,INTERNAL
https://liftpdf.com/guides/extract-pages-from-password-protected-pdf,https://liftpdf.com/guides,Guides,INTERNAL
https://liftpdf.com/guides/extract-pages-from-password-protected-pdf,https://liftpdf.com/pdf-glossary,PDF Glossary,INTERNAL
https://liftpdf.com/guides/extract-pages-from-password-protected-pdf,https://liftpdf.com/help,Help Center,INTERNAL
https://liftpdf.com/guides/extract-pages-from-password-protected-pdf,https://liftpdf.com/privacy,Privacy,INTERNAL
https://liftpdf.com/guides/extract-pages-from-password-protected-pdf,https://liftpdf.com/cookies,Cookies,INTERNAL
https://liftpdf.com/guides/extract-pages-from-password-protected-pdf,https://liftpdf.com/security,Security,INTERNAL
https://liftpdf.com/guides/extract-pages-from-password-protected-pdf,https://liftpdf.com/about,About,INTERNAL
https://liftpdf.com/guides/extract-pages-from-password-protected-pdf,https://liftpdf.com/why-liftpdf,Why LiftPDF,INTERNAL
https://liftpdf.com/guides/extract-pages-from-password-protected-pdf,https://liftpdf.com/terms,Terms,INTERNAL
https://liftpdf.com/guides/extract-pages-from-password-protected-pdf,https://liftpdf.com/contact,Contact,INTERNAL
https://liftpdf.com/guides/extract-pages-from-scanned-pdf,https://liftpdf.com/,LiftPDF,INTERNAL
https://liftpdf.com/guides/extract-pages-from-scanned-pdf,https://liftpdf.com/pdf-tools,PDF Tools,INTERNAL
https://liftpdf.com/guides/extract-pages-from-scanned-pdf,https://liftpdf.com/learn,Learn,INTERNAL
https://liftpdf.com/guides/extract-pages-from-scanned-pdf,https://liftpdf.com/jpg-to-pdf,Image to PDF,INTERNAL
https://liftpdf.com/guides/extract-pages-from-scanned-pdf,https://liftpdf.com/pdf-converter,Convert,INTERNAL
https://liftpdf.com/guides/extract-pages-from-scanned-pdf,https://liftpdf.com/pdf-editor,Edit,INTERNAL
https://liftpdf.com/guides/extract-pages-from-scanned-pdf,https://liftpdf.com/jpg-to-pdf,Start Now,INTERNAL
https://liftpdf.com/guides/extract-pages-from-scanned-pdf,https://liftpdf.com/pdf-tools,PDF Tools,INTERNAL
https://liftpdf.com/guides/extract-pages-from-scanned-pdf,https://liftpdf.com/learn,Learn,INTERNAL
https://liftpdf.com/guides/extract-pages-from-scanned-pdf,https://liftpdf.com/jpg-to-pdf,Image to PDF,INTERNAL
https://liftpdf.com/guides/extract-pages-from-scanned-pdf,https://liftpdf.com/pdf-converter,Convert,INTERNAL
https://liftpdf.com/guides/extract-pages-from-scanned-pdf,https://liftpdf.com/pdf-editor,Edit,INTERNAL
https://liftpdf.com/guides/extract-pages-from-scanned-pdf,https://liftpdf.com/jpg-to-pdf,Start Now,INTERNAL
https://liftpdf.com/guides/extract-pages-from-scanned-pdf,https://liftpdf.com/extract-pages,Extract scanned PDF pages,INTERNAL
https://liftpdf.com/guides/extract-pages-from-scanned-pdf,https://liftpdf.com/organize-pdf,Browse organize tools,INTERNAL
https://liftpdf.com/guides/extract-pages-from-scanned-pdf,https://liftpdf.com/extract-pages,Extract scanned PDF pages,INTERNAL
https://liftpdf.com/guides/extract-pages-from-scanned-pdf,https://liftpdf.com/guides/extract-pages-from-scanned-pdf#quick-answer,Quick answer,INTERNAL
https://liftpdf.com/guides/extract-pages-from-scanned-pdf,https://liftpdf.com/guides/extract-pages-from-scanned-pdf#page-extraction-is-not-ocr,Page extraction is not OCR,INTERNAL
https://liftpdf.com/guides/extract-pages-from-scanned-pdf,https://liftpdf.com/guides/extract-pages-from-scanned-pdf#why-scanned-pages-may-look-blank,Why scanned pages may look blank,INTERNAL
https://liftpdf.com/guides/extract-pages-from-scanned-pdf,https://liftpdf.com/guides/extract-pages-from-scanned-pdf#when-you-need-ocr,When you need OCR,INTERNAL
https://liftpdf.com/guides/extract-pages-from-scanned-pdf,https://liftpdf.com/guides/extract-pages-from-scanned-pdf#faq,FAQ,INTERNAL
https://liftpdf.com/guides/extract-pages-from-scanned-pdf,https://liftpdf.com/extract-pages,Extract scanned PDF pages,INTERNAL
https://liftpdf.com/guides/extract-pages-from-scanned-pdf,https://liftpdf.com/extract-pages,Extract PagesOpen the visual page picker and save selected PDF pages.,INTERNAL
https://liftpdf.com/guides/extract-pages-from-scanned-pdf,https://liftpdf.com/pdf-to-text,PDF to TextExtract selectable text from PDFs that already contain text.,INTERNAL
https://liftpdf.com/guides/extract-pages-from-scanned-pdf,https://liftpdf.com/delete-pages,Delete PagesRemove unwanted pages and keep the rest of the PDF.,INTERNAL
https://liftpdf.com/guides/extract-pages-from-scanned-pdf,https://liftpdf.com/split-pdf,Split PDFUse typed page ranges or split every page into files.,INTERNAL
https://liftpdf.com/guides/extract-pages-from-scanned-pdf,https://liftpdf.com/reorder-pages,Reorder PagesMove PDF pages into the right order before exporting.,INTERNAL
https://liftpdf.com/guides/extract-pages-from-scanned-pdf,https://liftpdf.com/merge-pdf,Merge PDFCombine extracted pages with other PDF documents.,INTERNAL
https://liftpdf.com/guides/extract-pages-from-scanned-pdf,https://liftpdf.com/learn,"Learning CenterBrowse PDF tutorials, comparisons and troubleshooting resources.",INTERNAL
https://liftpdf.com/guides/extract-pages-from-scanned-pdf,https://liftpdf.com/,LiftPDF,INTERNAL
https://liftpdf.com/guides/extract-pages-from-scanned-pdf,https://liftpdf.com/pdf-tools,All PDF Tools,INTERNAL
https://liftpdf.com/guides/extract-pages-from-scanned-pdf,https://liftpdf.com/jpg-to-pdf,JPG to PDF,INTERNAL
https://liftpdf.com/guides/extract-pages-from-scanned-pdf,https://liftpdf.com/merge-pdf,Merge PDF,INTERNAL
https://liftpdf.com/guides/extract-pages-from-scanned-pdf,https://liftpdf.com/compress-pdf,Compress PDF,INTERNAL
https://liftpdf.com/guides/extract-pages-from-scanned-pdf,https://liftpdf.com/pdf-converter,Convert PDF,INTERNAL
https://liftpdf.com/guides/extract-pages-from-scanned-pdf,https://liftpdf.com/pdf-editor,Edit PDF,INTERNAL
https://liftpdf.com/guides/extract-pages-from-scanned-pdf,https://liftpdf.com/organize-pdf,Organize PDF,INTERNAL
https://liftpdf.com/guides/extract-pages-from-scanned-pdf,https://liftpdf.com/pdf-image-tools,Image Tools,INTERNAL
https://liftpdf.com/guides/extract-pages-from-scanned-pdf,https://liftpdf.com/pdf-security,Security,INTERNAL
https://liftpdf.com/guides/extract-pages-from-scanned-pdf,https://liftpdf.com/learn,Learning Center,INTERNAL
https://liftpdf.com/guides/extract-pages-from-scanned-pdf,https://liftpdf.com/guides,Guides,INTERNAL
https://liftpdf.com/guides/extract-pages-from-scanned-pdf,https://liftpdf.com/pdf-glossary,PDF Glossary,INTERNAL
https://liftpdf.com/guides/extract-pages-from-scanned-pdf,https://liftpdf.com/help,Help Center,INTERNAL
https://liftpdf.com/guides/extract-pages-from-scanned-pdf,https://liftpdf.com/privacy,Privacy,INTERNAL
https://liftpdf.com/guides/extract-pages-from-scanned-pdf,https://liftpdf.com/cookies,Cookies,INTERNAL
https://liftpdf.com/guides/extract-pages-from-scanned-pdf,https://liftpdf.com/security,Security,INTERNAL
https://liftpdf.com/guides/extract-pages-from-scanned-pdf,https://liftpdf.com/about,About,INTERNAL
https://liftpdf.com/guides/extract-pages-from-scanned-pdf,https://liftpdf.com/why-liftpdf,Why LiftPDF,INTERNAL
https://liftpdf.com/guides/extract-pages-from-scanned-pdf,https://liftpdf.com/terms,Terms,INTERNAL
https://liftpdf.com/guides/extract-pages-from-scanned-pdf,https://liftpdf.com/contact,Contact,INTERNAL
https://liftpdf.com/guides/extract-pages-vs-split-pdf,https://liftpdf.com/,LiftPDF,INTERNAL
https://liftpdf.com/guides/extract-pages-vs-split-pdf,https://liftpdf.com/pdf-tools,PDF Tools,INTERNAL
https://liftpdf.com/guides/extract-pages-vs-split-pdf,https://liftpdf.com/learn,Learn,INTERNAL
https://liftpdf.com/guides/extract-pages-vs-split-pdf,https://liftpdf.com/jpg-to-pdf,Image to PDF,INTERNAL
https://liftpdf.com/guides/extract-pages-vs-split-pdf,https://liftpdf.com/pdf-converter,Convert,INTERNAL
https://liftpdf.com/guides/extract-pages-vs-split-pdf,https://liftpdf.com/pdf-editor,Edit,INTERNAL
https://liftpdf.com/guides/extract-pages-vs-split-pdf,https://liftpdf.com/jpg-to-pdf,Start Now,INTERNAL
https://liftpdf.com/guides/extract-pages-vs-split-pdf,https://liftpdf.com/pdf-tools,PDF Tools,INTERNAL
https://liftpdf.com/guides/extract-pages-vs-split-pdf,https://liftpdf.com/learn,Learn,INTERNAL
https://liftpdf.com/guides/extract-pages-vs-split-pdf,https://liftpdf.com/jpg-to-pdf,Image to PDF,INTERNAL
https://liftpdf.com/guides/extract-pages-vs-split-pdf,https://liftpdf.com/pdf-converter,Convert,INTERNAL
https://liftpdf.com/guides/extract-pages-vs-split-pdf,https://liftpdf.com/pdf-editor,Edit,INTERNAL
https://liftpdf.com/guides/extract-pages-vs-split-pdf,https://liftpdf.com/jpg-to-pdf,Start Now,INTERNAL
https://liftpdf.com/guides/extract-pages-vs-split-pdf,https://liftpdf.com/extract-pages,Extract selected pages,INTERNAL
https://liftpdf.com/guides/extract-pages-vs-split-pdf,https://liftpdf.com/organize-pdf,Browse organize tools,INTERNAL
https://liftpdf.com/guides/extract-pages-vs-split-pdf,https://liftpdf.com/extract-pages,Extract selected pages,INTERNAL
https://liftpdf.com/guides/extract-pages-vs-split-pdf,https://liftpdf.com/guides/extract-pages-vs-split-pdf#the-quick-decision-table,The quick decision table,INTERNAL
https://liftpdf.com/guides/extract-pages-vs-split-pdf,https://liftpdf.com/guides/extract-pages-vs-split-pdf#when-extract-pages-is-better,When Extract Pages is better,INTERNAL
https://liftpdf.com/guides/extract-pages-vs-split-pdf,https://liftpdf.com/guides/extract-pages-vs-split-pdf#when-split-pdf-is-better,When Split PDF is better,INTERNAL
https://liftpdf.com/guides/extract-pages-vs-split-pdf,https://liftpdf.com/guides/extract-pages-vs-split-pdf#when-delete-pages-is-better,When Delete Pages is better,INTERNAL
https://liftpdf.com/guides/extract-pages-vs-split-pdf,https://liftpdf.com/guides/extract-pages-vs-split-pdf#the-output-is-the-real-difference,The output is the real difference,INTERNAL
https://liftpdf.com/guides/extract-pages-vs-split-pdf,https://liftpdf.com/guides/extract-pages-vs-split-pdf#faq,FAQ,INTERNAL
https://liftpdf.com/guides/extract-pages-vs-split-pdf,https://liftpdf.com/extract-pages,Extract selected pages,INTERNAL
https://liftpdf.com/guides/extract-pages-vs-split-pdf,https://liftpdf.com/extract-pages,Extract PagesOpen the visual page picker and save selected PDF pages.,INTERNAL
https://liftpdf.com/guides/extract-pages-vs-split-pdf,https://liftpdf.com/delete-pages,Delete PagesRemove unwanted pages and keep the rest of the PDF.,INTERNAL
https://liftpdf.com/guides/extract-pages-vs-split-pdf,https://liftpdf.com/split-pdf,Split PDFUse typed page ranges or split every page into files.,INTERNAL
https://liftpdf.com/guides/extract-pages-vs-split-pdf,https://liftpdf.com/reorder-pages,Reorder PagesMove PDF pages into the right order before exporting.,INTERNAL
https://liftpdf.com/guides/extract-pages-vs-split-pdf,https://liftpdf.com/merge-pdf,Merge PDFCombine extracted pages with other PDF documents.,INTERNAL
https://liftpdf.com/guides/extract-pages-vs-split-pdf,https://liftpdf.com/learn,"Learning CenterBrowse PDF tutorials, comparisons and troubleshooting resources.",INTERNAL
https://liftpdf.com/guides/extract-pages-vs-split-pdf,https://liftpdf.com/pdf-glossary,PDF GlossaryLook up the terms used in this article.,INTERNAL
https://liftpdf.com/guides/extract-pages-vs-split-pdf,https://liftpdf.com/,LiftPDF,INTERNAL
https://liftpdf.com/guides/extract-pages-vs-split-pdf,https://liftpdf.com/pdf-tools,All PDF Tools,INTERNAL
https://liftpdf.com/guides/extract-pages-vs-split-pdf,https://liftpdf.com/jpg-to-pdf,JPG to PDF,INTERNAL
https://liftpdf.com/guides/extract-pages-vs-split-pdf,https://liftpdf.com/merge-pdf,Merge PDF,INTERNAL
https://liftpdf.com/guides/extract-pages-vs-split-pdf,https://liftpdf.com/compress-pdf,Compress PDF,INTERNAL
https://liftpdf.com/guides/extract-pages-vs-split-pdf,https://liftpdf.com/pdf-converter,Convert PDF,INTERNAL
https://liftpdf.com/guides/extract-pages-vs-split-pdf,https://liftpdf.com/pdf-editor,Edit PDF,INTERNAL
https://liftpdf.com/guides/extract-pages-vs-split-pdf,https://liftpdf.com/organize-pdf,Organize PDF,INTERNAL
https://liftpdf.com/guides/extract-pages-vs-split-pdf,https://liftpdf.com/pdf-image-tools,Image Tools,INTERNAL
https://liftpdf.com/guides/extract-pages-vs-split-pdf,https://liftpdf.com/pdf-security,Security,INTERNAL
https://liftpdf.com/guides/extract-pages-vs-split-pdf,https://liftpdf.com/learn,Learning Center,INTERNAL
https://liftpdf.com/guides/extract-pages-vs-split-pdf,https://liftpdf.com/guides,Guides,INTERNAL
https://liftpdf.com/guides/extract-pages-vs-split-pdf,https://liftpdf.com/pdf-glossary,PDF Glossary,INTERNAL
https://liftpdf.com/guides/extract-pages-vs-split-pdf,https://liftpdf.com/help,Help Center,INTERNAL
https://liftpdf.com/guides/extract-pages-vs-split-pdf,https://liftpdf.com/privacy,Privacy,INTERNAL
https://liftpdf.com/guides/extract-pages-vs-split-pdf,https://liftpdf.com/cookies,Cookies,INTERNAL
https://liftpdf.com/guides/extract-pages-vs-split-pdf,https://liftpdf.com/security,Security,INTERNAL
https://liftpdf.com/guides/extract-pages-vs-split-pdf,https://liftpdf.com/about,About,INTERNAL
https://liftpdf.com/guides/extract-pages-vs-split-pdf,https://liftpdf.com/why-liftpdf,Why LiftPDF,INTERNAL
https://liftpdf.com/guides/extract-pages-vs-split-pdf,https://liftpdf.com/terms,Terms,INTERNAL
https://liftpdf.com/guides/extract-pages-vs-split-pdf,https://liftpdf.com/contact,Contact,INTERNAL
https://liftpdf.com/guides/how-to-merge-pdf,https://liftpdf.com/,LiftPDF,INTERNAL
https://liftpdf.com/guides/how-to-merge-pdf,https://liftpdf.com/pdf-tools,PDF Tools,INTERNAL
https://liftpdf.com/guides/how-to-merge-pdf,https://liftpdf.com/learn,Learn,INTERNAL
https://liftpdf.com/guides/how-to-merge-pdf,https://liftpdf.com/jpg-to-pdf,Image to PDF,INTERNAL
https://liftpdf.com/guides/how-to-merge-pdf,https://liftpdf.com/pdf-converter,Convert,INTERNAL
https://liftpdf.com/guides/how-to-merge-pdf,https://liftpdf.com/pdf-editor,Edit,INTERNAL
https://liftpdf.com/guides/how-to-merge-pdf,https://liftpdf.com/jpg-to-pdf,Start Now,INTERNAL
https://liftpdf.com/guides/how-to-merge-pdf,https://liftpdf.com/pdf-tools,PDF Tools,INTERNAL
https://liftpdf.com/guides/how-to-merge-pdf,https://liftpdf.com/learn,Learn,INTERNAL
https://liftpdf.com/guides/how-to-merge-pdf,https://liftpdf.com/jpg-to-pdf,Image to PDF,INTERNAL
https://liftpdf.com/guides/how-to-merge-pdf,https://liftpdf.com/pdf-converter,Convert,INTERNAL
https://liftpdf.com/guides/how-to-merge-pdf,https://liftpdf.com/pdf-editor,Edit,INTERNAL
https://liftpdf.com/guides/how-to-merge-pdf,https://liftpdf.com/jpg-to-pdf,Start Now,INTERNAL
https://liftpdf.com/guides/how-to-merge-pdf,https://liftpdf.com/merge-pdf,Merge PDF files,INTERNAL
https://liftpdf.com/guides/how-to-merge-pdf,https://liftpdf.com/organize-pdf,Browse organize tools,INTERNAL
https://liftpdf.com/guides/how-to-merge-pdf,https://liftpdf.com/merge-pdf,Merge PDF files,INTERNAL
https://liftpdf.com/guides/how-to-merge-pdf,https://liftpdf.com/guides/how-to-merge-pdf#quick-answer,Quick answer,INTERNAL
https://liftpdf.com/guides/how-to-merge-pdf,https://liftpdf.com/guides/how-to-merge-pdf#when-merging-pdfs-is-the-right-workflow,When merging PDFs is the right workflow,INTERNAL
https://liftpdf.com/guides/how-to-merge-pdf,https://liftpdf.com/guides/how-to-merge-pdf#the-file-order-controls-the-final-pdf,The file order controls the final PDF,INTERNAL
https://liftpdf.com/guides/how-to-merge-pdf,https://liftpdf.com/guides/how-to-merge-pdf#what-happens-to-the-original-pdfs,What happens to the original PDFs,INTERNAL
https://liftpdf.com/guides/how-to-merge-pdf,https://liftpdf.com/guides/how-to-merge-pdf#privacy-and-browser-processing,Privacy and browser processing,INTERNAL
https://liftpdf.com/guides/how-to-merge-pdf,https://liftpdf.com/guides/how-to-merge-pdf#example-application-packet,Example: application packet,INTERNAL
https://liftpdf.com/guides/how-to-merge-pdf,https://liftpdf.com/guides/how-to-merge-pdf#before-you-merge-check-these-details,"Before you merge, check these details",INTERNAL
https://liftpdf.com/guides/how-to-merge-pdf,https://liftpdf.com/guides/how-to-merge-pdf#decision-table,Merge or another organize tool?,INTERNAL
https://liftpdf.com/guides/how-to-merge-pdf,https://liftpdf.com/guides/how-to-merge-pdf#faq,FAQ,INTERNAL
https://liftpdf.com/guides/how-to-merge-pdf,https://liftpdf.com/merge-pdf,Merge PDF files,INTERNAL
https://liftpdf.com/guides/how-to-merge-pdf,https://liftpdf.com/merge-pdf,Merge PDFCombine PDF files in the order you choose.,INTERNAL
https://liftpdf.com/guides/how-to-merge-pdf,https://liftpdf.com/split-pdf,Split PDFSplit a PDF into ranges or one file per page.,INTERNAL
https://liftpdf.com/guides/how-to-merge-pdf,https://liftpdf.com/delete-pages,Delete PagesRemove pages before merging documents together.,INTERNAL
https://liftpdf.com/guides/how-to-merge-pdf,https://liftpdf.com/extract-pages,Extract PagesSave selected PDF pages into a new PDF.,INTERNAL
https://liftpdf.com/guides/how-to-merge-pdf,https://liftpdf.com/reorder-pages,Reorder PagesMove pages into the right sequence after merging.,INTERNAL
https://liftpdf.com/guides/how-to-merge-pdf,https://liftpdf.com/compress-pdf,Compress PDFRebuild the final merged PDF with safe compression.,INTERNAL
https://liftpdf.com/guides/how-to-merge-pdf,https://liftpdf.com/learn,"Learning CenterBrowse PDF tutorials, comparisons and troubleshooting resources.",INTERNAL
https://liftpdf.com/guides/how-to-merge-pdf,https://liftpdf.com/,LiftPDF,INTERNAL
https://liftpdf.com/guides/how-to-merge-pdf,https://liftpdf.com/pdf-tools,All PDF Tools,INTERNAL
https://liftpdf.com/guides/how-to-merge-pdf,https://liftpdf.com/jpg-to-pdf,JPG to PDF,INTERNAL
https://liftpdf.com/guides/how-to-merge-pdf,https://liftpdf.com/merge-pdf,Merge PDF,INTERNAL
https://liftpdf.com/guides/how-to-merge-pdf,https://liftpdf.com/compress-pdf,Compress PDF,INTERNAL
https://liftpdf.com/guides/how-to-merge-pdf,https://liftpdf.com/pdf-converter,Convert PDF,INTERNAL
https://liftpdf.com/guides/how-to-merge-pdf,https://liftpdf.com/pdf-editor,Edit PDF,INTERNAL
https://liftpdf.com/guides/how-to-merge-pdf,https://liftpdf.com/organize-pdf,Organize PDF,INTERNAL
https://liftpdf.com/guides/how-to-merge-pdf,https://liftpdf.com/pdf-image-tools,Image Tools,INTERNAL
https://liftpdf.com/guides/how-to-merge-pdf,https://liftpdf.com/pdf-security,Security,INTERNAL
https://liftpdf.com/guides/how-to-merge-pdf,https://liftpdf.com/learn,Learning Center,INTERNAL
https://liftpdf.com/guides/how-to-merge-pdf,https://liftpdf.com/guides,Guides,INTERNAL
https://liftpdf.com/guides/how-to-merge-pdf,https://liftpdf.com/pdf-glossary,PDF Glossary,INTERNAL
https://liftpdf.com/guides/how-to-merge-pdf,https://liftpdf.com/help,Help Center,INTERNAL
https://liftpdf.com/guides/how-to-merge-pdf,https://liftpdf.com/privacy,Privacy,INTERNAL
https://liftpdf.com/guides/how-to-merge-pdf,https://liftpdf.com/cookies,Cookies,INTERNAL
https://liftpdf.com/guides/how-to-merge-pdf,https://liftpdf.com/security,Security,INTERNAL
https://liftpdf.com/guides/how-to-merge-pdf,https://liftpdf.com/about,About,INTERNAL
https://liftpdf.com/guides/how-to-merge-pdf,https://liftpdf.com/why-liftpdf,Why LiftPDF,INTERNAL
https://liftpdf.com/guides/how-to-merge-pdf,https://liftpdf.com/terms,Terms,INTERNAL
https://liftpdf.com/guides/how-to-merge-pdf,https://liftpdf.com/contact,Contact,INTERNAL
https://liftpdf.com/guides/merge-pdf-online,https://liftpdf.com/,LiftPDF,INTERNAL
https://liftpdf.com/guides/merge-pdf-online,https://liftpdf.com/pdf-tools,PDF Tools,INTERNAL
https://liftpdf.com/guides/merge-pdf-online,https://liftpdf.com/learn,Learn,INTERNAL
https://liftpdf.com/guides/merge-pdf-online,https://liftpdf.com/jpg-to-pdf,Image to PDF,INTERNAL
https://liftpdf.com/guides/merge-pdf-online,https://liftpdf.com/pdf-converter,Convert,INTERNAL
https://liftpdf.com/guides/merge-pdf-online,https://liftpdf.com/pdf-editor,Edit,INTERNAL
https://liftpdf.com/guides/merge-pdf-online,https://liftpdf.com/jpg-to-pdf,Start Now,INTERNAL
https://liftpdf.com/guides/merge-pdf-online,https://liftpdf.com/pdf-tools,PDF Tools,INTERNAL
https://liftpdf.com/guides/merge-pdf-online,https://liftpdf.com/learn,Learn,INTERNAL
https://liftpdf.com/guides/merge-pdf-online,https://liftpdf.com/jpg-to-pdf,Image to PDF,INTERNAL
https://liftpdf.com/guides/merge-pdf-online,https://liftpdf.com/pdf-converter,Convert,INTERNAL
https://liftpdf.com/guides/merge-pdf-online,https://liftpdf.com/pdf-editor,Edit,INTERNAL
https://liftpdf.com/guides/merge-pdf-online,https://liftpdf.com/jpg-to-pdf,Start Now,INTERNAL
https://liftpdf.com/guides/merge-pdf-online,https://liftpdf.com/merge-pdf,Open online PDF merger,INTERNAL
https://liftpdf.com/guides/merge-pdf-online,https://liftpdf.com/organize-pdf,Browse organize tools,INTERNAL
https://liftpdf.com/guides/merge-pdf-online,https://liftpdf.com/merge-pdf,Open online PDF merger,INTERNAL
https://liftpdf.com/guides/merge-pdf-online,https://liftpdf.com/guides/merge-pdf-online#quick-answer,Quick answer,INTERNAL
https://liftpdf.com/guides/merge-pdf-online,https://liftpdf.com/guides/merge-pdf-online#what-to-expect-from-a-good-online-pdf-merger,What to expect from a good online PDF merger,INTERNAL
https://liftpdf.com/guides/merge-pdf-online,https://liftpdf.com/guides/merge-pdf-online#the-file-order-controls-the-final-pdf,The file order controls the final PDF,INTERNAL
https://liftpdf.com/guides/merge-pdf-online,https://liftpdf.com/guides/merge-pdf-online#online-does-not-have-to-mean-uploaded,Online does not have to mean uploaded,INTERNAL
https://liftpdf.com/guides/merge-pdf-online,https://liftpdf.com/guides/merge-pdf-online#when-to-use-another-tool-first,When to use another tool first,INTERNAL
https://liftpdf.com/guides/merge-pdf-online,https://liftpdf.com/guides/merge-pdf-online#faq,FAQ,INTERNAL
https://liftpdf.com/guides/merge-pdf-online,https://liftpdf.com/merge-pdf,Open online PDF merger,INTERNAL
https://liftpdf.com/guides/merge-pdf-online,https://liftpdf.com/merge-pdf,Merge PDFCombine PDF files in the order you choose.,INTERNAL
https://liftpdf.com/guides/merge-pdf-online,https://liftpdf.com/split-pdf,Split PDFSplit a PDF into ranges or one file per page.,INTERNAL
https://liftpdf.com/guides/merge-pdf-online,https://liftpdf.com/delete-pages,Delete PagesRemove pages before merging documents together.,INTERNAL
https://liftpdf.com/guides/merge-pdf-online,https://liftpdf.com/extract-pages,Extract PagesSave selected PDF pages into a new PDF.,INTERNAL
https://liftpdf.com/guides/merge-pdf-online,https://liftpdf.com/reorder-pages,Reorder PagesMove pages into the right sequence after merging.,INTERNAL
https://liftpdf.com/guides/merge-pdf-online,https://liftpdf.com/compress-pdf,Compress PDFRebuild the final merged PDF with safe compression.,INTERNAL
https://liftpdf.com/guides/merge-pdf-online,https://liftpdf.com/learn,"Learning CenterBrowse PDF tutorials, comparisons and troubleshooting resources.",INTERNAL
https://liftpdf.com/guides/merge-pdf-online,https://liftpdf.com/,LiftPDF,INTERNAL
https://liftpdf.com/guides/merge-pdf-online,https://liftpdf.com/pdf-tools,All PDF Tools,INTERNAL
https://liftpdf.com/guides/merge-pdf-online,https://liftpdf.com/jpg-to-pdf,JPG to PDF,INTERNAL
https://liftpdf.com/guides/merge-pdf-online,https://liftpdf.com/merge-pdf,Merge PDF,INTERNAL
https://liftpdf.com/guides/merge-pdf-online,https://liftpdf.com/compress-pdf,Compress PDF,INTERNAL
https://liftpdf.com/guides/merge-pdf-online,https://liftpdf.com/pdf-converter,Convert PDF,INTERNAL
https://liftpdf.com/guides/merge-pdf-online,https://liftpdf.com/pdf-editor,Edit PDF,INTERNAL
https://liftpdf.com/guides/merge-pdf-online,https://liftpdf.com/organize-pdf,Organize PDF,INTERNAL
https://liftpdf.com/guides/merge-pdf-online,https://liftpdf.com/pdf-image-tools,Image Tools,INTERNAL
https://liftpdf.com/guides/merge-pdf-online,https://liftpdf.com/pdf-security,Security,INTERNAL
https://liftpdf.com/guides/merge-pdf-online,https://liftpdf.com/learn,Learning Center,INTERNAL
https://liftpdf.com/guides/merge-pdf-online,https://liftpdf.com/guides,Guides,INTERNAL
https://liftpdf.com/guides/merge-pdf-online,https://liftpdf.com/pdf-glossary,PDF Glossary,INTERNAL
https://liftpdf.com/guides/merge-pdf-online,https://liftpdf.com/help,Help Center,INTERNAL
https://liftpdf.com/guides/merge-pdf-online,https://liftpdf.com/privacy,Privacy,INTERNAL
https://liftpdf.com/guides/merge-pdf-online,https://liftpdf.com/cookies,Cookies,INTERNAL
https://liftpdf.com/guides/merge-pdf-online,https://liftpdf.com/security,Security,INTERNAL
https://liftpdf.com/guides/merge-pdf-online,https://liftpdf.com/about,About,INTERNAL
https://liftpdf.com/guides/merge-pdf-online,https://liftpdf.com/why-liftpdf,Why LiftPDF,INTERNAL
https://liftpdf.com/guides/merge-pdf-online,https://liftpdf.com/terms,Terms,INTERNAL
https://liftpdf.com/guides/merge-pdf-online,https://liftpdf.com/contact,Contact,INTERNAL
https://liftpdf.com/guides/merge-pdf-without-adobe,https://liftpdf.com/,LiftPDF,INTERNAL
https://liftpdf.com/guides/merge-pdf-without-adobe,https://liftpdf.com/pdf-tools,PDF Tools,INTERNAL
https://liftpdf.com/guides/merge-pdf-without-adobe,https://liftpdf.com/learn,Learn,INTERNAL
https://liftpdf.com/guides/merge-pdf-without-adobe,https://liftpdf.com/jpg-to-pdf,Image to PDF,INTERNAL
https://liftpdf.com/guides/merge-pdf-without-adobe,https://liftpdf.com/pdf-converter,Convert,INTERNAL
https://liftpdf.com/guides/merge-pdf-without-adobe,https://liftpdf.com/pdf-editor,Edit,INTERNAL
https://liftpdf.com/guides/merge-pdf-without-adobe,https://liftpdf.com/jpg-to-pdf,Start Now,INTERNAL
https://liftpdf.com/guides/merge-pdf-without-adobe,https://liftpdf.com/pdf-tools,PDF Tools,INTERNAL
https://liftpdf.com/guides/merge-pdf-without-adobe,https://liftpdf.com/learn,Learn,INTERNAL
https://liftpdf.com/guides/merge-pdf-without-adobe,https://liftpdf.com/jpg-to-pdf,Image to PDF,INTERNAL
https://liftpdf.com/guides/merge-pdf-without-adobe,https://liftpdf.com/pdf-converter,Convert,INTERNAL
https://liftpdf.com/guides/merge-pdf-without-adobe,https://liftpdf.com/pdf-editor,Edit,INTERNAL
https://liftpdf.com/guides/merge-pdf-without-adobe,https://liftpdf.com/jpg-to-pdf,Start Now,INTERNAL
https://liftpdf.com/guides/merge-pdf-without-adobe,https://liftpdf.com/merge-pdf,Merge without Adobe,INTERNAL
https://liftpdf.com/guides/merge-pdf-without-adobe,https://liftpdf.com/organize-pdf,Browse organize tools,INTERNAL
https://liftpdf.com/guides/merge-pdf-without-adobe,https://liftpdf.com/merge-pdf,Merge without Adobe,INTERNAL
https://liftpdf.com/guides/merge-pdf-without-adobe,https://liftpdf.com/guides/merge-pdf-without-adobe#quick-answer,Quick answer,INTERNAL
https://liftpdf.com/guides/merge-pdf-without-adobe,https://liftpdf.com/guides/merge-pdf-without-adobe#what-you-can-do-without-acrobat,What you can do without Acrobat,INTERNAL
https://liftpdf.com/guides/merge-pdf-without-adobe,https://liftpdf.com/guides/merge-pdf-without-adobe#when-adobe-may-still-be-useful,When Adobe may still be useful,INTERNAL
https://liftpdf.com/guides/merge-pdf-without-adobe,https://liftpdf.com/guides/merge-pdf-without-adobe#privacy-and-browser-processing,Privacy and browser processing,INTERNAL
https://liftpdf.com/guides/merge-pdf-without-adobe,https://liftpdf.com/guides/merge-pdf-without-adobe#how-to-avoid-common-merge-mistakes,How to avoid common merge mistakes,INTERNAL
https://liftpdf.com/guides/merge-pdf-without-adobe,https://liftpdf.com/guides/merge-pdf-without-adobe#faq,FAQ,INTERNAL
https://liftpdf.com/guides/merge-pdf-without-adobe,https://liftpdf.com/merge-pdf,Merge without Adobe,INTERNAL
https://liftpdf.com/guides/merge-pdf-without-adobe,https://liftpdf.com/merge-pdf,Merge PDFCombine PDF files in the order you choose.,INTERNAL
https://liftpdf.com/guides/merge-pdf-without-adobe,https://liftpdf.com/split-pdf,Split PDFSplit a PDF into ranges or one file per page.,INTERNAL
https://liftpdf.com/guides/merge-pdf-without-adobe,https://liftpdf.com/delete-pages,Delete PagesRemove pages before merging documents together.,INTERNAL
https://liftpdf.com/guides/merge-pdf-without-adobe,https://liftpdf.com/extract-pages,Extract PagesSave selected PDF pages into a new PDF.,INTERNAL
https://liftpdf.com/guides/merge-pdf-without-adobe,https://liftpdf.com/reorder-pages,Reorder PagesMove pages into the right sequence after merging.,INTERNAL
https://liftpdf.com/guides/merge-pdf-without-adobe,https://liftpdf.com/compress-pdf,Compress PDFRebuild the final merged PDF with safe compression.,INTERNAL
https://liftpdf.com/guides/merge-pdf-without-adobe,https://liftpdf.com/learn,"Learning CenterBrowse PDF tutorials, comparisons and troubleshooting resources.",INTERNAL
https://liftpdf.com/guides/merge-pdf-without-adobe,https://liftpdf.com/,LiftPDF,INTERNAL
https://liftpdf.com/guides/merge-pdf-without-adobe,https://liftpdf.com/pdf-tools,All PDF Tools,INTERNAL
https://liftpdf.com/guides/merge-pdf-without-adobe,https://liftpdf.com/jpg-to-pdf,JPG to PDF,INTERNAL
https://liftpdf.com/guides/merge-pdf-without-adobe,https://liftpdf.com/merge-pdf,Merge PDF,INTERNAL
https://liftpdf.com/guides/merge-pdf-without-adobe,https://liftpdf.com/compress-pdf,Compress PDF,INTERNAL
https://liftpdf.com/guides/merge-pdf-without-adobe,https://liftpdf.com/pdf-converter,Convert PDF,INTERNAL
https://liftpdf.com/guides/merge-pdf-without-adobe,https://liftpdf.com/pdf-editor,Edit PDF,INTERNAL
https://liftpdf.com/guides/merge-pdf-without-adobe,https://liftpdf.com/organize-pdf,Organize PDF,INTERNAL
https://liftpdf.com/guides/merge-pdf-without-adobe,https://liftpdf.com/pdf-image-tools,Image Tools,INTERNAL
https://liftpdf.com/guides/merge-pdf-without-adobe,https://liftpdf.com/pdf-security,Security,INTERNAL
https://liftpdf.com/guides/merge-pdf-without-adobe,https://liftpdf.com/learn,Learning Center,INTERNAL
https://liftpdf.com/guides/merge-pdf-without-adobe,https://liftpdf.com/guides,Guides,INTERNAL
https://liftpdf.com/guides/merge-pdf-without-adobe,https://liftpdf.com/pdf-glossary,PDF Glossary,INTERNAL
https://liftpdf.com/guides/merge-pdf-without-adobe,https://liftpdf.com/help,Help Center,INTERNAL
https://liftpdf.com/guides/merge-pdf-without-adobe,https://liftpdf.com/privacy,Privacy,INTERNAL
https://liftpdf.com/guides/merge-pdf-without-adobe,https://liftpdf.com/cookies,Cookies,INTERNAL
https://liftpdf.com/guides/merge-pdf-without-adobe,https://liftpdf.com/security,Security,INTERNAL
https://liftpdf.com/guides/merge-pdf-without-adobe,https://liftpdf.com/about,About,INTERNAL
https://liftpdf.com/guides/merge-pdf-without-adobe,https://liftpdf.com/why-liftpdf,Why LiftPDF,INTERNAL
https://liftpdf.com/guides/merge-pdf-without-adobe,https://liftpdf.com/terms,Terms,INTERNAL
https://liftpdf.com/guides/merge-pdf-without-adobe,https://liftpdf.com/contact,Contact,INTERNAL
https://liftpdf.com/guides/merge-two-pdf-files,https://liftpdf.com/,LiftPDF,INTERNAL
https://liftpdf.com/guides/merge-two-pdf-files,https://liftpdf.com/pdf-tools,PDF Tools,INTERNAL
https://liftpdf.com/guides/merge-two-pdf-files,https://liftpdf.com/learn,Learn,INTERNAL
https://liftpdf.com/guides/merge-two-pdf-files,https://liftpdf.com/jpg-to-pdf,Image to PDF,INTERNAL
https://liftpdf.com/guides/merge-two-pdf-files,https://liftpdf.com/pdf-converter,Convert,INTERNAL
https://liftpdf.com/guides/merge-two-pdf-files,https://liftpdf.com/pdf-editor,Edit,INTERNAL
https://liftpdf.com/guides/merge-two-pdf-files,https://liftpdf.com/jpg-to-pdf,Start Now,INTERNAL
https://liftpdf.com/guides/merge-two-pdf-files,https://liftpdf.com/pdf-tools,PDF Tools,INTERNAL
https://liftpdf.com/guides/merge-two-pdf-files,https://liftpdf.com/learn,Learn,INTERNAL
https://liftpdf.com/guides/merge-two-pdf-files,https://liftpdf.com/jpg-to-pdf,Image to PDF,INTERNAL
https://liftpdf.com/guides/merge-two-pdf-files,https://liftpdf.com/pdf-converter,Convert,INTERNAL
https://liftpdf.com/guides/merge-two-pdf-files,https://liftpdf.com/pdf-editor,Edit,INTERNAL
https://liftpdf.com/guides/merge-two-pdf-files,https://liftpdf.com/jpg-to-pdf,Start Now,INTERNAL
https://liftpdf.com/guides/merge-two-pdf-files,https://liftpdf.com/merge-pdf,Merge two PDFs,INTERNAL
https://liftpdf.com/guides/merge-two-pdf-files,https://liftpdf.com/organize-pdf,Browse organize tools,INTERNAL
https://liftpdf.com/guides/merge-two-pdf-files,https://liftpdf.com/merge-pdf,Merge two PDFs,INTERNAL
https://liftpdf.com/guides/merge-two-pdf-files,https://liftpdf.com/guides/merge-two-pdf-files#quick-answer,Quick answer,INTERNAL
https://liftpdf.com/guides/merge-two-pdf-files,https://liftpdf.com/guides/merge-two-pdf-files#the-simplest-merge-case,The simplest merge case,INTERNAL
https://liftpdf.com/guides/merge-two-pdf-files,https://liftpdf.com/guides/merge-two-pdf-files#the-file-order-controls-the-final-pdf,The file order controls the final PDF,INTERNAL
https://liftpdf.com/guides/merge-two-pdf-files,https://liftpdf.com/guides/merge-two-pdf-files#before-merging-two-files,Before merging two files,INTERNAL
https://liftpdf.com/guides/merge-two-pdf-files,https://liftpdf.com/guides/merge-two-pdf-files#privacy-and-browser-processing,Privacy and browser processing,INTERNAL
https://liftpdf.com/guides/merge-two-pdf-files,https://liftpdf.com/guides/merge-two-pdf-files#faq,FAQ,INTERNAL
https://liftpdf.com/guides/merge-two-pdf-files,https://liftpdf.com/merge-pdf,Merge two PDFs,INTERNAL
https://liftpdf.com/guides/merge-two-pdf-files,https://liftpdf.com/merge-pdf,Merge PDFCombine PDF files in the order you choose.,INTERNAL
https://liftpdf.com/guides/merge-two-pdf-files,https://liftpdf.com/split-pdf,Split PDFSplit a PDF into ranges or one file per page.,INTERNAL
https://liftpdf.com/guides/merge-two-pdf-files,https://liftpdf.com/delete-pages,Delete PagesRemove pages before merging documents together.,INTERNAL
https://liftpdf.com/guides/merge-two-pdf-files,https://liftpdf.com/extract-pages,Extract PagesSave selected PDF pages into a new PDF.,INTERNAL
https://liftpdf.com/guides/merge-two-pdf-files,https://liftpdf.com/reorder-pages,Reorder PagesMove pages into the right sequence after merging.,INTERNAL
https://liftpdf.com/guides/merge-two-pdf-files,https://liftpdf.com/compress-pdf,Compress PDFRebuild the final merged PDF with safe compression.,INTERNAL
https://liftpdf.com/guides/merge-two-pdf-files,https://liftpdf.com/learn,"Learning CenterBrowse PDF tutorials, comparisons and troubleshooting resources.",INTERNAL
https://liftpdf.com/guides/merge-two-pdf-files,https://liftpdf.com/,LiftPDF,INTERNAL
https://liftpdf.com/guides/merge-two-pdf-files,https://liftpdf.com/pdf-tools,All PDF Tools,INTERNAL
https://liftpdf.com/guides/merge-two-pdf-files,https://liftpdf.com/jpg-to-pdf,JPG to PDF,INTERNAL
https://liftpdf.com/guides/merge-two-pdf-files,https://liftpdf.com/merge-pdf,Merge PDF,INTERNAL
https://liftpdf.com/guides/merge-two-pdf-files,https://liftpdf.com/compress-pdf,Compress PDF,INTERNAL
https://liftpdf.com/guides/merge-two-pdf-files,https://liftpdf.com/pdf-converter,Convert PDF,INTERNAL
https://liftpdf.com/guides/merge-two-pdf-files,https://liftpdf.com/pdf-editor,Edit PDF,INTERNAL
https://liftpdf.com/guides/merge-two-pdf-files,https://liftpdf.com/organize-pdf,Organize PDF,INTERNAL
https://liftpdf.com/guides/merge-two-pdf-files,https://liftpdf.com/pdf-image-tools,Image Tools,INTERNAL
https://liftpdf.com/guides/merge-two-pdf-files,https://liftpdf.com/pdf-security,Security,INTERNAL
https://liftpdf.com/guides/merge-two-pdf-files,https://liftpdf.com/learn,Learning Center,INTERNAL
https://liftpdf.com/guides/merge-two-pdf-files,https://liftpdf.com/guides,Guides,INTERNAL
https://liftpdf.com/guides/merge-two-pdf-files,https://liftpdf.com/pdf-glossary,PDF Glossary,INTERNAL
https://liftpdf.com/guides/merge-two-pdf-files,https://liftpdf.com/help,Help Center,INTERNAL
https://liftpdf.com/guides/merge-two-pdf-files,https://liftpdf.com/privacy,Privacy,INTERNAL
https://liftpdf.com/guides/merge-two-pdf-files,https://liftpdf.com/cookies,Cookies,INTERNAL
https://liftpdf.com/guides/merge-two-pdf-files,https://liftpdf.com/security,Security,INTERNAL
https://liftpdf.com/guides/merge-two-pdf-files,https://liftpdf.com/about,About,INTERNAL
https://liftpdf.com/guides/merge-two-pdf-files,https://liftpdf.com/why-liftpdf,Why LiftPDF,INTERNAL
https://liftpdf.com/guides/merge-two-pdf-files,https://liftpdf.com/terms,Terms,INTERNAL
https://liftpdf.com/guides/merge-two-pdf-files,https://liftpdf.com/contact,Contact,INTERNAL
https://liftpdf.com/guides/merge-multiple-pdf-files,https://liftpdf.com/,LiftPDF,INTERNAL
https://liftpdf.com/guides/merge-multiple-pdf-files,https://liftpdf.com/pdf-tools,PDF Tools,INTERNAL
https://liftpdf.com/guides/merge-multiple-pdf-files,https://liftpdf.com/learn,Learn,INTERNAL
https://liftpdf.com/guides/merge-multiple-pdf-files,https://liftpdf.com/jpg-to-pdf,Image to PDF,INTERNAL
https://liftpdf.com/guides/merge-multiple-pdf-files,https://liftpdf.com/pdf-converter,Convert,INTERNAL
https://liftpdf.com/guides/merge-multiple-pdf-files,https://liftpdf.com/pdf-editor,Edit,INTERNAL
https://liftpdf.com/guides/merge-multiple-pdf-files,https://liftpdf.com/jpg-to-pdf,Start Now,INTERNAL
https://liftpdf.com/guides/merge-multiple-pdf-files,https://liftpdf.com/pdf-tools,PDF Tools,INTERNAL
https://liftpdf.com/guides/merge-multiple-pdf-files,https://liftpdf.com/learn,Learn,INTERNAL
https://liftpdf.com/guides/merge-multiple-pdf-files,https://liftpdf.com/jpg-to-pdf,Image to PDF,INTERNAL
https://liftpdf.com/guides/merge-multiple-pdf-files,https://liftpdf.com/pdf-converter,Convert,INTERNAL
https://liftpdf.com/guides/merge-multiple-pdf-files,https://liftpdf.com/pdf-editor,Edit,INTERNAL
https://liftpdf.com/guides/merge-multiple-pdf-files,https://liftpdf.com/jpg-to-pdf,Start Now,INTERNAL
https://liftpdf.com/guides/merge-multiple-pdf-files,https://liftpdf.com/merge-pdf,Merge multiple PDFs,INTERNAL
https://liftpdf.com/guides/merge-multiple-pdf-files,https://liftpdf.com/organize-pdf,Browse organize tools,INTERNAL
https://liftpdf.com/guides/merge-multiple-pdf-files,https://liftpdf.com/merge-pdf,Merge multiple PDFs,INTERNAL
https://liftpdf.com/guides/merge-multiple-pdf-files,https://liftpdf.com/guides/merge-multiple-pdf-files#quick-answer,Quick answer,INTERNAL
https://liftpdf.com/guides/merge-multiple-pdf-files,https://liftpdf.com/guides/merge-multiple-pdf-files#a-clean-multi-file-merge-workflow,A clean multi-file merge workflow,INTERNAL
https://liftpdf.com/guides/merge-multiple-pdf-files,https://liftpdf.com/guides/merge-multiple-pdf-files#when-to-split-or-delete-before-merging,When to split or delete before merging,INTERNAL
https://liftpdf.com/guides/merge-multiple-pdf-files,https://liftpdf.com/guides/merge-multiple-pdf-files#after-merging,After merging,INTERNAL
https://liftpdf.com/guides/merge-multiple-pdf-files,https://liftpdf.com/guides/merge-multiple-pdf-files#privacy-and-browser-processing,Privacy and browser processing,INTERNAL
https://liftpdf.com/guides/merge-multiple-pdf-files,https://liftpdf.com/guides/merge-multiple-pdf-files#faq,FAQ,INTERNAL
https://liftpdf.com/guides/merge-multiple-pdf-files,https://liftpdf.com/merge-pdf,Merge multiple PDFs,INTERNAL
https://liftpdf.com/guides/merge-multiple-pdf-files,https://liftpdf.com/merge-pdf,Merge PDFCombine PDF files in the order you choose.,INTERNAL
https://liftpdf.com/guides/merge-multiple-pdf-files,https://liftpdf.com/split-pdf,Split PDFSplit a PDF into ranges or one file per page.,INTERNAL
https://liftpdf.com/guides/merge-multiple-pdf-files,https://liftpdf.com/delete-pages,Delete PagesRemove pages before merging documents together.,INTERNAL
https://liftpdf.com/guides/merge-multiple-pdf-files,https://liftpdf.com/extract-pages,Extract PagesSave selected PDF pages into a new PDF.,INTERNAL
https://liftpdf.com/guides/merge-multiple-pdf-files,https://liftpdf.com/reorder-pages,Reorder PagesMove pages into the right sequence after merging.,INTERNAL
https://liftpdf.com/guides/merge-multiple-pdf-files,https://liftpdf.com/compress-pdf,Compress PDFRebuild the final merged PDF with safe compression.,INTERNAL
https://liftpdf.com/guides/merge-multiple-pdf-files,https://liftpdf.com/learn,"Learning CenterBrowse PDF tutorials, comparisons and troubleshooting resources.",INTERNAL
https://liftpdf.com/guides/merge-multiple-pdf-files,https://liftpdf.com/,LiftPDF,INTERNAL
https://liftpdf.com/guides/merge-multiple-pdf-files,https://liftpdf.com/pdf-tools,All PDF Tools,INTERNAL
https://liftpdf.com/guides/merge-multiple-pdf-files,https://liftpdf.com/jpg-to-pdf,JPG to PDF,INTERNAL
https://liftpdf.com/guides/merge-multiple-pdf-files,https://liftpdf.com/merge-pdf,Merge PDF,INTERNAL
https://liftpdf.com/guides/merge-multiple-pdf-files,https://liftpdf.com/compress-pdf,Compress PDF,INTERNAL
https://liftpdf.com/guides/merge-multiple-pdf-files,https://liftpdf.com/pdf-converter,Convert PDF,INTERNAL
https://liftpdf.com/guides/merge-multiple-pdf-files,https://liftpdf.com/pdf-editor,Edit PDF,INTERNAL
https://liftpdf.com/guides/merge-multiple-pdf-files,https://liftpdf.com/organize-pdf,Organize PDF,INTERNAL
https://liftpdf.com/guides/merge-multiple-pdf-files,https://liftpdf.com/pdf-image-tools,Image Tools,INTERNAL
https://liftpdf.com/guides/merge-multiple-pdf-files,https://liftpdf.com/pdf-security,Security,INTERNAL
https://liftpdf.com/guides/merge-multiple-pdf-files,https://liftpdf.com/learn,Learning Center,INTERNAL
https://liftpdf.com/guides/merge-multiple-pdf-files,https://liftpdf.com/guides,Guides,INTERNAL
https://liftpdf.com/guides/merge-multiple-pdf-files,https://liftpdf.com/pdf-glossary,PDF Glossary,INTERNAL
https://liftpdf.com/guides/merge-multiple-pdf-files,https://liftpdf.com/help,Help Center,INTERNAL
https://liftpdf.com/guides/merge-multiple-pdf-files,https://liftpdf.com/privacy,Privacy,INTERNAL
https://liftpdf.com/guides/merge-multiple-pdf-files,https://liftpdf.com/cookies,Cookies,INTERNAL
https://liftpdf.com/guides/merge-multiple-pdf-files,https://liftpdf.com/security,Security,INTERNAL
https://liftpdf.com/guides/merge-multiple-pdf-files,https://liftpdf.com/about,About,INTERNAL
https://liftpdf.com/guides/merge-multiple-pdf-files,https://liftpdf.com/why-liftpdf,Why LiftPDF,INTERNAL
https://liftpdf.com/guides/merge-multiple-pdf-files,https://liftpdf.com/terms,Terms,INTERNAL
https://liftpdf.com/guides/merge-multiple-pdf-files,https://liftpdf.com/contact,Contact,INTERNAL
https://liftpdf.com/guides/merge-pdf-free,https://liftpdf.com/,LiftPDF,INTERNAL
https://liftpdf.com/guides/merge-pdf-free,https://liftpdf.com/pdf-tools,PDF Tools,INTERNAL
https://liftpdf.com/guides/merge-pdf-free,https://liftpdf.com/learn,Learn,INTERNAL
https://liftpdf.com/guides/merge-pdf-free,https://liftpdf.com/jpg-to-pdf,Image to PDF,INTERNAL
https://liftpdf.com/guides/merge-pdf-free,https://liftpdf.com/pdf-converter,Convert,INTERNAL
https://liftpdf.com/guides/merge-pdf-free,https://liftpdf.com/pdf-editor,Edit,INTERNAL
https://liftpdf.com/guides/merge-pdf-free,https://liftpdf.com/jpg-to-pdf,Start Now,INTERNAL
https://liftpdf.com/guides/merge-pdf-free,https://liftpdf.com/pdf-tools,PDF Tools,INTERNAL
https://liftpdf.com/guides/merge-pdf-free,https://liftpdf.com/learn,Learn,INTERNAL
https://liftpdf.com/guides/merge-pdf-free,https://liftpdf.com/jpg-to-pdf,Image to PDF,INTERNAL
https://liftpdf.com/guides/merge-pdf-free,https://liftpdf.com/pdf-converter,Convert,INTERNAL
https://liftpdf.com/guides/merge-pdf-free,https://liftpdf.com/pdf-editor,Edit,INTERNAL
https://liftpdf.com/guides/merge-pdf-free,https://liftpdf.com/jpg-to-pdf,Start Now,INTERNAL
https://liftpdf.com/guides/merge-pdf-free,https://liftpdf.com/merge-pdf,Use free PDF merger,INTERNAL
https://liftpdf.com/guides/merge-pdf-free,https://liftpdf.com/organize-pdf,Browse organize tools,INTERNAL
https://liftpdf.com/guides/merge-pdf-free,https://liftpdf.com/merge-pdf,Use free PDF merger,INTERNAL
https://liftpdf.com/guides/merge-pdf-free,https://liftpdf.com/guides/merge-pdf-free#quick-answer,Quick answer,INTERNAL
https://liftpdf.com/guides/merge-pdf-free,https://liftpdf.com/guides/merge-pdf-free#what-free-should-mean,What free should mean,INTERNAL
https://liftpdf.com/guides/merge-pdf-free,https://liftpdf.com/guides/merge-pdf-free#privacy-and-browser-processing,Privacy and browser processing,INTERNAL
https://liftpdf.com/guides/merge-pdf-free,https://liftpdf.com/guides/merge-pdf-free#limits-to-understand,Limits to understand,INTERNAL
https://liftpdf.com/guides/merge-pdf-free,https://liftpdf.com/guides/merge-pdf-free#make-the-final-file-easier-to-share,Make the final file easier to share,INTERNAL
https://liftpdf.com/guides/merge-pdf-free,https://liftpdf.com/guides/merge-pdf-free#faq,FAQ,INTERNAL
https://liftpdf.com/guides/merge-pdf-free,https://liftpdf.com/merge-pdf,Use free PDF merger,INTERNAL
https://liftpdf.com/guides/merge-pdf-free,https://liftpdf.com/merge-pdf,Merge PDFCombine PDF files in the order you choose.,INTERNAL
https://liftpdf.com/guides/merge-pdf-free,https://liftpdf.com/split-pdf,Split PDFSplit a PDF into ranges or one file per page.,INTERNAL
https://liftpdf.com/guides/merge-pdf-free,https://liftpdf.com/delete-pages,Delete PagesRemove pages before merging documents together.,INTERNAL
https://liftpdf.com/guides/merge-pdf-free,https://liftpdf.com/extract-pages,Extract PagesSave selected PDF pages into a new PDF.,INTERNAL
https://liftpdf.com/guides/merge-pdf-free,https://liftpdf.com/reorder-pages,Reorder PagesMove pages into the right sequence after merging.,INTERNAL
https://liftpdf.com/guides/merge-pdf-free,https://liftpdf.com/compress-pdf,Compress PDFRebuild the final merged PDF with safe compression.,INTERNAL
https://liftpdf.com/guides/merge-pdf-free,https://liftpdf.com/learn,"Learning CenterBrowse PDF tutorials, comparisons and troubleshooting resources.",INTERNAL
https://liftpdf.com/guides/merge-pdf-free,https://liftpdf.com/,LiftPDF,INTERNAL
https://liftpdf.com/guides/merge-pdf-free,https://liftpdf.com/pdf-tools,All PDF Tools,INTERNAL
https://liftpdf.com/guides/merge-pdf-free,https://liftpdf.com/jpg-to-pdf,JPG to PDF,INTERNAL
https://liftpdf.com/guides/merge-pdf-free,https://liftpdf.com/merge-pdf,Merge PDF,INTERNAL
https://liftpdf.com/guides/merge-pdf-free,https://liftpdf.com/compress-pdf,Compress PDF,INTERNAL
https://liftpdf.com/guides/merge-pdf-free,https://liftpdf.com/pdf-converter,Convert PDF,INTERNAL
https://liftpdf.com/guides/merge-pdf-free,https://liftpdf.com/pdf-editor,Edit PDF,INTERNAL
https://liftpdf.com/guides/merge-pdf-free,https://liftpdf.com/organize-pdf,Organize PDF,INTERNAL
https://liftpdf.com/guides/merge-pdf-free,https://liftpdf.com/pdf-image-tools,Image Tools,INTERNAL
https://liftpdf.com/guides/merge-pdf-free,https://liftpdf.com/pdf-security,Security,INTERNAL
https://liftpdf.com/guides/merge-pdf-free,https://liftpdf.com/learn,Learning Center,INTERNAL
https://liftpdf.com/guides/merge-pdf-free,https://liftpdf.com/guides,Guides,INTERNAL
https://liftpdf.com/guides/merge-pdf-free,https://liftpdf.com/pdf-glossary,PDF Glossary,INTERNAL
https://liftpdf.com/guides/merge-pdf-free,https://liftpdf.com/help,Help Center,INTERNAL
https://liftpdf.com/guides/merge-pdf-free,https://liftpdf.com/privacy,Privacy,INTERNAL
https://liftpdf.com/guides/merge-pdf-free,https://liftpdf.com/cookies,Cookies,INTERNAL
https://liftpdf.com/guides/merge-pdf-free,https://liftpdf.com/security,Security,INTERNAL
https://liftpdf.com/guides/merge-pdf-free,https://liftpdf.com/about,About,INTERNAL
https://liftpdf.com/guides/merge-pdf-free,https://liftpdf.com/why-liftpdf,Why LiftPDF,INTERNAL
https://liftpdf.com/guides/merge-pdf-free,https://liftpdf.com/terms,Terms,INTERNAL
https://liftpdf.com/guides/merge-pdf-free,https://liftpdf.com/contact,Contact,INTERNAL
https://liftpdf.com/guides/why-cant-i-merge-pdf-files,https://liftpdf.com/,LiftPDF,INTERNAL
https://liftpdf.com/guides/why-cant-i-merge-pdf-files,https://liftpdf.com/pdf-tools,PDF Tools,INTERNAL
https://liftpdf.com/guides/why-cant-i-merge-pdf-files,https://liftpdf.com/learn,Learn,INTERNAL
https://liftpdf.com/guides/why-cant-i-merge-pdf-files,https://liftpdf.com/jpg-to-pdf,Image to PDF,INTERNAL
https://liftpdf.com/guides/why-cant-i-merge-pdf-files,https://liftpdf.com/pdf-converter,Convert,INTERNAL
https://liftpdf.com/guides/why-cant-i-merge-pdf-files,https://liftpdf.com/pdf-editor,Edit,INTERNAL
https://liftpdf.com/guides/why-cant-i-merge-pdf-files,https://liftpdf.com/jpg-to-pdf,Start Now,INTERNAL
https://liftpdf.com/guides/why-cant-i-merge-pdf-files,https://liftpdf.com/pdf-tools,PDF Tools,INTERNAL
https://liftpdf.com/guides/why-cant-i-merge-pdf-files,https://liftpdf.com/learn,Learn,INTERNAL
https://liftpdf.com/guides/why-cant-i-merge-pdf-files,https://liftpdf.com/jpg-to-pdf,Image to PDF,INTERNAL
https://liftpdf.com/guides/why-cant-i-merge-pdf-files,https://liftpdf.com/pdf-converter,Convert,INTERNAL
https://liftpdf.com/guides/why-cant-i-merge-pdf-files,https://liftpdf.com/pdf-editor,Edit,INTERNAL
https://liftpdf.com/guides/why-cant-i-merge-pdf-files,https://liftpdf.com/jpg-to-pdf,Start Now,INTERNAL
https://liftpdf.com/guides/why-cant-i-merge-pdf-files,https://liftpdf.com/merge-pdf,Try Merge PDF again,INTERNAL
https://liftpdf.com/guides/why-cant-i-merge-pdf-files,https://liftpdf.com/organize-pdf,Browse organize tools,INTERNAL
https://liftpdf.com/guides/why-cant-i-merge-pdf-files,https://liftpdf.com/merge-pdf,Try Merge PDF again,INTERNAL
https://liftpdf.com/guides/why-cant-i-merge-pdf-files,https://liftpdf.com/guides/why-cant-i-merge-pdf-files#quick-answer,Quick answer,INTERNAL
https://liftpdf.com/guides/why-cant-i-merge-pdf-files,https://liftpdf.com/guides/why-cant-i-merge-pdf-files#common-reasons-pdf-merging-fails,Common reasons PDF merging fails,INTERNAL
https://liftpdf.com/guides/why-cant-i-merge-pdf-files,https://liftpdf.com/guides/why-cant-i-merge-pdf-files#how-to-isolate-the-bad-file,How to isolate the bad file,INTERNAL
https://liftpdf.com/guides/why-cant-i-merge-pdf-files,https://liftpdf.com/guides/why-cant-i-merge-pdf-files#when-the-browser-is-the-limit,When the browser is the limit,INTERNAL
https://liftpdf.com/guides/why-cant-i-merge-pdf-files,https://liftpdf.com/guides/why-cant-i-merge-pdf-files#privacy-and-browser-processing,Privacy and browser processing,INTERNAL
https://liftpdf.com/guides/why-cant-i-merge-pdf-files,https://liftpdf.com/guides/why-cant-i-merge-pdf-files#faq,FAQ,INTERNAL
https://liftpdf.com/guides/why-cant-i-merge-pdf-files,https://liftpdf.com/merge-pdf,Try Merge PDF again,INTERNAL
https://liftpdf.com/guides/why-cant-i-merge-pdf-files,https://liftpdf.com/merge-pdf,Merge PDFCombine PDF files in the order you choose.,INTERNAL
https://liftpdf.com/guides/why-cant-i-merge-pdf-files,https://liftpdf.com/split-pdf,Split PDFSplit a PDF into ranges or one file per page.,INTERNAL
https://liftpdf.com/guides/why-cant-i-merge-pdf-files,https://liftpdf.com/delete-pages,Delete PagesRemove pages before merging documents together.,INTERNAL
https://liftpdf.com/guides/why-cant-i-merge-pdf-files,https://liftpdf.com/extract-pages,Extract PagesSave selected PDF pages into a new PDF.,INTERNAL
https://liftpdf.com/guides/why-cant-i-merge-pdf-files,https://liftpdf.com/reorder-pages,Reorder PagesMove pages into the right sequence after merging.,INTERNAL
https://liftpdf.com/guides/why-cant-i-merge-pdf-files,https://liftpdf.com/compress-pdf,Compress PDFRebuild the final merged PDF with safe compression.,INTERNAL
https://liftpdf.com/guides/why-cant-i-merge-pdf-files,https://liftpdf.com/learn,"Learning CenterBrowse PDF tutorials, comparisons and troubleshooting resources.",INTERNAL
https://liftpdf.com/guides/why-cant-i-merge-pdf-files,https://liftpdf.com/,LiftPDF,INTERNAL
https://liftpdf.com/guides/why-cant-i-merge-pdf-files,https://liftpdf.com/pdf-tools,All PDF Tools,INTERNAL
https://liftpdf.com/guides/why-cant-i-merge-pdf-files,https://liftpdf.com/jpg-to-pdf,JPG to PDF,INTERNAL
https://liftpdf.com/guides/why-cant-i-merge-pdf-files,https://liftpdf.com/merge-pdf,Merge PDF,INTERNAL
https://liftpdf.com/guides/why-cant-i-merge-pdf-files,https://liftpdf.com/compress-pdf,Compress PDF,INTERNAL
https://liftpdf.com/guides/why-cant-i-merge-pdf-files,https://liftpdf.com/pdf-converter,Convert PDF,INTERNAL
https://liftpdf.com/guides/why-cant-i-merge-pdf-files,https://liftpdf.com/pdf-editor,Edit PDF,INTERNAL
https://liftpdf.com/guides/why-cant-i-merge-pdf-files,https://liftpdf.com/organize-pdf,Organize PDF,INTERNAL
https://liftpdf.com/guides/why-cant-i-merge-pdf-files,https://liftpdf.com/pdf-image-tools,Image Tools,INTERNAL
https://liftpdf.com/guides/why-cant-i-merge-pdf-files,https://liftpdf.com/pdf-security,Security,INTERNAL
https://liftpdf.com/guides/why-cant-i-merge-pdf-files,https://liftpdf.com/learn,Learning Center,INTERNAL
https://liftpdf.com/guides/why-cant-i-merge-pdf-files,https://liftpdf.com/guides,Guides,INTERNAL
https://liftpdf.com/guides/why-cant-i-merge-pdf-files,https://liftpdf.com/pdf-glossary,PDF Glossary,INTERNAL
https://liftpdf.com/guides/why-cant-i-merge-pdf-files,https://liftpdf.com/help,Help Center,INTERNAL
https://liftpdf.com/guides/why-cant-i-merge-pdf-files,https://liftpdf.com/privacy,Privacy,INTERNAL
https://liftpdf.com/guides/why-cant-i-merge-pdf-files,https://liftpdf.com/cookies,Cookies,INTERNAL
https://liftpdf.com/guides/why-cant-i-merge-pdf-files,https://liftpdf.com/security,Security,INTERNAL
https://liftpdf.com/guides/why-cant-i-merge-pdf-files,https://liftpdf.com/about,About,INTERNAL
https://liftpdf.com/guides/why-cant-i-merge-pdf-files,https://liftpdf.com/why-liftpdf,Why LiftPDF,INTERNAL
https://liftpdf.com/guides/why-cant-i-merge-pdf-files,https://liftpdf.com/terms,Terms,INTERNAL
https://liftpdf.com/guides/why-cant-i-merge-pdf-files,https://liftpdf.com/contact,Contact,INTERNAL
https://liftpdf.com/guides/why-is-my-merged-pdf-too-large,https://liftpdf.com/,LiftPDF,INTERNAL
https://liftpdf.com/guides/why-is-my-merged-pdf-too-large,https://liftpdf.com/pdf-tools,PDF Tools,INTERNAL
https://liftpdf.com/guides/why-is-my-merged-pdf-too-large,https://liftpdf.com/learn,Learn,INTERNAL
https://liftpdf.com/guides/why-is-my-merged-pdf-too-large,https://liftpdf.com/jpg-to-pdf,Image to PDF,INTERNAL
https://liftpdf.com/guides/why-is-my-merged-pdf-too-large,https://liftpdf.com/pdf-converter,Convert,INTERNAL
https://liftpdf.com/guides/why-is-my-merged-pdf-too-large,https://liftpdf.com/pdf-editor,Edit,INTERNAL
https://liftpdf.com/guides/why-is-my-merged-pdf-too-large,https://liftpdf.com/jpg-to-pdf,Start Now,INTERNAL
https://liftpdf.com/guides/why-is-my-merged-pdf-too-large,https://liftpdf.com/pdf-tools,PDF Tools,INTERNAL
https://liftpdf.com/guides/why-is-my-merged-pdf-too-large,https://liftpdf.com/learn,Learn,INTERNAL
https://liftpdf.com/guides/why-is-my-merged-pdf-too-large,https://liftpdf.com/jpg-to-pdf,Image to PDF,INTERNAL
https://liftpdf.com/guides/why-is-my-merged-pdf-too-large,https://liftpdf.com/pdf-converter,Convert,INTERNAL
https://liftpdf.com/guides/why-is-my-merged-pdf-too-large,https://liftpdf.com/pdf-editor,Edit,INTERNAL
https://liftpdf.com/guides/why-is-my-merged-pdf-too-large,https://liftpdf.com/jpg-to-pdf,Start Now,INTERNAL
https://liftpdf.com/guides/why-is-my-merged-pdf-too-large,https://liftpdf.com/merge-pdf,Merge then compress PDF,INTERNAL
https://liftpdf.com/guides/why-is-my-merged-pdf-too-large,https://liftpdf.com/organize-pdf,Browse organize tools,INTERNAL
https://liftpdf.com/guides/why-is-my-merged-pdf-too-large,https://liftpdf.com/merge-pdf,Merge then compress PDF,INTERNAL
https://liftpdf.com/guides/why-is-my-merged-pdf-too-large,https://liftpdf.com/guides/why-is-my-merged-pdf-too-large#quick-answer,Quick answer,INTERNAL
https://liftpdf.com/guides/why-is-my-merged-pdf-too-large,https://liftpdf.com/guides/why-is-my-merged-pdf-too-large#why-merging-increases-file-size,Why merging increases file size,INTERNAL
https://liftpdf.com/guides/why-is-my-merged-pdf-too-large,https://liftpdf.com/guides/why-is-my-merged-pdf-too-large#best-fixes-before-compression,Best fixes before compression,INTERNAL
https://liftpdf.com/guides/why-is-my-merged-pdf-too-large,https://liftpdf.com/guides/why-is-my-merged-pdf-too-large#what-compression-can-and-cannot-do,What compression can and cannot do,INTERNAL
https://liftpdf.com/guides/why-is-my-merged-pdf-too-large,https://liftpdf.com/guides/why-is-my-merged-pdf-too-large#privacy-and-browser-processing,Privacy and browser processing,INTERNAL
https://liftpdf.com/guides/why-is-my-merged-pdf-too-large,https://liftpdf.com/guides/why-is-my-merged-pdf-too-large#faq,FAQ,INTERNAL
https://liftpdf.com/guides/why-is-my-merged-pdf-too-large,https://liftpdf.com/merge-pdf,Merge then compress PDF,INTERNAL
https://liftpdf.com/guides/why-is-my-merged-pdf-too-large,https://liftpdf.com/merge-pdf,Merge PDFCombine PDF files in the order you choose.,INTERNAL
https://liftpdf.com/guides/why-is-my-merged-pdf-too-large,https://liftpdf.com/compress-pdf,Compress PDFReduce the final merged file when possible.,INTERNAL
https://liftpdf.com/guides/why-is-my-merged-pdf-too-large,https://liftpdf.com/split-pdf,Split PDFSplit a PDF into ranges or one file per page.,INTERNAL
https://liftpdf.com/guides/why-is-my-merged-pdf-too-large,https://liftpdf.com/delete-pages,Delete PagesRemove pages before merging documents together.,INTERNAL
https://liftpdf.com/guides/why-is-my-merged-pdf-too-large,https://liftpdf.com/extract-pages,Extract PagesSave selected PDF pages into a new PDF.,INTERNAL
https://liftpdf.com/guides/why-is-my-merged-pdf-too-large,https://liftpdf.com/reorder-pages,Reorder PagesMove pages into the right sequence after merging.,INTERNAL
https://liftpdf.com/guides/why-is-my-merged-pdf-too-large,https://liftpdf.com/learn,"Learning CenterBrowse PDF tutorials, comparisons and troubleshooting resources.",INTERNAL
https://liftpdf.com/guides/why-is-my-merged-pdf-too-large,https://liftpdf.com/,LiftPDF,INTERNAL
https://liftpdf.com/guides/why-is-my-merged-pdf-too-large,https://liftpdf.com/pdf-tools,All PDF Tools,INTERNAL
https://liftpdf.com/guides/why-is-my-merged-pdf-too-large,https://liftpdf.com/jpg-to-pdf,JPG to PDF,INTERNAL
https://liftpdf.com/guides/why-is-my-merged-pdf-too-large,https://liftpdf.com/merge-pdf,Merge PDF,INTERNAL
https://liftpdf.com/guides/why-is-my-merged-pdf-too-large,https://liftpdf.com/compress-pdf,Compress PDF,INTERNAL
https://liftpdf.com/guides/why-is-my-merged-pdf-too-large,https://liftpdf.com/pdf-converter,Convert PDF,INTERNAL
https://liftpdf.com/guides/why-is-my-merged-pdf-too-large,https://liftpdf.com/pdf-editor,Edit PDF,INTERNAL
https://liftpdf.com/guides/why-is-my-merged-pdf-too-large,https://liftpdf.com/organize-pdf,Organize PDF,INTERNAL
https://liftpdf.com/guides/why-is-my-merged-pdf-too-large,https://liftpdf.com/pdf-image-tools,Image Tools,INTERNAL
https://liftpdf.com/guides/why-is-my-merged-pdf-too-large,https://liftpdf.com/pdf-security,Security,INTERNAL
https://liftpdf.com/guides/why-is-my-merged-pdf-too-large,https://liftpdf.com/learn,Learning Center,INTERNAL
https://liftpdf.com/guides/why-is-my-merged-pdf-too-large,https://liftpdf.com/guides,Guides,INTERNAL
https://liftpdf.com/guides/why-is-my-merged-pdf-too-large,https://liftpdf.com/pdf-glossary,PDF Glossary,INTERNAL
https://liftpdf.com/guides/why-is-my-merged-pdf-too-large,https://liftpdf.com/help,Help Center,INTERNAL
https://liftpdf.com/guides/why-is-my-merged-pdf-too-large,https://liftpdf.com/privacy,Privacy,INTERNAL
https://liftpdf.com/guides/why-is-my-merged-pdf-too-large,https://liftpdf.com/cookies,Cookies,INTERNAL
https://liftpdf.com/guides/why-is-my-merged-pdf-too-large,https://liftpdf.com/security,Security,INTERNAL
https://liftpdf.com/guides/why-is-my-merged-pdf-too-large,https://liftpdf.com/about,About,INTERNAL
https://liftpdf.com/guides/why-is-my-merged-pdf-too-large,https://liftpdf.com/why-liftpdf,Why LiftPDF,INTERNAL
https://liftpdf.com/guides/why-is-my-merged-pdf-too-large,https://liftpdf.com/terms,Terms,INTERNAL
https://liftpdf.com/guides/why-is-my-merged-pdf-too-large,https://liftpdf.com/contact,Contact,INTERNAL
https://liftpdf.com/guides/why-does-merge-pdf-fail,https://liftpdf.com/,LiftPDF,INTERNAL
https://liftpdf.com/guides/why-does-merge-pdf-fail,https://liftpdf.com/pdf-tools,PDF Tools,INTERNAL
https://liftpdf.com/guides/why-does-merge-pdf-fail,https://liftpdf.com/learn,Learn,INTERNAL
https://liftpdf.com/guides/why-does-merge-pdf-fail,https://liftpdf.com/jpg-to-pdf,Image to PDF,INTERNAL
https://liftpdf.com/guides/why-does-merge-pdf-fail,https://liftpdf.com/pdf-converter,Convert,INTERNAL
https://liftpdf.com/guides/why-does-merge-pdf-fail,https://liftpdf.com/pdf-editor,Edit,INTERNAL
https://liftpdf.com/guides/why-does-merge-pdf-fail,https://liftpdf.com/jpg-to-pdf,Start Now,INTERNAL
https://liftpdf.com/guides/why-does-merge-pdf-fail,https://liftpdf.com/pdf-tools,PDF Tools,INTERNAL
https://liftpdf.com/guides/why-does-merge-pdf-fail,https://liftpdf.com/learn,Learn,INTERNAL
https://liftpdf.com/guides/why-does-merge-pdf-fail,https://liftpdf.com/jpg-to-pdf,Image to PDF,INTERNAL
https://liftpdf.com/guides/why-does-merge-pdf-fail,https://liftpdf.com/pdf-converter,Convert,INTERNAL
https://liftpdf.com/guides/why-does-merge-pdf-fail,https://liftpdf.com/pdf-editor,Edit,INTERNAL
https://liftpdf.com/guides/why-does-merge-pdf-fail,https://liftpdf.com/jpg-to-pdf,Start Now,INTERNAL
https://liftpdf.com/guides/why-does-merge-pdf-fail,https://liftpdf.com/merge-pdf,Open Merge PDF,INTERNAL
https://liftpdf.com/guides/why-does-merge-pdf-fail,https://liftpdf.com/organize-pdf,Browse organize tools,INTERNAL
https://liftpdf.com/guides/why-does-merge-pdf-fail,https://liftpdf.com/merge-pdf,Open Merge PDF,INTERNAL
https://liftpdf.com/guides/why-does-merge-pdf-fail,https://liftpdf.com/guides/why-does-merge-pdf-fail#quick-answer,Quick answer,INTERNAL
https://liftpdf.com/guides/why-does-merge-pdf-fail,https://liftpdf.com/guides/why-does-merge-pdf-fail#failed-merge-vs-bad-output,Failed merge vs bad output,INTERNAL
https://liftpdf.com/guides/why-does-merge-pdf-fail,https://liftpdf.com/guides/why-does-merge-pdf-fail#check-the-source-files,Check the source files,INTERNAL
https://liftpdf.com/guides/why-does-merge-pdf-fail,https://liftpdf.com/guides/why-does-merge-pdf-fail#check-size-and-device-limits,Check size and device limits,INTERNAL
https://liftpdf.com/guides/why-does-merge-pdf-fail,https://liftpdf.com/guides/why-does-merge-pdf-fail#privacy-and-browser-processing,Privacy and browser processing,INTERNAL
https://liftpdf.com/guides/why-does-merge-pdf-fail,https://liftpdf.com/guides/why-does-merge-pdf-fail#faq,FAQ,INTERNAL
https://liftpdf.com/guides/why-does-merge-pdf-fail,https://liftpdf.com/merge-pdf,Open Merge PDF,INTERNAL
https://liftpdf.com/guides/why-does-merge-pdf-fail,https://liftpdf.com/merge-pdf,Merge PDFCombine PDF files in the order you choose.,INTERNAL
https://liftpdf.com/guides/why-does-merge-pdf-fail,https://liftpdf.com/split-pdf,Split PDFSplit a PDF into ranges or one file per page.,INTERNAL
https://liftpdf.com/guides/why-does-merge-pdf-fail,https://liftpdf.com/delete-pages,Delete PagesRemove pages before merging documents together.,INTERNAL
https://liftpdf.com/guides/why-does-merge-pdf-fail,https://liftpdf.com/extract-pages,Extract PagesSave selected PDF pages into a new PDF.,INTERNAL
https://liftpdf.com/guides/why-does-merge-pdf-fail,https://liftpdf.com/reorder-pages,Reorder PagesMove pages into the right sequence after merging.,INTERNAL
https://liftpdf.com/guides/why-does-merge-pdf-fail,https://liftpdf.com/compress-pdf,Compress PDFRebuild the final merged PDF with safe compression.,INTERNAL
https://liftpdf.com/guides/why-does-merge-pdf-fail,https://liftpdf.com/learn,"Learning CenterBrowse PDF tutorials, comparisons and troubleshooting resources.",INTERNAL
https://liftpdf.com/guides/why-does-merge-pdf-fail,https://liftpdf.com/,LiftPDF,INTERNAL
https://liftpdf.com/guides/why-does-merge-pdf-fail,https://liftpdf.com/pdf-tools,All PDF Tools,INTERNAL
https://liftpdf.com/guides/why-does-merge-pdf-fail,https://liftpdf.com/jpg-to-pdf,JPG to PDF,INTERNAL
https://liftpdf.com/guides/why-does-merge-pdf-fail,https://liftpdf.com/merge-pdf,Merge PDF,INTERNAL
https://liftpdf.com/guides/why-does-merge-pdf-fail,https://liftpdf.com/compress-pdf,Compress PDF,INTERNAL
https://liftpdf.com/guides/why-does-merge-pdf-fail,https://liftpdf.com/pdf-converter,Convert PDF,INTERNAL
https://liftpdf.com/guides/why-does-merge-pdf-fail,https://liftpdf.com/pdf-editor,Edit PDF,INTERNAL
https://liftpdf.com/guides/why-does-merge-pdf-fail,https://liftpdf.com/organize-pdf,Organize PDF,INTERNAL
https://liftpdf.com/guides/why-does-merge-pdf-fail,https://liftpdf.com/pdf-image-tools,Image Tools,INTERNAL
https://liftpdf.com/guides/why-does-merge-pdf-fail,https://liftpdf.com/pdf-security,Security,INTERNAL
https://liftpdf.com/guides/why-does-merge-pdf-fail,https://liftpdf.com/learn,Learning Center,INTERNAL
https://liftpdf.com/guides/why-does-merge-pdf-fail,https://liftpdf.com/guides,Guides,INTERNAL
https://liftpdf.com/guides/why-does-merge-pdf-fail,https://liftpdf.com/pdf-glossary,PDF Glossary,INTERNAL
https://liftpdf.com/guides/why-does-merge-pdf-fail,https://liftpdf.com/help,Help Center,INTERNAL
https://liftpdf.com/guides/why-does-merge-pdf-fail,https://liftpdf.com/privacy,Privacy,INTERNAL
https://liftpdf.com/guides/why-does-merge-pdf-fail,https://liftpdf.com/cookies,Cookies,INTERNAL
https://liftpdf.com/guides/why-does-merge-pdf-fail,https://liftpdf.com/security,Security,INTERNAL
https://liftpdf.com/guides/why-does-merge-pdf-fail,https://liftpdf.com/about,About,INTERNAL
https://liftpdf.com/guides/why-does-merge-pdf-fail,https://liftpdf.com/why-liftpdf,Why LiftPDF,INTERNAL
https://liftpdf.com/guides/why-does-merge-pdf-fail,https://liftpdf.com/terms,Terms,INTERNAL
https://liftpdf.com/guides/why-does-merge-pdf-fail,https://liftpdf.com/contact,Contact,INTERNAL
https://liftpdf.com/guides/why-cant-i-merge-protected-pdfs,https://liftpdf.com/,LiftPDF,INTERNAL
https://liftpdf.com/guides/why-cant-i-merge-protected-pdfs,https://liftpdf.com/pdf-tools,PDF Tools,INTERNAL
https://liftpdf.com/guides/why-cant-i-merge-protected-pdfs,https://liftpdf.com/learn,Learn,INTERNAL
https://liftpdf.com/guides/why-cant-i-merge-protected-pdfs,https://liftpdf.com/jpg-to-pdf,Image to PDF,INTERNAL
https://liftpdf.com/guides/why-cant-i-merge-protected-pdfs,https://liftpdf.com/pdf-converter,Convert,INTERNAL
https://liftpdf.com/guides/why-cant-i-merge-protected-pdfs,https://liftpdf.com/pdf-editor,Edit,INTERNAL
https://liftpdf.com/guides/why-cant-i-merge-protected-pdfs,https://liftpdf.com/jpg-to-pdf,Start Now,INTERNAL
https://liftpdf.com/guides/why-cant-i-merge-protected-pdfs,https://liftpdf.com/pdf-tools,PDF Tools,INTERNAL
https://liftpdf.com/guides/why-cant-i-merge-protected-pdfs,https://liftpdf.com/learn,Learn,INTERNAL
https://liftpdf.com/guides/why-cant-i-merge-protected-pdfs,https://liftpdf.com/jpg-to-pdf,Image to PDF,INTERNAL
https://liftpdf.com/guides/why-cant-i-merge-protected-pdfs,https://liftpdf.com/pdf-converter,Convert,INTERNAL
https://liftpdf.com/guides/why-cant-i-merge-protected-pdfs,https://liftpdf.com/pdf-editor,Edit,INTERNAL
https://liftpdf.com/guides/why-cant-i-merge-protected-pdfs,https://liftpdf.com/jpg-to-pdf,Start Now,INTERNAL
https://liftpdf.com/guides/why-cant-i-merge-protected-pdfs,https://liftpdf.com/merge-pdf,Unlock then merge,INTERNAL
https://liftpdf.com/guides/why-cant-i-merge-protected-pdfs,https://liftpdf.com/organize-pdf,Browse organize tools,INTERNAL
https://liftpdf.com/guides/why-cant-i-merge-protected-pdfs,https://liftpdf.com/merge-pdf,Unlock then merge,INTERNAL
https://liftpdf.com/guides/why-cant-i-merge-protected-pdfs,https://liftpdf.com/guides/why-cant-i-merge-protected-pdfs#quick-answer,Quick answer,INTERNAL
https://liftpdf.com/guides/why-cant-i-merge-protected-pdfs,https://liftpdf.com/guides/why-cant-i-merge-protected-pdfs#why-encryption-blocks-merging,Why encryption blocks merging,INTERNAL
https://liftpdf.com/guides/why-cant-i-merge-protected-pdfs,https://liftpdf.com/guides/why-cant-i-merge-protected-pdfs#the-safe-workflow,The safe workflow,INTERNAL
https://liftpdf.com/guides/why-cant-i-merge-protected-pdfs,https://liftpdf.com/guides/why-cant-i-merge-protected-pdfs#permissions-and-responsibility,Permissions and responsibility,INTERNAL
https://liftpdf.com/guides/why-cant-i-merge-protected-pdfs,https://liftpdf.com/guides/why-cant-i-merge-protected-pdfs#privacy-and-browser-processing,Privacy and browser processing,INTERNAL
https://liftpdf.com/guides/why-cant-i-merge-protected-pdfs,https://liftpdf.com/guides/why-cant-i-merge-protected-pdfs#faq,FAQ,INTERNAL
https://liftpdf.com/guides/why-cant-i-merge-protected-pdfs,https://liftpdf.com/merge-pdf,Unlock then merge,INTERNAL
https://liftpdf.com/guides/why-cant-i-merge-protected-pdfs,https://liftpdf.com/unlock-pdf,Unlock PDFRemove password protection when you have the correct password.,INTERNAL
https://liftpdf.com/guides/why-cant-i-merge-protected-pdfs,https://liftpdf.com/merge-pdf,Merge PDFCombine PDF files in the order you choose.,INTERNAL
https://liftpdf.com/guides/why-cant-i-merge-protected-pdfs,https://liftpdf.com/protect-pdf,Protect PDFEncrypt the final merged PDF after combining files.,INTERNAL
https://liftpdf.com/guides/why-cant-i-merge-protected-pdfs,https://liftpdf.com/split-pdf,Split PDFSplit a PDF into ranges or one file per page.,INTERNAL
https://liftpdf.com/guides/why-cant-i-merge-protected-pdfs,https://liftpdf.com/delete-pages,Delete PagesRemove pages before merging documents together.,INTERNAL
https://liftpdf.com/guides/why-cant-i-merge-protected-pdfs,https://liftpdf.com/extract-pages,Extract PagesSave selected PDF pages into a new PDF.,INTERNAL
https://liftpdf.com/guides/why-cant-i-merge-protected-pdfs,https://liftpdf.com/reorder-pages,Reorder PagesMove pages into the right sequence after merging.,INTERNAL
https://liftpdf.com/guides/why-cant-i-merge-protected-pdfs,https://liftpdf.com/,LiftPDF,INTERNAL
https://liftpdf.com/guides/why-cant-i-merge-protected-pdfs,https://liftpdf.com/pdf-tools,All PDF Tools,INTERNAL
https://liftpdf.com/guides/why-cant-i-merge-protected-pdfs,https://liftpdf.com/jpg-to-pdf,JPG to PDF,INTERNAL
https://liftpdf.com/guides/why-cant-i-merge-protected-pdfs,https://liftpdf.com/merge-pdf,Merge PDF,INTERNAL
https://liftpdf.com/guides/why-cant-i-merge-protected-pdfs,https://liftpdf.com/compress-pdf,Compress PDF,INTERNAL
https://liftpdf.com/guides/why-cant-i-merge-protected-pdfs,https://liftpdf.com/pdf-converter,Convert PDF,INTERNAL
https://liftpdf.com/guides/why-cant-i-merge-protected-pdfs,https://liftpdf.com/pdf-editor,Edit PDF,INTERNAL
https://liftpdf.com/guides/why-cant-i-merge-protected-pdfs,https://liftpdf.com/organize-pdf,Organize PDF,INTERNAL
https://liftpdf.com/guides/why-cant-i-merge-protected-pdfs,https://liftpdf.com/pdf-image-tools,Image Tools,INTERNAL
https://liftpdf.com/guides/why-cant-i-merge-protected-pdfs,https://liftpdf.com/pdf-security,Security,INTERNAL
https://liftpdf.com/guides/why-cant-i-merge-protected-pdfs,https://liftpdf.com/learn,Learning Center,INTERNAL
https://liftpdf.com/guides/why-cant-i-merge-protected-pdfs,https://liftpdf.com/guides,Guides,INTERNAL
https://liftpdf.com/guides/why-cant-i-merge-protected-pdfs,https://liftpdf.com/pdf-glossary,PDF Glossary,INTERNAL
https://liftpdf.com/guides/why-cant-i-merge-protected-pdfs,https://liftpdf.com/help,Help Center,INTERNAL
https://liftpdf.com/guides/why-cant-i-merge-protected-pdfs,https://liftpdf.com/privacy,Privacy,INTERNAL
https://liftpdf.com/guides/why-cant-i-merge-protected-pdfs,https://liftpdf.com/cookies,Cookies,INTERNAL
https://liftpdf.com/guides/why-cant-i-merge-protected-pdfs,https://liftpdf.com/security,Security,INTERNAL
https://liftpdf.com/guides/why-cant-i-merge-protected-pdfs,https://liftpdf.com/about,About,INTERNAL
https://liftpdf.com/guides/why-cant-i-merge-protected-pdfs,https://liftpdf.com/why-liftpdf,Why LiftPDF,INTERNAL
https://liftpdf.com/guides/why-cant-i-merge-protected-pdfs,https://liftpdf.com/terms,Terms,INTERNAL
https://liftpdf.com/guides/why-cant-i-merge-protected-pdfs,https://liftpdf.com/contact,Contact,INTERNAL
https://liftpdf.com/guides/merge-pdf-vs-combine-pdf,https://liftpdf.com/,LiftPDF,INTERNAL
https://liftpdf.com/guides/merge-pdf-vs-combine-pdf,https://liftpdf.com/pdf-tools,PDF Tools,INTERNAL
https://liftpdf.com/guides/merge-pdf-vs-combine-pdf,https://liftpdf.com/learn,Learn,INTERNAL
https://liftpdf.com/guides/merge-pdf-vs-combine-pdf,https://liftpdf.com/jpg-to-pdf,Image to PDF,INTERNAL
https://liftpdf.com/guides/merge-pdf-vs-combine-pdf,https://liftpdf.com/pdf-converter,Convert,INTERNAL
https://liftpdf.com/guides/merge-pdf-vs-combine-pdf,https://liftpdf.com/pdf-editor,Edit,INTERNAL
https://liftpdf.com/guides/merge-pdf-vs-combine-pdf,https://liftpdf.com/jpg-to-pdf,Start Now,INTERNAL
https://liftpdf.com/guides/merge-pdf-vs-combine-pdf,https://liftpdf.com/pdf-tools,PDF Tools,INTERNAL
https://liftpdf.com/guides/merge-pdf-vs-combine-pdf,https://liftpdf.com/learn,Learn,INTERNAL
https://liftpdf.com/guides/merge-pdf-vs-combine-pdf,https://liftpdf.com/jpg-to-pdf,Image to PDF,INTERNAL
https://liftpdf.com/guides/merge-pdf-vs-combine-pdf,https://liftpdf.com/pdf-converter,Convert,INTERNAL
https://liftpdf.com/guides/merge-pdf-vs-combine-pdf,https://liftpdf.com/pdf-editor,Edit,INTERNAL
https://liftpdf.com/guides/merge-pdf-vs-combine-pdf,https://liftpdf.com/jpg-to-pdf,Start Now,INTERNAL
https://liftpdf.com/guides/merge-pdf-vs-combine-pdf,https://liftpdf.com/merge-pdf,Merge or combine PDFs,INTERNAL
https://liftpdf.com/guides/merge-pdf-vs-combine-pdf,https://liftpdf.com/organize-pdf,Browse organize tools,INTERNAL
https://liftpdf.com/guides/merge-pdf-vs-combine-pdf,https://liftpdf.com/merge-pdf,Merge or combine PDFs,INTERNAL
https://liftpdf.com/guides/merge-pdf-vs-combine-pdf,https://liftpdf.com/guides/merge-pdf-vs-combine-pdf#quick-answer,Quick answer,INTERNAL
https://liftpdf.com/guides/merge-pdf-vs-combine-pdf,https://liftpdf.com/guides/merge-pdf-vs-combine-pdf#do-merge-and-combine-mean-the-same-thing,Do merge and combine mean the same thing?,INTERNAL
https://liftpdf.com/guides/merge-pdf-vs-combine-pdf,https://liftpdf.com/guides/merge-pdf-vs-combine-pdf#when-wording-matters,When wording matters,INTERNAL
https://liftpdf.com/guides/merge-pdf-vs-combine-pdf,https://liftpdf.com/guides/merge-pdf-vs-combine-pdf#the-file-order-controls-the-final-pdf,The file order controls the final PDF,INTERNAL
https://liftpdf.com/guides/merge-pdf-vs-combine-pdf,https://liftpdf.com/guides/merge-pdf-vs-combine-pdf#privacy-and-browser-processing,Privacy and browser processing,INTERNAL
https://liftpdf.com/guides/merge-pdf-vs-combine-pdf,https://liftpdf.com/guides/merge-pdf-vs-combine-pdf#faq,FAQ,INTERNAL
https://liftpdf.com/guides/merge-pdf-vs-combine-pdf,https://liftpdf.com/merge-pdf,Merge or combine PDFs,INTERNAL
https://liftpdf.com/guides/merge-pdf-vs-combine-pdf,https://liftpdf.com/merge-pdf,Merge PDFCombine PDF files in the order you choose.,INTERNAL
https://liftpdf.com/guides/merge-pdf-vs-combine-pdf,https://liftpdf.com/split-pdf,Split PDFSplit a PDF into ranges or one file per page.,INTERNAL
https://liftpdf.com/guides/merge-pdf-vs-combine-pdf,https://liftpdf.com/delete-pages,Delete PagesRemove pages before merging documents together.,INTERNAL
https://liftpdf.com/guides/merge-pdf-vs-combine-pdf,https://liftpdf.com/extract-pages,Extract PagesSave selected PDF pages into a new PDF.,INTERNAL
https://liftpdf.com/guides/merge-pdf-vs-combine-pdf,https://liftpdf.com/reorder-pages,Reorder PagesMove pages into the right sequence after merging.,INTERNAL
https://liftpdf.com/guides/merge-pdf-vs-combine-pdf,https://liftpdf.com/compress-pdf,Compress PDFRebuild the final merged PDF with safe compression.,INTERNAL
https://liftpdf.com/guides/merge-pdf-vs-combine-pdf,https://liftpdf.com/learn,"Learning CenterBrowse PDF tutorials, comparisons and troubleshooting resources.",INTERNAL
https://liftpdf.com/guides/merge-pdf-vs-combine-pdf,https://liftpdf.com/,LiftPDF,INTERNAL
https://liftpdf.com/guides/merge-pdf-vs-combine-pdf,https://liftpdf.com/pdf-tools,All PDF Tools,INTERNAL
https://liftpdf.com/guides/merge-pdf-vs-combine-pdf,https://liftpdf.com/jpg-to-pdf,JPG to PDF,INTERNAL
https://liftpdf.com/guides/merge-pdf-vs-combine-pdf,https://liftpdf.com/merge-pdf,Merge PDF,INTERNAL
https://liftpdf.com/guides/merge-pdf-vs-combine-pdf,https://liftpdf.com/compress-pdf,Compress PDF,INTERNAL
https://liftpdf.com/guides/merge-pdf-vs-combine-pdf,https://liftpdf.com/pdf-converter,Convert PDF,INTERNAL
https://liftpdf.com/guides/merge-pdf-vs-combine-pdf,https://liftpdf.com/pdf-editor,Edit PDF,INTERNAL
https://liftpdf.com/guides/merge-pdf-vs-combine-pdf,https://liftpdf.com/organize-pdf,Organize PDF,INTERNAL
https://liftpdf.com/guides/merge-pdf-vs-combine-pdf,https://liftpdf.com/pdf-image-tools,Image Tools,INTERNAL
https://liftpdf.com/guides/merge-pdf-vs-combine-pdf,https://liftpdf.com/pdf-security,Security,INTERNAL
https://liftpdf.com/guides/merge-pdf-vs-combine-pdf,https://liftpdf.com/learn,Learning Center,INTERNAL
https://liftpdf.com/guides/merge-pdf-vs-combine-pdf,https://liftpdf.com/guides,Guides,INTERNAL
https://liftpdf.com/guides/merge-pdf-vs-combine-pdf,https://liftpdf.com/pdf-glossary,PDF Glossary,INTERNAL
https://liftpdf.com/guides/merge-pdf-vs-combine-pdf,https://liftpdf.com/help,Help Center,INTERNAL
https://liftpdf.com/guides/merge-pdf-vs-combine-pdf,https://liftpdf.com/privacy,Privacy,INTERNAL
https://liftpdf.com/guides/merge-pdf-vs-combine-pdf,https://liftpdf.com/cookies,Cookies,INTERNAL
https://liftpdf.com/guides/merge-pdf-vs-combine-pdf,https://liftpdf.com/security,Security,INTERNAL
https://liftpdf.com/guides/merge-pdf-vs-combine-pdf,https://liftpdf.com/about,About,INTERNAL
https://liftpdf.com/guides/merge-pdf-vs-combine-pdf,https://liftpdf.com/why-liftpdf,Why LiftPDF,INTERNAL
https://liftpdf.com/guides/merge-pdf-vs-combine-pdf,https://liftpdf.com/terms,Terms,INTERNAL
https://liftpdf.com/guides/merge-pdf-vs-combine-pdf,https://liftpdf.com/contact,Contact,INTERNAL
https://liftpdf.com/guides/merge-pdf-vs-adobe,https://liftpdf.com/,LiftPDF,INTERNAL
https://liftpdf.com/guides/merge-pdf-vs-adobe,https://liftpdf.com/pdf-tools,PDF Tools,INTERNAL
https://liftpdf.com/guides/merge-pdf-vs-adobe,https://liftpdf.com/learn,Learn,INTERNAL
https://liftpdf.com/guides/merge-pdf-vs-adobe,https://liftpdf.com/jpg-to-pdf,Image to PDF,INTERNAL
https://liftpdf.com/guides/merge-pdf-vs-adobe,https://liftpdf.com/pdf-converter,Convert,INTERNAL
https://liftpdf.com/guides/merge-pdf-vs-adobe,https://liftpdf.com/pdf-editor,Edit,INTERNAL
https://liftpdf.com/guides/merge-pdf-vs-adobe,https://liftpdf.com/jpg-to-pdf,Start Now,INTERNAL
https://liftpdf.com/guides/merge-pdf-vs-adobe,https://liftpdf.com/pdf-tools,PDF Tools,INTERNAL
https://liftpdf.com/guides/merge-pdf-vs-adobe,https://liftpdf.com/learn,Learn,INTERNAL
https://liftpdf.com/guides/merge-pdf-vs-adobe,https://liftpdf.com/jpg-to-pdf,Image to PDF,INTERNAL
https://liftpdf.com/guides/merge-pdf-vs-adobe,https://liftpdf.com/pdf-converter,Convert,INTERNAL
https://liftpdf.com/guides/merge-pdf-vs-adobe,https://liftpdf.com/pdf-editor,Edit,INTERNAL
https://liftpdf.com/guides/merge-pdf-vs-adobe,https://liftpdf.com/jpg-to-pdf,Start Now,INTERNAL
https://liftpdf.com/guides/merge-pdf-vs-adobe,https://liftpdf.com/merge-pdf,Try LiftPDF Merge PDF,INTERNAL
https://liftpdf.com/guides/merge-pdf-vs-adobe,https://liftpdf.com/organize-pdf,Browse organize tools,INTERNAL
https://liftpdf.com/guides/merge-pdf-vs-adobe,https://liftpdf.com/merge-pdf,Try LiftPDF Merge PDF,INTERNAL
https://liftpdf.com/guides/merge-pdf-vs-adobe,https://liftpdf.com/guides/merge-pdf-vs-adobe#quick-answer,Quick answer,INTERNAL
https://liftpdf.com/guides/merge-pdf-vs-adobe,https://liftpdf.com/guides/merge-pdf-vs-adobe#where-adobe-is-stronger,Where Adobe is stronger,INTERNAL
https://liftpdf.com/guides/merge-pdf-vs-adobe,https://liftpdf.com/guides/merge-pdf-vs-adobe#where-liftpdf-is-simpler,Where LiftPDF is simpler,INTERNAL
https://liftpdf.com/guides/merge-pdf-vs-adobe,https://liftpdf.com/guides/merge-pdf-vs-adobe#which-one-should-you-use,Which one should you use?,INTERNAL
https://liftpdf.com/guides/merge-pdf-vs-adobe,https://liftpdf.com/guides/merge-pdf-vs-adobe#privacy-and-browser-processing,Privacy and browser processing,INTERNAL
https://liftpdf.com/guides/merge-pdf-vs-adobe,https://liftpdf.com/guides/merge-pdf-vs-adobe#faq,FAQ,INTERNAL
https://liftpdf.com/guides/merge-pdf-vs-adobe,https://liftpdf.com/merge-pdf,Try LiftPDF Merge PDF,INTERNAL
https://liftpdf.com/guides/merge-pdf-vs-adobe,https://liftpdf.com/merge-pdf,Merge PDFCombine PDF files in the order you choose.,INTERNAL
https://liftpdf.com/guides/merge-pdf-vs-adobe,https://liftpdf.com/split-pdf,Split PDFSplit a PDF into ranges or one file per page.,INTERNAL
https://liftpdf.com/guides/merge-pdf-vs-adobe,https://liftpdf.com/delete-pages,Delete PagesRemove pages before merging documents together.,INTERNAL
https://liftpdf.com/guides/merge-pdf-vs-adobe,https://liftpdf.com/extract-pages,Extract PagesSave selected PDF pages into a new PDF.,INTERNAL
https://liftpdf.com/guides/merge-pdf-vs-adobe,https://liftpdf.com/reorder-pages,Reorder PagesMove pages into the right sequence after merging.,INTERNAL
https://liftpdf.com/guides/merge-pdf-vs-adobe,https://liftpdf.com/compress-pdf,Compress PDFRebuild the final merged PDF with safe compression.,INTERNAL
https://liftpdf.com/guides/merge-pdf-vs-adobe,https://liftpdf.com/learn,"Learning CenterBrowse PDF tutorials, comparisons and troubleshooting resources.",INTERNAL
https://liftpdf.com/guides/merge-pdf-vs-adobe,https://liftpdf.com/,LiftPDF,INTERNAL
https://liftpdf.com/guides/merge-pdf-vs-adobe,https://liftpdf.com/pdf-tools,All PDF Tools,INTERNAL
https://liftpdf.com/guides/merge-pdf-vs-adobe,https://liftpdf.com/jpg-to-pdf,JPG to PDF,INTERNAL
https://liftpdf.com/guides/merge-pdf-vs-adobe,https://liftpdf.com/merge-pdf,Merge PDF,INTERNAL
https://liftpdf.com/guides/merge-pdf-vs-adobe,https://liftpdf.com/compress-pdf,Compress PDF,INTERNAL
https://liftpdf.com/guides/merge-pdf-vs-adobe,https://liftpdf.com/pdf-converter,Convert PDF,INTERNAL
https://liftpdf.com/guides/merge-pdf-vs-adobe,https://liftpdf.com/pdf-editor,Edit PDF,INTERNAL
https://liftpdf.com/guides/merge-pdf-vs-adobe,https://liftpdf.com/organize-pdf,Organize PDF,INTERNAL
https://liftpdf.com/guides/merge-pdf-vs-adobe,https://liftpdf.com/pdf-image-tools,Image Tools,INTERNAL
https://liftpdf.com/guides/merge-pdf-vs-adobe,https://liftpdf.com/pdf-security,Security,INTERNAL
https://liftpdf.com/guides/merge-pdf-vs-adobe,https://liftpdf.com/learn,Learning Center,INTERNAL
https://liftpdf.com/guides/merge-pdf-vs-adobe,https://liftpdf.com/guides,Guides,INTERNAL
https://liftpdf.com/guides/merge-pdf-vs-adobe,https://liftpdf.com/pdf-glossary,PDF Glossary,INTERNAL
https://liftpdf.com/guides/merge-pdf-vs-adobe,https://liftpdf.com/help,Help Center,INTERNAL
https://liftpdf.com/guides/merge-pdf-vs-adobe,https://liftpdf.com/privacy,Privacy,INTERNAL
https://liftpdf.com/guides/merge-pdf-vs-adobe,https://liftpdf.com/cookies,Cookies,INTERNAL
https://liftpdf.com/guides/merge-pdf-vs-adobe,https://liftpdf.com/security,Security,INTERNAL
https://liftpdf.com/guides/merge-pdf-vs-adobe,https://liftpdf.com/about,About,INTERNAL
https://liftpdf.com/guides/merge-pdf-vs-adobe,https://liftpdf.com/why-liftpdf,Why LiftPDF,INTERNAL
https://liftpdf.com/guides/merge-pdf-vs-adobe,https://liftpdf.com/terms,Terms,INTERNAL
https://liftpdf.com/guides/merge-pdf-vs-adobe,https://liftpdf.com/contact,Contact,INTERNAL
https://liftpdf.com/guides/merge-pdf-vs-smallpdf,https://liftpdf.com/,LiftPDF,INTERNAL
https://liftpdf.com/guides/merge-pdf-vs-smallpdf,https://liftpdf.com/pdf-tools,PDF Tools,INTERNAL
https://liftpdf.com/guides/merge-pdf-vs-smallpdf,https://liftpdf.com/learn,Learn,INTERNAL
https://liftpdf.com/guides/merge-pdf-vs-smallpdf,https://liftpdf.com/jpg-to-pdf,Image to PDF,INTERNAL
https://liftpdf.com/guides/merge-pdf-vs-smallpdf,https://liftpdf.com/pdf-converter,Convert,INTERNAL
https://liftpdf.com/guides/merge-pdf-vs-smallpdf,https://liftpdf.com/pdf-editor,Edit,INTERNAL
https://liftpdf.com/guides/merge-pdf-vs-smallpdf,https://liftpdf.com/jpg-to-pdf,Start Now,INTERNAL
https://liftpdf.com/guides/merge-pdf-vs-smallpdf,https://liftpdf.com/pdf-tools,PDF Tools,INTERNAL
https://liftpdf.com/guides/merge-pdf-vs-smallpdf,https://liftpdf.com/learn,Learn,INTERNAL
https://liftpdf.com/guides/merge-pdf-vs-smallpdf,https://liftpdf.com/jpg-to-pdf,Image to PDF,INTERNAL
https://liftpdf.com/guides/merge-pdf-vs-smallpdf,https://liftpdf.com/pdf-converter,Convert,INTERNAL
https://liftpdf.com/guides/merge-pdf-vs-smallpdf,https://liftpdf.com/pdf-editor,Edit,INTERNAL
https://liftpdf.com/guides/merge-pdf-vs-smallpdf,https://liftpdf.com/jpg-to-pdf,Start Now,INTERNAL
https://liftpdf.com/guides/merge-pdf-vs-smallpdf,https://liftpdf.com/merge-pdf,Try LiftPDF Merge PDF,INTERNAL
https://liftpdf.com/guides/merge-pdf-vs-smallpdf,https://liftpdf.com/organize-pdf,Browse organize tools,INTERNAL
https://liftpdf.com/guides/merge-pdf-vs-smallpdf,https://liftpdf.com/merge-pdf,Try LiftPDF Merge PDF,INTERNAL
https://liftpdf.com/guides/merge-pdf-vs-smallpdf,https://liftpdf.com/guides/merge-pdf-vs-smallpdf#quick-answer,Quick answer,INTERNAL
https://liftpdf.com/guides/merge-pdf-vs-smallpdf,https://liftpdf.com/guides/merge-pdf-vs-smallpdf#where-smallpdf-is-stronger,Where Smallpdf is stronger,INTERNAL
https://liftpdf.com/guides/merge-pdf-vs-smallpdf,https://liftpdf.com/guides/merge-pdf-vs-smallpdf#where-liftpdf-is-stronger,Where LiftPDF is stronger,INTERNAL
https://liftpdf.com/guides/merge-pdf-vs-smallpdf,https://liftpdf.com/guides/merge-pdf-vs-smallpdf#privacy-and-browser-processing,Privacy and browser processing,INTERNAL
https://liftpdf.com/guides/merge-pdf-vs-smallpdf,https://liftpdf.com/guides/merge-pdf-vs-smallpdf#the-practical-choice,The practical choice,INTERNAL
https://liftpdf.com/guides/merge-pdf-vs-smallpdf,https://liftpdf.com/guides/merge-pdf-vs-smallpdf#faq,FAQ,INTERNAL
https://liftpdf.com/guides/merge-pdf-vs-smallpdf,https://liftpdf.com/merge-pdf,Try LiftPDF Merge PDF,INTERNAL
https://liftpdf.com/guides/merge-pdf-vs-smallpdf,https://liftpdf.com/merge-pdf,Merge PDFCombine PDF files in the order you choose.,INTERNAL
https://liftpdf.com/guides/merge-pdf-vs-smallpdf,https://liftpdf.com/split-pdf,Split PDFSplit a PDF into ranges or one file per page.,INTERNAL
https://liftpdf.com/guides/merge-pdf-vs-smallpdf,https://liftpdf.com/delete-pages,Delete PagesRemove pages before merging documents together.,INTERNAL
https://liftpdf.com/guides/merge-pdf-vs-smallpdf,https://liftpdf.com/extract-pages,Extract PagesSave selected PDF pages into a new PDF.,INTERNAL
https://liftpdf.com/guides/merge-pdf-vs-smallpdf,https://liftpdf.com/reorder-pages,Reorder PagesMove pages into the right sequence after merging.,INTERNAL
https://liftpdf.com/guides/merge-pdf-vs-smallpdf,https://liftpdf.com/compress-pdf,Compress PDFRebuild the final merged PDF with safe compression.,INTERNAL
https://liftpdf.com/guides/merge-pdf-vs-smallpdf,https://liftpdf.com/learn,"Learning CenterBrowse PDF tutorials, comparisons and troubleshooting resources.",INTERNAL
https://liftpdf.com/guides/merge-pdf-vs-smallpdf,https://liftpdf.com/,LiftPDF,INTERNAL
https://liftpdf.com/guides/merge-pdf-vs-smallpdf,https://liftpdf.com/pdf-tools,All PDF Tools,INTERNAL
https://liftpdf.com/guides/merge-pdf-vs-smallpdf,https://liftpdf.com/jpg-to-pdf,JPG to PDF,INTERNAL
https://liftpdf.com/guides/merge-pdf-vs-smallpdf,https://liftpdf.com/merge-pdf,Merge PDF,INTERNAL
https://liftpdf.com/guides/merge-pdf-vs-smallpdf,https://liftpdf.com/compress-pdf,Compress PDF,INTERNAL
https://liftpdf.com/guides/merge-pdf-vs-smallpdf,https://liftpdf.com/pdf-converter,Convert PDF,INTERNAL
https://liftpdf.com/guides/merge-pdf-vs-smallpdf,https://liftpdf.com/pdf-editor,Edit PDF,INTERNAL
https://liftpdf.com/guides/merge-pdf-vs-smallpdf,https://liftpdf.com/organize-pdf,Organize PDF,INTERNAL
https://liftpdf.com/guides/merge-pdf-vs-smallpdf,https://liftpdf.com/pdf-image-tools,Image Tools,INTERNAL
https://liftpdf.com/guides/merge-pdf-vs-smallpdf,https://liftpdf.com/pdf-security,Security,INTERNAL
https://liftpdf.com/guides/merge-pdf-vs-smallpdf,https://liftpdf.com/learn,Learning Center,INTERNAL
https://liftpdf.com/guides/merge-pdf-vs-smallpdf,https://liftpdf.com/guides,Guides,INTERNAL
https://liftpdf.com/guides/merge-pdf-vs-smallpdf,https://liftpdf.com/pdf-glossary,PDF Glossary,INTERNAL
https://liftpdf.com/guides/merge-pdf-vs-smallpdf,https://liftpdf.com/help,Help Center,INTERNAL
https://liftpdf.com/guides/merge-pdf-vs-smallpdf,https://liftpdf.com/privacy,Privacy,INTERNAL
https://liftpdf.com/guides/merge-pdf-vs-smallpdf,https://liftpdf.com/cookies,Cookies,INTERNAL
https://liftpdf.com/guides/merge-pdf-vs-smallpdf,https://liftpdf.com/security,Security,INTERNAL
https://liftpdf.com/guides/merge-pdf-vs-smallpdf,https://liftpdf.com/about,About,INTERNAL
https://liftpdf.com/guides/merge-pdf-vs-smallpdf,https://liftpdf.com/why-liftpdf,Why LiftPDF,INTERNAL
https://liftpdf.com/guides/merge-pdf-vs-smallpdf,https://liftpdf.com/terms,Terms,INTERNAL
https://liftpdf.com/guides/merge-pdf-vs-smallpdf,https://liftpdf.com/contact,Contact,INTERNAL
https://liftpdf.com/guides/merge-pdf-vs-ilovepdf,https://liftpdf.com/,LiftPDF,INTERNAL
https://liftpdf.com/guides/merge-pdf-vs-ilovepdf,https://liftpdf.com/pdf-tools,PDF Tools,INTERNAL
https://liftpdf.com/guides/merge-pdf-vs-ilovepdf,https://liftpdf.com/learn,Learn,INTERNAL
https://liftpdf.com/guides/merge-pdf-vs-ilovepdf,https://liftpdf.com/jpg-to-pdf,Image to PDF,INTERNAL
https://liftpdf.com/guides/merge-pdf-vs-ilovepdf,https://liftpdf.com/pdf-converter,Convert,INTERNAL
https://liftpdf.com/guides/merge-pdf-vs-ilovepdf,https://liftpdf.com/pdf-editor,Edit,INTERNAL
https://liftpdf.com/guides/merge-pdf-vs-ilovepdf,https://liftpdf.com/jpg-to-pdf,Start Now,INTERNAL
https://liftpdf.com/guides/merge-pdf-vs-ilovepdf,https://liftpdf.com/pdf-tools,PDF Tools,INTERNAL
https://liftpdf.com/guides/merge-pdf-vs-ilovepdf,https://liftpdf.com/learn,Learn,INTERNAL
https://liftpdf.com/guides/merge-pdf-vs-ilovepdf,https://liftpdf.com/jpg-to-pdf,Image to PDF,INTERNAL
https://liftpdf.com/guides/merge-pdf-vs-ilovepdf,https://liftpdf.com/pdf-converter,Convert,INTERNAL
https://liftpdf.com/guides/merge-pdf-vs-ilovepdf,https://liftpdf.com/pdf-editor,Edit,INTERNAL
https://liftpdf.com/guides/merge-pdf-vs-ilovepdf,https://liftpdf.com/jpg-to-pdf,Start Now,INTERNAL
https://liftpdf.com/guides/merge-pdf-vs-ilovepdf,https://liftpdf.com/merge-pdf,Try LiftPDF Merge PDF,INTERNAL
https://liftpdf.com/guides/merge-pdf-vs-ilovepdf,https://liftpdf.com/organize-pdf,Browse organize tools,INTERNAL
https://liftpdf.com/guides/merge-pdf-vs-ilovepdf,https://liftpdf.com/merge-pdf,Try LiftPDF Merge PDF,INTERNAL
https://liftpdf.com/guides/merge-pdf-vs-ilovepdf,https://liftpdf.com/guides/merge-pdf-vs-ilovepdf#quick-answer,Quick answer,INTERNAL
https://liftpdf.com/guides/merge-pdf-vs-ilovepdf,https://liftpdf.com/guides/merge-pdf-vs-ilovepdf#where-ilovepdf-is-stronger,Where iLovePDF is stronger,INTERNAL
https://liftpdf.com/guides/merge-pdf-vs-ilovepdf,https://liftpdf.com/guides/merge-pdf-vs-ilovepdf#where-liftpdf-is-different,Where LiftPDF is different,INTERNAL
https://liftpdf.com/guides/merge-pdf-vs-ilovepdf,https://liftpdf.com/guides/merge-pdf-vs-ilovepdf#what-liftpdf-should-not-copy,What LiftPDF should not copy,INTERNAL
https://liftpdf.com/guides/merge-pdf-vs-ilovepdf,https://liftpdf.com/guides/merge-pdf-vs-ilovepdf#privacy-and-browser-processing,Privacy and browser processing,INTERNAL
https://liftpdf.com/guides/merge-pdf-vs-ilovepdf,https://liftpdf.com/guides/merge-pdf-vs-ilovepdf#faq,FAQ,INTERNAL
https://liftpdf.com/guides/merge-pdf-vs-ilovepdf,https://liftpdf.com/merge-pdf,Try LiftPDF Merge PDF,INTERNAL
https://liftpdf.com/guides/merge-pdf-vs-ilovepdf,https://liftpdf.com/merge-pdf,Merge PDFCombine PDF files in the order you choose.,INTERNAL
https://liftpdf.com/guides/merge-pdf-vs-ilovepdf,https://liftpdf.com/split-pdf,Split PDFSplit a PDF into ranges or one file per page.,INTERNAL
https://liftpdf.com/guides/merge-pdf-vs-ilovepdf,https://liftpdf.com/delete-pages,Delete PagesRemove pages before merging documents together.,INTERNAL
https://liftpdf.com/guides/merge-pdf-vs-ilovepdf,https://liftpdf.com/extract-pages,Extract PagesSave selected PDF pages into a new PDF.,INTERNAL
https://liftpdf.com/guides/merge-pdf-vs-ilovepdf,https://liftpdf.com/reorder-pages,Reorder PagesMove pages into the right sequence after merging.,INTERNAL
https://liftpdf.com/guides/merge-pdf-vs-ilovepdf,https://liftpdf.com/compress-pdf,Compress PDFRebuild the final merged PDF with safe compression.,INTERNAL
https://liftpdf.com/guides/merge-pdf-vs-ilovepdf,https://liftpdf.com/learn,"Learning CenterBrowse PDF tutorials, comparisons and troubleshooting resources.",INTERNAL
https://liftpdf.com/guides/merge-pdf-vs-ilovepdf,https://liftpdf.com/,LiftPDF,INTERNAL
https://liftpdf.com/guides/merge-pdf-vs-ilovepdf,https://liftpdf.com/pdf-tools,All PDF Tools,INTERNAL
https://liftpdf.com/guides/merge-pdf-vs-ilovepdf,https://liftpdf.com/jpg-to-pdf,JPG to PDF,INTERNAL
https://liftpdf.com/guides/merge-pdf-vs-ilovepdf,https://liftpdf.com/merge-pdf,Merge PDF,INTERNAL
https://liftpdf.com/guides/merge-pdf-vs-ilovepdf,https://liftpdf.com/compress-pdf,Compress PDF,INTERNAL
https://liftpdf.com/guides/merge-pdf-vs-ilovepdf,https://liftpdf.com/pdf-converter,Convert PDF,INTERNAL
https://liftpdf.com/guides/merge-pdf-vs-ilovepdf,https://liftpdf.com/pdf-editor,Edit PDF,INTERNAL
https://liftpdf.com/guides/merge-pdf-vs-ilovepdf,https://liftpdf.com/organize-pdf,Organize PDF,INTERNAL
https://liftpdf.com/guides/merge-pdf-vs-ilovepdf,https://liftpdf.com/pdf-image-tools,Image Tools,INTERNAL
https://liftpdf.com/guides/merge-pdf-vs-ilovepdf,https://liftpdf.com/pdf-security,Security,INTERNAL
https://liftpdf.com/guides/merge-pdf-vs-ilovepdf,https://liftpdf.com/learn,Learning Center,INTERNAL
https://liftpdf.com/guides/merge-pdf-vs-ilovepdf,https://liftpdf.com/guides,Guides,INTERNAL
https://liftpdf.com/guides/merge-pdf-vs-ilovepdf,https://liftpdf.com/pdf-glossary,PDF Glossary,INTERNAL
https://liftpdf.com/guides/merge-pdf-vs-ilovepdf,https://liftpdf.com/help,Help Center,INTERNAL
https://liftpdf.com/guides/merge-pdf-vs-ilovepdf,https://liftpdf.com/privacy,Privacy,INTERNAL
https://liftpdf.com/guides/merge-pdf-vs-ilovepdf,https://liftpdf.com/cookies,Cookies,INTERNAL
https://liftpdf.com/guides/merge-pdf-vs-ilovepdf,https://liftpdf.com/security,Security,INTERNAL
https://liftpdf.com/guides/merge-pdf-vs-ilovepdf,https://liftpdf.com/about,About,INTERNAL
https://liftpdf.com/guides/merge-pdf-vs-ilovepdf,https://liftpdf.com/why-liftpdf,Why LiftPDF,INTERNAL
https://liftpdf.com/guides/merge-pdf-vs-ilovepdf,https://liftpdf.com/terms,Terms,INTERNAL
https://liftpdf.com/guides/merge-pdf-vs-ilovepdf,https://liftpdf.com/contact,Contact,INTERNAL
https://liftpdf.com/guides/merge-pdf-faq,https://liftpdf.com/,LiftPDF,INTERNAL
https://liftpdf.com/guides/merge-pdf-faq,https://liftpdf.com/pdf-tools,PDF Tools,INTERNAL
https://liftpdf.com/guides/merge-pdf-faq,https://liftpdf.com/learn,Learn,INTERNAL
https://liftpdf.com/guides/merge-pdf-faq,https://liftpdf.com/jpg-to-pdf,Image to PDF,INTERNAL
https://liftpdf.com/guides/merge-pdf-faq,https://liftpdf.com/pdf-converter,Convert,INTERNAL
https://liftpdf.com/guides/merge-pdf-faq,https://liftpdf.com/pdf-editor,Edit,INTERNAL
https://liftpdf.com/guides/merge-pdf-faq,https://liftpdf.com/jpg-to-pdf,Start Now,INTERNAL
https://liftpdf.com/guides/merge-pdf-faq,https://liftpdf.com/pdf-tools,PDF Tools,INTERNAL
https://liftpdf.com/guides/merge-pdf-faq,https://liftpdf.com/learn,Learn,INTERNAL
https://liftpdf.com/guides/merge-pdf-faq,https://liftpdf.com/jpg-to-pdf,Image to PDF,INTERNAL
https://liftpdf.com/guides/merge-pdf-faq,https://liftpdf.com/pdf-converter,Convert,INTERNAL
https://liftpdf.com/guides/merge-pdf-faq,https://liftpdf.com/pdf-editor,Edit,INTERNAL
https://liftpdf.com/guides/merge-pdf-faq,https://liftpdf.com/jpg-to-pdf,Start Now,INTERNAL
https://liftpdf.com/guides/merge-pdf-faq,https://liftpdf.com/merge-pdf,Open Merge PDF,INTERNAL
https://liftpdf.com/guides/merge-pdf-faq,https://liftpdf.com/organize-pdf,Browse organize tools,INTERNAL
https://liftpdf.com/guides/merge-pdf-faq,https://liftpdf.com/merge-pdf,Open Merge PDF,INTERNAL
https://liftpdf.com/guides/merge-pdf-faq,https://liftpdf.com/guides/merge-pdf-faq#quick-answer,Quick answer,INTERNAL
https://liftpdf.com/guides/merge-pdf-faq,https://liftpdf.com/guides/merge-pdf-faq#the-short-answer,The short answer,INTERNAL
https://liftpdf.com/guides/merge-pdf-faq,https://liftpdf.com/guides/merge-pdf-faq#before-you-merge,Before you merge,INTERNAL
https://liftpdf.com/guides/merge-pdf-faq,https://liftpdf.com/guides/merge-pdf-faq#after-you-merge,After you merge,INTERNAL
https://liftpdf.com/guides/merge-pdf-faq,https://liftpdf.com/guides/merge-pdf-faq#privacy-and-browser-processing,Privacy and browser processing,INTERNAL
https://liftpdf.com/guides/merge-pdf-faq,https://liftpdf.com/guides/merge-pdf-faq#faq,FAQ,INTERNAL
https://liftpdf.com/guides/merge-pdf-faq,https://liftpdf.com/merge-pdf,Open Merge PDF,INTERNAL
https://liftpdf.com/guides/merge-pdf-faq,https://liftpdf.com/merge-pdf,Merge PDFCombine PDF files in the order you choose.,INTERNAL
https://liftpdf.com/guides/merge-pdf-faq,https://liftpdf.com/split-pdf,Split PDFSplit a PDF into ranges or one file per page.,INTERNAL
https://liftpdf.com/guides/merge-pdf-faq,https://liftpdf.com/delete-pages,Delete PagesRemove pages before merging documents together.,INTERNAL
https://liftpdf.com/guides/merge-pdf-faq,https://liftpdf.com/extract-pages,Extract PagesSave selected PDF pages into a new PDF.,INTERNAL
https://liftpdf.com/guides/merge-pdf-faq,https://liftpdf.com/reorder-pages,Reorder PagesMove pages into the right sequence after merging.,INTERNAL
https://liftpdf.com/guides/merge-pdf-faq,https://liftpdf.com/compress-pdf,Compress PDFRebuild the final merged PDF with safe compression.,INTERNAL
https://liftpdf.com/guides/merge-pdf-faq,https://liftpdf.com/learn,"Learning CenterBrowse PDF tutorials, comparisons and troubleshooting resources.",INTERNAL
https://liftpdf.com/guides/merge-pdf-faq,https://liftpdf.com/,LiftPDF,INTERNAL
https://liftpdf.com/guides/merge-pdf-faq,https://liftpdf.com/pdf-tools,All PDF Tools,INTERNAL
https://liftpdf.com/guides/merge-pdf-faq,https://liftpdf.com/jpg-to-pdf,JPG to PDF,INTERNAL
https://liftpdf.com/guides/merge-pdf-faq,https://liftpdf.com/merge-pdf,Merge PDF,INTERNAL
https://liftpdf.com/guides/merge-pdf-faq,https://liftpdf.com/compress-pdf,Compress PDF,INTERNAL
https://liftpdf.com/guides/merge-pdf-faq,https://liftpdf.com/pdf-converter,Convert PDF,INTERNAL
https://liftpdf.com/guides/merge-pdf-faq,https://liftpdf.com/pdf-editor,Edit PDF,INTERNAL
https://liftpdf.com/guides/merge-pdf-faq,https://liftpdf.com/organize-pdf,Organize PDF,INTERNAL
https://liftpdf.com/guides/merge-pdf-faq,https://liftpdf.com/pdf-image-tools,Image Tools,INTERNAL
https://liftpdf.com/guides/merge-pdf-faq,https://liftpdf.com/pdf-security,Security,INTERNAL
https://liftpdf.com/guides/merge-pdf-faq,https://liftpdf.com/learn,Learning Center,INTERNAL
https://liftpdf.com/guides/merge-pdf-faq,https://liftpdf.com/guides,Guides,INTERNAL
https://liftpdf.com/guides/merge-pdf-faq,https://liftpdf.com/pdf-glossary,PDF Glossary,INTERNAL
https://liftpdf.com/guides/merge-pdf-faq,https://liftpdf.com/help,Help Center,INTERNAL
https://liftpdf.com/guides/merge-pdf-faq,https://liftpdf.com/privacy,Privacy,INTERNAL
https://liftpdf.com/guides/merge-pdf-faq,https://liftpdf.com/cookies,Cookies,INTERNAL
https://liftpdf.com/guides/merge-pdf-faq,https://liftpdf.com/security,Security,INTERNAL
https://liftpdf.com/guides/merge-pdf-faq,https://liftpdf.com/about,About,INTERNAL
https://liftpdf.com/guides/merge-pdf-faq,https://liftpdf.com/why-liftpdf,Why LiftPDF,INTERNAL
https://liftpdf.com/guides/merge-pdf-faq,https://liftpdf.com/terms,Terms,INTERNAL
https://liftpdf.com/guides/merge-pdf-faq,https://liftpdf.com/contact,Contact,INTERNAL
https://liftpdf.com/guides/how-to-convert-jpg-to-pdf,https://liftpdf.com/,LiftPDF,INTERNAL
https://liftpdf.com/guides/how-to-convert-jpg-to-pdf,https://liftpdf.com/pdf-tools,PDF Tools,INTERNAL
https://liftpdf.com/guides/how-to-convert-jpg-to-pdf,https://liftpdf.com/learn,Learn,INTERNAL
https://liftpdf.com/guides/how-to-convert-jpg-to-pdf,https://liftpdf.com/jpg-to-pdf,Image to PDF,INTERNAL
https://liftpdf.com/guides/how-to-convert-jpg-to-pdf,https://liftpdf.com/pdf-converter,Convert,INTERNAL
https://liftpdf.com/guides/how-to-convert-jpg-to-pdf,https://liftpdf.com/pdf-editor,Edit,INTERNAL
https://liftpdf.com/guides/how-to-convert-jpg-to-pdf,https://liftpdf.com/jpg-to-pdf,Start Now,INTERNAL
https://liftpdf.com/guides/how-to-convert-jpg-to-pdf,https://liftpdf.com/pdf-tools,PDF Tools,INTERNAL
https://liftpdf.com/guides/how-to-convert-jpg-to-pdf,https://liftpdf.com/learn,Learn,INTERNAL
https://liftpdf.com/guides/how-to-convert-jpg-to-pdf,https://liftpdf.com/jpg-to-pdf,Image to PDF,INTERNAL
https://liftpdf.com/guides/how-to-convert-jpg-to-pdf,https://liftpdf.com/pdf-converter,Convert,INTERNAL
https://liftpdf.com/guides/how-to-convert-jpg-to-pdf,https://liftpdf.com/pdf-editor,Edit,INTERNAL
https://liftpdf.com/guides/how-to-convert-jpg-to-pdf,https://liftpdf.com/jpg-to-pdf,Start Now,INTERNAL
https://liftpdf.com/guides/how-to-convert-jpg-to-pdf,https://liftpdf.com/jpg-to-pdf,Convert JPG to PDF,INTERNAL
https://liftpdf.com/guides/how-to-convert-jpg-to-pdf,https://liftpdf.com/pdf-image-tools,Browse image tools,INTERNAL
https://liftpdf.com/guides/how-to-convert-jpg-to-pdf,https://liftpdf.com/jpg-to-pdf,Convert JPG to PDF,INTERNAL
https://liftpdf.com/guides/how-to-convert-jpg-to-pdf,https://liftpdf.com/guides/how-to-convert-jpg-to-pdf#quick-answer,Quick answer,INTERNAL
https://liftpdf.com/guides/how-to-convert-jpg-to-pdf,https://liftpdf.com/guides/how-to-convert-jpg-to-pdf#when-jpg-to-pdf-is-the-right-choice,When JPG to PDF is the right choice,INTERNAL
https://liftpdf.com/guides/how-to-convert-jpg-to-pdf,https://liftpdf.com/guides/how-to-convert-jpg-to-pdf#how-to-keep-the-pdf-looking-sharp,How to keep the PDF looking sharp,INTERNAL
https://liftpdf.com/guides/how-to-convert-jpg-to-pdf,https://liftpdf.com/guides/how-to-convert-jpg-to-pdf#page-size-orientation-and-margins,"Page size, orientation and margins",INTERNAL
https://liftpdf.com/guides/how-to-convert-jpg-to-pdf,https://liftpdf.com/guides/how-to-convert-jpg-to-pdf#privacy-and-browser-processing,Privacy and browser processing,INTERNAL
https://liftpdf.com/guides/how-to-convert-jpg-to-pdf,https://liftpdf.com/guides/how-to-convert-jpg-to-pdf#example-phone-photos-into-one-submission,Example: phone photos into one submission,INTERNAL
https://liftpdf.com/guides/how-to-convert-jpg-to-pdf,https://liftpdf.com/guides/how-to-convert-jpg-to-pdf#quality-checklist-before-converting,Quality checklist before converting,INTERNAL
https://liftpdf.com/guides/how-to-convert-jpg-to-pdf,https://liftpdf.com/guides/how-to-convert-jpg-to-pdf#decision-table,Layout choices,INTERNAL
https://liftpdf.com/guides/how-to-convert-jpg-to-pdf,https://liftpdf.com/guides/how-to-convert-jpg-to-pdf#faq,FAQ,INTERNAL
https://liftpdf.com/guides/how-to-convert-jpg-to-pdf,https://liftpdf.com/jpg-to-pdf,Convert JPG to PDF,INTERNAL
https://liftpdf.com/guides/how-to-convert-jpg-to-pdf,https://liftpdf.com/jpg-to-pdf,JPG to PDFConvert JPG images into a clean PDF document.,INTERNAL
https://liftpdf.com/guides/how-to-convert-jpg-to-pdf,https://liftpdf.com/png-to-pdf,PNG to PDFUse this for PNG screenshots or images with transparency.,INTERNAL
https://liftpdf.com/guides/how-to-convert-jpg-to-pdf,https://liftpdf.com/images-to-pdf,"Images to PDFCombine JPG, PNG and WEBP files in one PDF.",INTERNAL
https://liftpdf.com/guides/how-to-convert-jpg-to-pdf,https://liftpdf.com/pdf-to-jpg,PDF to JPGExport PDF pages back into JPG images.,INTERNAL
https://liftpdf.com/guides/how-to-convert-jpg-to-pdf,https://liftpdf.com/compress-pdf,Compress PDFReduce the final PDF size after conversion.,INTERNAL
https://liftpdf.com/guides/how-to-convert-jpg-to-pdf,https://liftpdf.com/merge-pdf,Merge PDFCombine the created PDF with other PDF documents.,INTERNAL
https://liftpdf.com/guides/how-to-convert-jpg-to-pdf,https://liftpdf.com/learn,"Learning CenterBrowse PDF tutorials, comparisons and troubleshooting resources.",INTERNAL
https://liftpdf.com/guides/how-to-convert-jpg-to-pdf,https://liftpdf.com/,LiftPDF,INTERNAL
https://liftpdf.com/guides/how-to-convert-jpg-to-pdf,https://liftpdf.com/pdf-tools,All PDF Tools,INTERNAL
https://liftpdf.com/guides/how-to-convert-jpg-to-pdf,https://liftpdf.com/jpg-to-pdf,JPG to PDF,INTERNAL
https://liftpdf.com/guides/how-to-convert-jpg-to-pdf,https://liftpdf.com/merge-pdf,Merge PDF,INTERNAL
https://liftpdf.com/guides/how-to-convert-jpg-to-pdf,https://liftpdf.com/compress-pdf,Compress PDF,INTERNAL
https://liftpdf.com/guides/how-to-convert-jpg-to-pdf,https://liftpdf.com/pdf-converter,Convert PDF,INTERNAL
https://liftpdf.com/guides/how-to-convert-jpg-to-pdf,https://liftpdf.com/pdf-editor,Edit PDF,INTERNAL
https://liftpdf.com/guides/how-to-convert-jpg-to-pdf,https://liftpdf.com/organize-pdf,Organize PDF,INTERNAL
https://liftpdf.com/guides/how-to-convert-jpg-to-pdf,https://liftpdf.com/pdf-image-tools,Image Tools,INTERNAL
https://liftpdf.com/guides/how-to-convert-jpg-to-pdf,https://liftpdf.com/pdf-security,Security,INTERNAL
https://liftpdf.com/guides/how-to-convert-jpg-to-pdf,https://liftpdf.com/learn,Learning Center,INTERNAL
https://liftpdf.com/guides/how-to-convert-jpg-to-pdf,https://liftpdf.com/guides,Guides,INTERNAL
https://liftpdf.com/guides/how-to-convert-jpg-to-pdf,https://liftpdf.com/pdf-glossary,PDF Glossary,INTERNAL
https://liftpdf.com/guides/how-to-convert-jpg-to-pdf,https://liftpdf.com/help,Help Center,INTERNAL
https://liftpdf.com/guides/how-to-convert-jpg-to-pdf,https://liftpdf.com/privacy,Privacy,INTERNAL
https://liftpdf.com/guides/how-to-convert-jpg-to-pdf,https://liftpdf.com/cookies,Cookies,INTERNAL
https://liftpdf.com/guides/how-to-convert-jpg-to-pdf,https://liftpdf.com/security,Security,INTERNAL
https://liftpdf.com/guides/how-to-convert-jpg-to-pdf,https://liftpdf.com/about,About,INTERNAL
https://liftpdf.com/guides/how-to-convert-jpg-to-pdf,https://liftpdf.com/why-liftpdf,Why LiftPDF,INTERNAL
https://liftpdf.com/guides/how-to-convert-jpg-to-pdf,https://liftpdf.com/terms,Terms,INTERNAL
https://liftpdf.com/guides/how-to-convert-jpg-to-pdf,https://liftpdf.com/contact,Contact,INTERNAL
https://liftpdf.com/guides/how-to-convert-multiple-jpg-to-pdf,https://liftpdf.com/,LiftPDF,INTERNAL
https://liftpdf.com/guides/how-to-convert-multiple-jpg-to-pdf,https://liftpdf.com/pdf-tools,PDF Tools,INTERNAL
https://liftpdf.com/guides/how-to-convert-multiple-jpg-to-pdf,https://liftpdf.com/learn,Learn,INTERNAL
https://liftpdf.com/guides/how-to-convert-multiple-jpg-to-pdf,https://liftpdf.com/jpg-to-pdf,Image to PDF,INTERNAL
https://liftpdf.com/guides/how-to-convert-multiple-jpg-to-pdf,https://liftpdf.com/pdf-converter,Convert,INTERNAL
https://liftpdf.com/guides/how-to-convert-multiple-jpg-to-pdf,https://liftpdf.com/pdf-editor,Edit,INTERNAL
https://liftpdf.com/guides/how-to-convert-multiple-jpg-to-pdf,https://liftpdf.com/jpg-to-pdf,Start Now,INTERNAL
https://liftpdf.com/guides/how-to-convert-multiple-jpg-to-pdf,https://liftpdf.com/pdf-tools,PDF Tools,INTERNAL
https://liftpdf.com/guides/how-to-convert-multiple-jpg-to-pdf,https://liftpdf.com/learn,Learn,INTERNAL
https://liftpdf.com/guides/how-to-convert-multiple-jpg-to-pdf,https://liftpdf.com/jpg-to-pdf,Image to PDF,INTERNAL
https://liftpdf.com/guides/how-to-convert-multiple-jpg-to-pdf,https://liftpdf.com/pdf-converter,Convert,INTERNAL
https://liftpdf.com/guides/how-to-convert-multiple-jpg-to-pdf,https://liftpdf.com/pdf-editor,Edit,INTERNAL
https://liftpdf.com/guides/how-to-convert-multiple-jpg-to-pdf,https://liftpdf.com/jpg-to-pdf,Start Now,INTERNAL
https://liftpdf.com/guides/how-to-convert-multiple-jpg-to-pdf,https://liftpdf.com/jpg-to-pdf,Convert multiple JPGs,INTERNAL
https://liftpdf.com/guides/how-to-convert-multiple-jpg-to-pdf,https://liftpdf.com/pdf-image-tools,Browse image tools,INTERNAL
https://liftpdf.com/guides/how-to-convert-multiple-jpg-to-pdf,https://liftpdf.com/jpg-to-pdf,Convert multiple JPGs,INTERNAL
https://liftpdf.com/guides/how-to-convert-multiple-jpg-to-pdf,https://liftpdf.com/guides/how-to-convert-multiple-jpg-to-pdf#quick-answer,Quick answer,INTERNAL
https://liftpdf.com/guides/how-to-convert-multiple-jpg-to-pdf,https://liftpdf.com/guides/how-to-convert-multiple-jpg-to-pdf#the-order-matters-more-than-the-button,The order matters more than the button,INTERNAL
https://liftpdf.com/guides/how-to-convert-multiple-jpg-to-pdf,https://liftpdf.com/guides/how-to-convert-multiple-jpg-to-pdf#how-to-keep-the-pdf-looking-sharp,How to keep the PDF looking sharp,INTERNAL
https://liftpdf.com/guides/how-to-convert-multiple-jpg-to-pdf,https://liftpdf.com/guides/how-to-convert-multiple-jpg-to-pdf#when-the-final-pdf-becomes-large,When the final PDF becomes large,INTERNAL
https://liftpdf.com/guides/how-to-convert-multiple-jpg-to-pdf,https://liftpdf.com/guides/how-to-convert-multiple-jpg-to-pdf#privacy-and-browser-processing,Privacy and browser processing,INTERNAL
https://liftpdf.com/guides/how-to-convert-multiple-jpg-to-pdf,https://liftpdf.com/guides/how-to-convert-multiple-jpg-to-pdf#faq,FAQ,INTERNAL
https://liftpdf.com/guides/how-to-convert-multiple-jpg-to-pdf,https://liftpdf.com/jpg-to-pdf,Convert multiple JPGs,INTERNAL
https://liftpdf.com/guides/how-to-convert-multiple-jpg-to-pdf,https://liftpdf.com/jpg-to-pdf,JPG to PDFConvert JPG images into a clean PDF document.,INTERNAL
https://liftpdf.com/guides/how-to-convert-multiple-jpg-to-pdf,https://liftpdf.com/png-to-pdf,PNG to PDFUse this for PNG screenshots or images with transparency.,INTERNAL
https://liftpdf.com/guides/how-to-convert-multiple-jpg-to-pdf,https://liftpdf.com/images-to-pdf,"Images to PDFCombine JPG, PNG and WEBP files in one PDF.",INTERNAL
https://liftpdf.com/guides/how-to-convert-multiple-jpg-to-pdf,https://liftpdf.com/pdf-to-jpg,PDF to JPGExport PDF pages back into JPG images.,INTERNAL
https://liftpdf.com/guides/how-to-convert-multiple-jpg-to-pdf,https://liftpdf.com/compress-pdf,Compress PDFReduce the final PDF size after conversion.,INTERNAL
https://liftpdf.com/guides/how-to-convert-multiple-jpg-to-pdf,https://liftpdf.com/merge-pdf,Merge PDFCombine the created PDF with other PDF documents.,INTERNAL
https://liftpdf.com/guides/how-to-convert-multiple-jpg-to-pdf,https://liftpdf.com/learn,"Learning CenterBrowse PDF tutorials, comparisons and troubleshooting resources.",INTERNAL
https://liftpdf.com/guides/how-to-convert-multiple-jpg-to-pdf,https://liftpdf.com/,LiftPDF,INTERNAL
https://liftpdf.com/guides/how-to-convert-multiple-jpg-to-pdf,https://liftpdf.com/pdf-tools,All PDF Tools,INTERNAL
https://liftpdf.com/guides/how-to-convert-multiple-jpg-to-pdf,https://liftpdf.com/jpg-to-pdf,JPG to PDF,INTERNAL
https://liftpdf.com/guides/how-to-convert-multiple-jpg-to-pdf,https://liftpdf.com/merge-pdf,Merge PDF,INTERNAL
https://liftpdf.com/guides/how-to-convert-multiple-jpg-to-pdf,https://liftpdf.com/compress-pdf,Compress PDF,INTERNAL
https://liftpdf.com/guides/how-to-convert-multiple-jpg-to-pdf,https://liftpdf.com/pdf-converter,Convert PDF,INTERNAL
https://liftpdf.com/guides/how-to-convert-multiple-jpg-to-pdf,https://liftpdf.com/pdf-editor,Edit PDF,INTERNAL
https://liftpdf.com/guides/how-to-convert-multiple-jpg-to-pdf,https://liftpdf.com/organize-pdf,Organize PDF,INTERNAL
https://liftpdf.com/guides/how-to-convert-multiple-jpg-to-pdf,https://liftpdf.com/pdf-image-tools,Image Tools,INTERNAL
https://liftpdf.com/guides/how-to-convert-multiple-jpg-to-pdf,https://liftpdf.com/pdf-security,Security,INTERNAL
https://liftpdf.com/guides/how-to-convert-multiple-jpg-to-pdf,https://liftpdf.com/learn,Learning Center,INTERNAL
https://liftpdf.com/guides/how-to-convert-multiple-jpg-to-pdf,https://liftpdf.com/guides,Guides,INTERNAL
https://liftpdf.com/guides/how-to-convert-multiple-jpg-to-pdf,https://liftpdf.com/pdf-glossary,PDF Glossary,INTERNAL
https://liftpdf.com/guides/how-to-convert-multiple-jpg-to-pdf,https://liftpdf.com/help,Help Center,INTERNAL
https://liftpdf.com/guides/how-to-convert-multiple-jpg-to-pdf,https://liftpdf.com/privacy,Privacy,INTERNAL
https://liftpdf.com/guides/how-to-convert-multiple-jpg-to-pdf,https://liftpdf.com/cookies,Cookies,INTERNAL
https://liftpdf.com/guides/how-to-convert-multiple-jpg-to-pdf,https://liftpdf.com/security,Security,INTERNAL
https://liftpdf.com/guides/how-to-convert-multiple-jpg-to-pdf,https://liftpdf.com/about,About,INTERNAL
https://liftpdf.com/guides/how-to-convert-multiple-jpg-to-pdf,https://liftpdf.com/why-liftpdf,Why LiftPDF,INTERNAL
https://liftpdf.com/guides/how-to-convert-multiple-jpg-to-pdf,https://liftpdf.com/terms,Terms,INTERNAL
https://liftpdf.com/guides/how-to-convert-multiple-jpg-to-pdf,https://liftpdf.com/contact,Contact,INTERNAL
https://liftpdf.com/guides/how-to-convert-jpg-to-pdf-without-losing-quality,https://liftpdf.com/,LiftPDF,INTERNAL
https://liftpdf.com/guides/how-to-convert-jpg-to-pdf-without-losing-quality,https://liftpdf.com/pdf-tools,PDF Tools,INTERNAL
https://liftpdf.com/guides/how-to-convert-jpg-to-pdf-without-losing-quality,https://liftpdf.com/learn,Learn,INTERNAL
https://liftpdf.com/guides/how-to-convert-jpg-to-pdf-without-losing-quality,https://liftpdf.com/jpg-to-pdf,Image to PDF,INTERNAL
https://liftpdf.com/guides/how-to-convert-jpg-to-pdf-without-losing-quality,https://liftpdf.com/pdf-converter,Convert,INTERNAL
https://liftpdf.com/guides/how-to-convert-jpg-to-pdf-without-losing-quality,https://liftpdf.com/pdf-editor,Edit,INTERNAL
https://liftpdf.com/guides/how-to-convert-jpg-to-pdf-without-losing-quality,https://liftpdf.com/jpg-to-pdf,Start Now,INTERNAL
https://liftpdf.com/guides/how-to-convert-jpg-to-pdf-without-losing-quality,https://liftpdf.com/pdf-tools,PDF Tools,INTERNAL
https://liftpdf.com/guides/how-to-convert-jpg-to-pdf-without-losing-quality,https://liftpdf.com/learn,Learn,INTERNAL
https://liftpdf.com/guides/how-to-convert-jpg-to-pdf-without-losing-quality,https://liftpdf.com/jpg-to-pdf,Image to PDF,INTERNAL
https://liftpdf.com/guides/how-to-convert-jpg-to-pdf-without-losing-quality,https://liftpdf.com/pdf-converter,Convert,INTERNAL
https://liftpdf.com/guides/how-to-convert-jpg-to-pdf-without-losing-quality,https://liftpdf.com/pdf-editor,Edit,INTERNAL
https://liftpdf.com/guides/how-to-convert-jpg-to-pdf-without-losing-quality,https://liftpdf.com/jpg-to-pdf,Start Now,INTERNAL
https://liftpdf.com/guides/how-to-convert-jpg-to-pdf-without-losing-quality,https://liftpdf.com/jpg-to-pdf,Create high-quality PDF,INTERNAL
https://liftpdf.com/guides/how-to-convert-jpg-to-pdf-without-losing-quality,https://liftpdf.com/pdf-image-tools,Browse image tools,INTERNAL
https://liftpdf.com/guides/how-to-convert-jpg-to-pdf-without-losing-quality,https://liftpdf.com/jpg-to-pdf,Create high-quality PDF,INTERNAL
https://liftpdf.com/guides/how-to-convert-jpg-to-pdf-without-losing-quality,https://liftpdf.com/guides/how-to-convert-jpg-to-pdf-without-losing-quality#quick-answer,Quick answer,INTERNAL
https://liftpdf.com/guides/how-to-convert-jpg-to-pdf-without-losing-quality,https://liftpdf.com/guides/how-to-convert-jpg-to-pdf-without-losing-quality#how-to-keep-the-pdf-looking-sharp,How to keep the PDF looking sharp,INTERNAL
https://liftpdf.com/guides/how-to-convert-jpg-to-pdf-without-losing-quality,https://liftpdf.com/guides/how-to-convert-jpg-to-pdf-without-losing-quality#what-conversion-can-and-cannot-improve,What conversion can and cannot improve,INTERNAL
https://liftpdf.com/guides/how-to-convert-jpg-to-pdf-without-losing-quality,https://liftpdf.com/guides/how-to-convert-jpg-to-pdf-without-losing-quality#page-size-orientation-and-margins,"Page size, orientation and margins",INTERNAL
https://liftpdf.com/guides/how-to-convert-jpg-to-pdf-without-losing-quality,https://liftpdf.com/guides/how-to-convert-jpg-to-pdf-without-losing-quality#privacy-and-browser-processing,Privacy and browser processing,INTERNAL
https://liftpdf.com/guides/how-to-convert-jpg-to-pdf-without-losing-quality,https://liftpdf.com/guides/how-to-convert-jpg-to-pdf-without-losing-quality#faq,FAQ,INTERNAL
https://liftpdf.com/guides/how-to-convert-jpg-to-pdf-without-losing-quality,https://liftpdf.com/jpg-to-pdf,Create high-quality PDF,INTERNAL
https://liftpdf.com/guides/how-to-convert-jpg-to-pdf-without-losing-quality,https://liftpdf.com/jpg-to-pdf,JPG to PDFConvert JPG images into a clean PDF document.,INTERNAL
https://liftpdf.com/guides/how-to-convert-jpg-to-pdf-without-losing-quality,https://liftpdf.com/png-to-pdf,PNG to PDFUse this for PNG screenshots or images with transparency.,INTERNAL
https://liftpdf.com/guides/how-to-convert-jpg-to-pdf-without-losing-quality,https://liftpdf.com/images-to-pdf,"Images to PDFCombine JPG, PNG and WEBP files in one PDF.",INTERNAL
https://liftpdf.com/guides/how-to-convert-jpg-to-pdf-without-losing-quality,https://liftpdf.com/pdf-to-jpg,PDF to JPGExport PDF pages back into JPG images.,INTERNAL
https://liftpdf.com/guides/how-to-convert-jpg-to-pdf-without-losing-quality,https://liftpdf.com/compress-pdf,Compress PDFReduce the final PDF size after conversion.,INTERNAL
https://liftpdf.com/guides/how-to-convert-jpg-to-pdf-without-losing-quality,https://liftpdf.com/merge-pdf,Merge PDFCombine the created PDF with other PDF documents.,INTERNAL
https://liftpdf.com/guides/how-to-convert-jpg-to-pdf-without-losing-quality,https://liftpdf.com/learn,"Learning CenterBrowse PDF tutorials, comparisons and troubleshooting resources.",INTERNAL
https://liftpdf.com/guides/how-to-convert-jpg-to-pdf-without-losing-quality,https://liftpdf.com/,LiftPDF,INTERNAL
https://liftpdf.com/guides/how-to-convert-jpg-to-pdf-without-losing-quality,https://liftpdf.com/pdf-tools,All PDF Tools,INTERNAL
https://liftpdf.com/guides/how-to-convert-jpg-to-pdf-without-losing-quality,https://liftpdf.com/jpg-to-pdf,JPG to PDF,INTERNAL
https://liftpdf.com/guides/how-to-convert-jpg-to-pdf-without-losing-quality,https://liftpdf.com/merge-pdf,Merge PDF,INTERNAL
https://liftpdf.com/guides/how-to-convert-jpg-to-pdf-without-losing-quality,https://liftpdf.com/compress-pdf,Compress PDF,INTERNAL
https://liftpdf.com/guides/how-to-convert-jpg-to-pdf-without-losing-quality,https://liftpdf.com/pdf-converter,Convert PDF,INTERNAL
https://liftpdf.com/guides/how-to-convert-jpg-to-pdf-without-losing-quality,https://liftpdf.com/pdf-editor,Edit PDF,INTERNAL
https://liftpdf.com/guides/how-to-convert-jpg-to-pdf-without-losing-quality,https://liftpdf.com/organize-pdf,Organize PDF,INTERNAL
https://liftpdf.com/guides/how-to-convert-jpg-to-pdf-without-losing-quality,https://liftpdf.com/pdf-image-tools,Image Tools,INTERNAL
https://liftpdf.com/guides/how-to-convert-jpg-to-pdf-without-losing-quality,https://liftpdf.com/pdf-security,Security,INTERNAL
https://liftpdf.com/guides/how-to-convert-jpg-to-pdf-without-losing-quality,https://liftpdf.com/learn,Learning Center,INTERNAL
https://liftpdf.com/guides/how-to-convert-jpg-to-pdf-without-losing-quality,https://liftpdf.com/guides,Guides,INTERNAL
https://liftpdf.com/guides/how-to-convert-jpg-to-pdf-without-losing-quality,https://liftpdf.com/pdf-glossary,PDF Glossary,INTERNAL
https://liftpdf.com/guides/how-to-convert-jpg-to-pdf-without-losing-quality,https://liftpdf.com/help,Help Center,INTERNAL
https://liftpdf.com/guides/how-to-convert-jpg-to-pdf-without-losing-quality,https://liftpdf.com/privacy,Privacy,INTERNAL
https://liftpdf.com/guides/how-to-convert-jpg-to-pdf-without-losing-quality,https://liftpdf.com/cookies,Cookies,INTERNAL
https://liftpdf.com/guides/how-to-convert-jpg-to-pdf-without-losing-quality,https://liftpdf.com/security,Security,INTERNAL
https://liftpdf.com/guides/how-to-convert-jpg-to-pdf-without-losing-quality,https://liftpdf.com/about,About,INTERNAL
https://liftpdf.com/guides/how-to-convert-jpg-to-pdf-without-losing-quality,https://liftpdf.com/why-liftpdf,Why LiftPDF,INTERNAL
https://liftpdf.com/guides/how-to-convert-jpg-to-pdf-without-losing-quality,https://liftpdf.com/terms,Terms,INTERNAL
https://liftpdf.com/guides/how-to-convert-jpg-to-pdf-without-losing-quality,https://liftpdf.com/contact,Contact,INTERNAL
https://liftpdf.com/guides/jpg-to-pdf-online,https://liftpdf.com/,LiftPDF,INTERNAL
https://liftpdf.com/guides/jpg-to-pdf-online,https://liftpdf.com/pdf-tools,PDF Tools,INTERNAL
https://liftpdf.com/guides/jpg-to-pdf-online,https://liftpdf.com/learn,Learn,INTERNAL
https://liftpdf.com/guides/jpg-to-pdf-online,https://liftpdf.com/jpg-to-pdf,Image to PDF,INTERNAL
https://liftpdf.com/guides/jpg-to-pdf-online,https://liftpdf.com/pdf-converter,Convert,INTERNAL
https://liftpdf.com/guides/jpg-to-pdf-online,https://liftpdf.com/pdf-editor,Edit,INTERNAL
https://liftpdf.com/guides/jpg-to-pdf-online,https://liftpdf.com/jpg-to-pdf,Start Now,INTERNAL
https://liftpdf.com/guides/jpg-to-pdf-online,https://liftpdf.com/pdf-tools,PDF Tools,INTERNAL
https://liftpdf.com/guides/jpg-to-pdf-online,https://liftpdf.com/learn,Learn,INTERNAL
https://liftpdf.com/guides/jpg-to-pdf-online,https://liftpdf.com/jpg-to-pdf,Image to PDF,INTERNAL
https://liftpdf.com/guides/jpg-to-pdf-online,https://liftpdf.com/pdf-converter,Convert,INTERNAL
https://liftpdf.com/guides/jpg-to-pdf-online,https://liftpdf.com/pdf-editor,Edit,INTERNAL
https://liftpdf.com/guides/jpg-to-pdf-online,https://liftpdf.com/jpg-to-pdf,Start Now,INTERNAL
https://liftpdf.com/guides/jpg-to-pdf-online,https://liftpdf.com/jpg-to-pdf,Use JPG to PDF online,INTERNAL
https://liftpdf.com/guides/jpg-to-pdf-online,https://liftpdf.com/pdf-image-tools,Browse image tools,INTERNAL
https://liftpdf.com/guides/jpg-to-pdf-online,https://liftpdf.com/jpg-to-pdf,Use JPG to PDF online,INTERNAL
https://liftpdf.com/guides/jpg-to-pdf-online,https://liftpdf.com/guides/jpg-to-pdf-online#quick-answer,Quick answer,INTERNAL
https://liftpdf.com/guides/jpg-to-pdf-online,https://liftpdf.com/guides/jpg-to-pdf-online#what-makes-a-good-online-converter,What makes a good online converter,INTERNAL
https://liftpdf.com/guides/jpg-to-pdf-online,https://liftpdf.com/guides/jpg-to-pdf-online#how-to-keep-the-pdf-looking-sharp,How to keep the PDF looking sharp,INTERNAL
https://liftpdf.com/guides/jpg-to-pdf-online,https://liftpdf.com/guides/jpg-to-pdf-online#privacy-and-browser-processing,Privacy and browser processing,INTERNAL
https://liftpdf.com/guides/jpg-to-pdf-online,https://liftpdf.com/guides/jpg-to-pdf-online#faq,FAQ,INTERNAL
https://liftpdf.com/guides/jpg-to-pdf-online,https://liftpdf.com/jpg-to-pdf,Use JPG to PDF online,INTERNAL
https://liftpdf.com/guides/jpg-to-pdf-online,https://liftpdf.com/jpg-to-pdf,JPG to PDFConvert JPG images into a clean PDF document.,INTERNAL
https://liftpdf.com/guides/jpg-to-pdf-online,https://liftpdf.com/png-to-pdf,PNG to PDFUse this for PNG screenshots or images with transparency.,INTERNAL
https://liftpdf.com/guides/jpg-to-pdf-online,https://liftpdf.com/images-to-pdf,"Images to PDFCombine JPG, PNG and WEBP files in one PDF.",INTERNAL
https://liftpdf.com/guides/jpg-to-pdf-online,https://liftpdf.com/pdf-to-jpg,PDF to JPGExport PDF pages back into JPG images.,INTERNAL
https://liftpdf.com/guides/jpg-to-pdf-online,https://liftpdf.com/compress-pdf,Compress PDFReduce the final PDF size after conversion.,INTERNAL
https://liftpdf.com/guides/jpg-to-pdf-online,https://liftpdf.com/merge-pdf,Merge PDFCombine the created PDF with other PDF documents.,INTERNAL
https://liftpdf.com/guides/jpg-to-pdf-online,https://liftpdf.com/learn,"Learning CenterBrowse PDF tutorials, comparisons and troubleshooting resources.",INTERNAL
https://liftpdf.com/guides/jpg-to-pdf-online,https://liftpdf.com/,LiftPDF,INTERNAL
https://liftpdf.com/guides/jpg-to-pdf-online,https://liftpdf.com/pdf-tools,All PDF Tools,INTERNAL
https://liftpdf.com/guides/jpg-to-pdf-online,https://liftpdf.com/jpg-to-pdf,JPG to PDF,INTERNAL
https://liftpdf.com/guides/jpg-to-pdf-online,https://liftpdf.com/merge-pdf,Merge PDF,INTERNAL
https://liftpdf.com/guides/jpg-to-pdf-online,https://liftpdf.com/compress-pdf,Compress PDF,INTERNAL
https://liftpdf.com/guides/jpg-to-pdf-online,https://liftpdf.com/pdf-converter,Convert PDF,INTERNAL
https://liftpdf.com/guides/jpg-to-pdf-online,https://liftpdf.com/pdf-editor,Edit PDF,INTERNAL
https://liftpdf.com/guides/jpg-to-pdf-online,https://liftpdf.com/organize-pdf,Organize PDF,INTERNAL
https://liftpdf.com/guides/jpg-to-pdf-online,https://liftpdf.com/pdf-image-tools,Image Tools,INTERNAL
https://liftpdf.com/guides/jpg-to-pdf-online,https://liftpdf.com/pdf-security,Security,INTERNAL
https://liftpdf.com/guides/jpg-to-pdf-online,https://liftpdf.com/learn,Learning Center,INTERNAL
https://liftpdf.com/guides/jpg-to-pdf-online,https://liftpdf.com/guides,Guides,INTERNAL
https://liftpdf.com/guides/jpg-to-pdf-online,https://liftpdf.com/pdf-glossary,PDF Glossary,INTERNAL
https://liftpdf.com/guides/jpg-to-pdf-online,https://liftpdf.com/help,Help Center,INTERNAL
https://liftpdf.com/guides/jpg-to-pdf-online,https://liftpdf.com/privacy,Privacy,INTERNAL
https://liftpdf.com/guides/jpg-to-pdf-online,https://liftpdf.com/cookies,Cookies,INTERNAL
https://liftpdf.com/guides/jpg-to-pdf-online,https://liftpdf.com/security,Security,INTERNAL
https://liftpdf.com/guides/jpg-to-pdf-online,https://liftpdf.com/about,About,INTERNAL
https://liftpdf.com/guides/jpg-to-pdf-online,https://liftpdf.com/why-liftpdf,Why LiftPDF,INTERNAL
https://liftpdf.com/guides/jpg-to-pdf-online,https://liftpdf.com/terms,Terms,INTERNAL
https://liftpdf.com/guides/jpg-to-pdf-online,https://liftpdf.com/contact,Contact,INTERNAL
https://liftpdf.com/guides/jpg-to-pdf-without-adobe,https://liftpdf.com/,LiftPDF,INTERNAL
https://liftpdf.com/guides/jpg-to-pdf-without-adobe,https://liftpdf.com/pdf-tools,PDF Tools,INTERNAL
https://liftpdf.com/guides/jpg-to-pdf-without-adobe,https://liftpdf.com/learn,Learn,INTERNAL
https://liftpdf.com/guides/jpg-to-pdf-without-adobe,https://liftpdf.com/jpg-to-pdf,Image to PDF,INTERNAL
https://liftpdf.com/guides/jpg-to-pdf-without-adobe,https://liftpdf.com/pdf-converter,Convert,INTERNAL
https://liftpdf.com/guides/jpg-to-pdf-without-adobe,https://liftpdf.com/pdf-editor,Edit,INTERNAL
https://liftpdf.com/guides/jpg-to-pdf-without-adobe,https://liftpdf.com/jpg-to-pdf,Start Now,INTERNAL
https://liftpdf.com/guides/jpg-to-pdf-without-adobe,https://liftpdf.com/pdf-tools,PDF Tools,INTERNAL
https://liftpdf.com/guides/jpg-to-pdf-without-adobe,https://liftpdf.com/learn,Learn,INTERNAL
https://liftpdf.com/guides/jpg-to-pdf-without-adobe,https://liftpdf.com/jpg-to-pdf,Image to PDF,INTERNAL
https://liftpdf.com/guides/jpg-to-pdf-without-adobe,https://liftpdf.com/pdf-converter,Convert,INTERNAL
https://liftpdf.com/guides/jpg-to-pdf-without-adobe,https://liftpdf.com/pdf-editor,Edit,INTERNAL
https://liftpdf.com/guides/jpg-to-pdf-without-adobe,https://liftpdf.com/jpg-to-pdf,Start Now,INTERNAL
https://liftpdf.com/guides/jpg-to-pdf-without-adobe,https://liftpdf.com/jpg-to-pdf,Convert without Adobe,INTERNAL
https://liftpdf.com/guides/jpg-to-pdf-without-adobe,https://liftpdf.com/pdf-image-tools,Browse image tools,INTERNAL
https://liftpdf.com/guides/jpg-to-pdf-without-adobe,https://liftpdf.com/jpg-to-pdf,Convert without Adobe,INTERNAL
https://liftpdf.com/guides/jpg-to-pdf-without-adobe,https://liftpdf.com/guides/jpg-to-pdf-without-adobe#quick-answer,Quick answer,INTERNAL
https://liftpdf.com/guides/jpg-to-pdf-without-adobe,https://liftpdf.com/guides/jpg-to-pdf-without-adobe#when-adobe-is-useful,When Adobe is useful,INTERNAL
https://liftpdf.com/guides/jpg-to-pdf-without-adobe,https://liftpdf.com/guides/jpg-to-pdf-without-adobe#when-liftpdf-is-the-simpler-choice,When LiftPDF is the simpler choice,INTERNAL
https://liftpdf.com/guides/jpg-to-pdf-without-adobe,https://liftpdf.com/guides/jpg-to-pdf-without-adobe#how-to-keep-the-pdf-looking-sharp,How to keep the PDF looking sharp,INTERNAL
https://liftpdf.com/guides/jpg-to-pdf-without-adobe,https://liftpdf.com/guides/jpg-to-pdf-without-adobe#privacy-and-browser-processing,Privacy and browser processing,INTERNAL
https://liftpdf.com/guides/jpg-to-pdf-without-adobe,https://liftpdf.com/guides/jpg-to-pdf-without-adobe#faq,FAQ,INTERNAL
https://liftpdf.com/guides/jpg-to-pdf-without-adobe,https://liftpdf.com/jpg-to-pdf,Convert without Adobe,INTERNAL
https://liftpdf.com/guides/jpg-to-pdf-without-adobe,https://liftpdf.com/jpg-to-pdf,JPG to PDFConvert JPG images into a clean PDF document.,INTERNAL
https://liftpdf.com/guides/jpg-to-pdf-without-adobe,https://liftpdf.com/png-to-pdf,PNG to PDFUse this for PNG screenshots or images with transparency.,INTERNAL
https://liftpdf.com/guides/jpg-to-pdf-without-adobe,https://liftpdf.com/images-to-pdf,"Images to PDFCombine JPG, PNG and WEBP files in one PDF.",INTERNAL
https://liftpdf.com/guides/jpg-to-pdf-without-adobe,https://liftpdf.com/pdf-to-jpg,PDF to JPGExport PDF pages back into JPG images.,INTERNAL
https://liftpdf.com/guides/jpg-to-pdf-without-adobe,https://liftpdf.com/compress-pdf,Compress PDFReduce the final PDF size after conversion.,INTERNAL
https://liftpdf.com/guides/jpg-to-pdf-without-adobe,https://liftpdf.com/merge-pdf,Merge PDFCombine the created PDF with other PDF documents.,INTERNAL
https://liftpdf.com/guides/jpg-to-pdf-without-adobe,https://liftpdf.com/learn,"Learning CenterBrowse PDF tutorials, comparisons and troubleshooting resources.",INTERNAL
https://liftpdf.com/guides/jpg-to-pdf-without-adobe,https://liftpdf.com/,LiftPDF,INTERNAL
https://liftpdf.com/guides/jpg-to-pdf-without-adobe,https://liftpdf.com/pdf-tools,All PDF Tools,INTERNAL
https://liftpdf.com/guides/jpg-to-pdf-without-adobe,https://liftpdf.com/jpg-to-pdf,JPG to PDF,INTERNAL
https://liftpdf.com/guides/jpg-to-pdf-without-adobe,https://liftpdf.com/merge-pdf,Merge PDF,INTERNAL
https://liftpdf.com/guides/jpg-to-pdf-without-adobe,https://liftpdf.com/compress-pdf,Compress PDF,INTERNAL
https://liftpdf.com/guides/jpg-to-pdf-without-adobe,https://liftpdf.com/pdf-converter,Convert PDF,INTERNAL
https://liftpdf.com/guides/jpg-to-pdf-without-adobe,https://liftpdf.com/pdf-editor,Edit PDF,INTERNAL
https://liftpdf.com/guides/jpg-to-pdf-without-adobe,https://liftpdf.com/organize-pdf,Organize PDF,INTERNAL
https://liftpdf.com/guides/jpg-to-pdf-without-adobe,https://liftpdf.com/pdf-image-tools,Image Tools,INTERNAL
https://liftpdf.com/guides/jpg-to-pdf-without-adobe,https://liftpdf.com/pdf-security,Security,INTERNAL
https://liftpdf.com/guides/jpg-to-pdf-without-adobe,https://liftpdf.com/learn,Learning Center,INTERNAL
https://liftpdf.com/guides/jpg-to-pdf-without-adobe,https://liftpdf.com/guides,Guides,INTERNAL
https://liftpdf.com/guides/jpg-to-pdf-without-adobe,https://liftpdf.com/pdf-glossary,PDF Glossary,INTERNAL
https://liftpdf.com/guides/jpg-to-pdf-without-adobe,https://liftpdf.com/help,Help Center,INTERNAL
https://liftpdf.com/guides/jpg-to-pdf-without-adobe,https://liftpdf.com/privacy,Privacy,INTERNAL
https://liftpdf.com/guides/jpg-to-pdf-without-adobe,https://liftpdf.com/cookies,Cookies,INTERNAL
https://liftpdf.com/guides/jpg-to-pdf-without-adobe,https://liftpdf.com/security,Security,INTERNAL
https://liftpdf.com/guides/jpg-to-pdf-without-adobe,https://liftpdf.com/about,About,INTERNAL
https://liftpdf.com/guides/jpg-to-pdf-without-adobe,https://liftpdf.com/why-liftpdf,Why LiftPDF,INTERNAL
https://liftpdf.com/guides/jpg-to-pdf-without-adobe,https://liftpdf.com/terms,Terms,INTERNAL
https://liftpdf.com/guides/jpg-to-pdf-without-adobe,https://liftpdf.com/contact,Contact,INTERNAL
https://liftpdf.com/guides/jpg-to-pdf-free,https://liftpdf.com/,LiftPDF,INTERNAL
https://liftpdf.com/guides/jpg-to-pdf-free,https://liftpdf.com/pdf-tools,PDF Tools,INTERNAL
https://liftpdf.com/guides/jpg-to-pdf-free,https://liftpdf.com/learn,Learn,INTERNAL
https://liftpdf.com/guides/jpg-to-pdf-free,https://liftpdf.com/jpg-to-pdf,Image to PDF,INTERNAL
https://liftpdf.com/guides/jpg-to-pdf-free,https://liftpdf.com/pdf-converter,Convert,INTERNAL
https://liftpdf.com/guides/jpg-to-pdf-free,https://liftpdf.com/pdf-editor,Edit,INTERNAL
https://liftpdf.com/guides/jpg-to-pdf-free,https://liftpdf.com/jpg-to-pdf,Start Now,INTERNAL
https://liftpdf.com/guides/jpg-to-pdf-free,https://liftpdf.com/pdf-tools,PDF Tools,INTERNAL
https://liftpdf.com/guides/jpg-to-pdf-free,https://liftpdf.com/learn,Learn,INTERNAL
https://liftpdf.com/guides/jpg-to-pdf-free,https://liftpdf.com/jpg-to-pdf,Image to PDF,INTERNAL
https://liftpdf.com/guides/jpg-to-pdf-free,https://liftpdf.com/pdf-converter,Convert,INTERNAL
https://liftpdf.com/guides/jpg-to-pdf-free,https://liftpdf.com/pdf-editor,Edit,INTERNAL
https://liftpdf.com/guides/jpg-to-pdf-free,https://liftpdf.com/jpg-to-pdf,Start Now,INTERNAL
https://liftpdf.com/guides/jpg-to-pdf-free,https://liftpdf.com/jpg-to-pdf,Use free converter,INTERNAL
https://liftpdf.com/guides/jpg-to-pdf-free,https://liftpdf.com/pdf-image-tools,Browse image tools,INTERNAL
https://liftpdf.com/guides/jpg-to-pdf-free,https://liftpdf.com/jpg-to-pdf,Use free converter,INTERNAL
https://liftpdf.com/guides/jpg-to-pdf-free,https://liftpdf.com/guides/jpg-to-pdf-free#quick-answer,Quick answer,INTERNAL
https://liftpdf.com/guides/jpg-to-pdf-free,https://liftpdf.com/guides/jpg-to-pdf-free#what-free-should-mean,What free should mean,INTERNAL
https://liftpdf.com/guides/jpg-to-pdf-free,https://liftpdf.com/guides/jpg-to-pdf-free#how-to-keep-the-pdf-looking-sharp,How to keep the PDF looking sharp,INTERNAL
https://liftpdf.com/guides/jpg-to-pdf-free,https://liftpdf.com/guides/jpg-to-pdf-free#privacy-and-browser-processing,Privacy and browser processing,INTERNAL
https://liftpdf.com/guides/jpg-to-pdf-free,https://liftpdf.com/guides/jpg-to-pdf-free#faq,FAQ,INTERNAL
https://liftpdf.com/guides/jpg-to-pdf-free,https://liftpdf.com/jpg-to-pdf,Use free converter,INTERNAL
https://liftpdf.com/guides/jpg-to-pdf-free,https://liftpdf.com/jpg-to-pdf,JPG to PDFConvert JPG images into a clean PDF document.,INTERNAL
https://liftpdf.com/guides/jpg-to-pdf-free,https://liftpdf.com/png-to-pdf,PNG to PDFUse this for PNG screenshots or images with transparency.,INTERNAL
https://liftpdf.com/guides/jpg-to-pdf-free,https://liftpdf.com/images-to-pdf,"Images to PDFCombine JPG, PNG and WEBP files in one PDF.",INTERNAL
https://liftpdf.com/guides/jpg-to-pdf-free,https://liftpdf.com/pdf-to-jpg,PDF to JPGExport PDF pages back into JPG images.,INTERNAL
https://liftpdf.com/guides/jpg-to-pdf-free,https://liftpdf.com/compress-pdf,Compress PDFReduce the final PDF size after conversion.,INTERNAL
https://liftpdf.com/guides/jpg-to-pdf-free,https://liftpdf.com/merge-pdf,Merge PDFCombine the created PDF with other PDF documents.,INTERNAL
https://liftpdf.com/guides/jpg-to-pdf-free,https://liftpdf.com/learn,"Learning CenterBrowse PDF tutorials, comparisons and troubleshooting resources.",INTERNAL
https://liftpdf.com/guides/jpg-to-pdf-free,https://liftpdf.com/,LiftPDF,INTERNAL
https://liftpdf.com/guides/jpg-to-pdf-free,https://liftpdf.com/pdf-tools,All PDF Tools,INTERNAL
https://liftpdf.com/guides/jpg-to-pdf-free,https://liftpdf.com/jpg-to-pdf,JPG to PDF,INTERNAL
https://liftpdf.com/guides/jpg-to-pdf-free,https://liftpdf.com/merge-pdf,Merge PDF,INTERNAL
https://liftpdf.com/guides/jpg-to-pdf-free,https://liftpdf.com/compress-pdf,Compress PDF,INTERNAL
https://liftpdf.com/guides/jpg-to-pdf-free,https://liftpdf.com/pdf-converter,Convert PDF,INTERNAL
https://liftpdf.com/guides/jpg-to-pdf-free,https://liftpdf.com/pdf-editor,Edit PDF,INTERNAL
https://liftpdf.com/guides/jpg-to-pdf-free,https://liftpdf.com/organize-pdf,Organize PDF,INTERNAL
https://liftpdf.com/guides/jpg-to-pdf-free,https://liftpdf.com/pdf-image-tools,Image Tools,INTERNAL
https://liftpdf.com/guides/jpg-to-pdf-free,https://liftpdf.com/pdf-security,Security,INTERNAL
https://liftpdf.com/guides/jpg-to-pdf-free,https://liftpdf.com/learn,Learning Center,INTERNAL
https://liftpdf.com/guides/jpg-to-pdf-free,https://liftpdf.com/guides,Guides,INTERNAL
https://liftpdf.com/guides/jpg-to-pdf-free,https://liftpdf.com/pdf-glossary,PDF Glossary,INTERNAL
https://liftpdf.com/guides/jpg-to-pdf-free,https://liftpdf.com/help,Help Center,INTERNAL
https://liftpdf.com/guides/jpg-to-pdf-free,https://liftpdf.com/privacy,Privacy,INTERNAL
https://liftpdf.com/guides/jpg-to-pdf-free,https://liftpdf.com/cookies,Cookies,INTERNAL
https://liftpdf.com/guides/jpg-to-pdf-free,https://liftpdf.com/security,Security,INTERNAL
https://liftpdf.com/guides/jpg-to-pdf-free,https://liftpdf.com/about,About,INTERNAL
https://liftpdf.com/guides/jpg-to-pdf-free,https://liftpdf.com/why-liftpdf,Why LiftPDF,INTERNAL
https://liftpdf.com/guides/jpg-to-pdf-free,https://liftpdf.com/terms,Terms,INTERNAL
https://liftpdf.com/guides/jpg-to-pdf-free,https://liftpdf.com/contact,Contact,INTERNAL
https://liftpdf.com/guides/why-is-my-jpg-blurry-after-pdf,https://liftpdf.com/,LiftPDF,INTERNAL
https://liftpdf.com/guides/why-is-my-jpg-blurry-after-pdf,https://liftpdf.com/pdf-tools,PDF Tools,INTERNAL
https://liftpdf.com/guides/why-is-my-jpg-blurry-after-pdf,https://liftpdf.com/learn,Learn,INTERNAL
https://liftpdf.com/guides/why-is-my-jpg-blurry-after-pdf,https://liftpdf.com/jpg-to-pdf,Image to PDF,INTERNAL
https://liftpdf.com/guides/why-is-my-jpg-blurry-after-pdf,https://liftpdf.com/pdf-converter,Convert,INTERNAL
https://liftpdf.com/guides/why-is-my-jpg-blurry-after-pdf,https://liftpdf.com/pdf-editor,Edit,INTERNAL
https://liftpdf.com/guides/why-is-my-jpg-blurry-after-pdf,https://liftpdf.com/jpg-to-pdf,Start Now,INTERNAL
https://liftpdf.com/guides/why-is-my-jpg-blurry-after-pdf,https://liftpdf.com/pdf-tools,PDF Tools,INTERNAL
https://liftpdf.com/guides/why-is-my-jpg-blurry-after-pdf,https://liftpdf.com/learn,Learn,INTERNAL
https://liftpdf.com/guides/why-is-my-jpg-blurry-after-pdf,https://liftpdf.com/jpg-to-pdf,Image to PDF,INTERNAL
https://liftpdf.com/guides/why-is-my-jpg-blurry-after-pdf,https://liftpdf.com/pdf-converter,Convert,INTERNAL
https://liftpdf.com/guides/why-is-my-jpg-blurry-after-pdf,https://liftpdf.com/pdf-editor,Edit,INTERNAL
https://liftpdf.com/guides/why-is-my-jpg-blurry-after-pdf,https://liftpdf.com/jpg-to-pdf,Start Now,INTERNAL
https://liftpdf.com/guides/why-is-my-jpg-blurry-after-pdf,https://liftpdf.com/jpg-to-pdf,Convert with preview,INTERNAL
https://liftpdf.com/guides/why-is-my-jpg-blurry-after-pdf,https://liftpdf.com/pdf-image-tools,Browse image tools,INTERNAL
https://liftpdf.com/guides/why-is-my-jpg-blurry-after-pdf,https://liftpdf.com/jpg-to-pdf,Convert with preview,INTERNAL
https://liftpdf.com/guides/why-is-my-jpg-blurry-after-pdf,https://liftpdf.com/guides/why-is-my-jpg-blurry-after-pdf#quick-answer,Quick answer,INTERNAL
https://liftpdf.com/guides/why-is-my-jpg-blurry-after-pdf,https://liftpdf.com/guides/why-is-my-jpg-blurry-after-pdf#the-common-causes,The common causes,INTERNAL
https://liftpdf.com/guides/why-is-my-jpg-blurry-after-pdf,https://liftpdf.com/guides/why-is-my-jpg-blurry-after-pdf#how-to-keep-the-pdf-looking-sharp,How to keep the PDF looking sharp,INTERNAL
https://liftpdf.com/guides/why-is-my-jpg-blurry-after-pdf,https://liftpdf.com/guides/why-is-my-jpg-blurry-after-pdf#page-size-orientation-and-margins,"Page size, orientation and margins",INTERNAL
https://liftpdf.com/guides/why-is-my-jpg-blurry-after-pdf,https://liftpdf.com/guides/why-is-my-jpg-blurry-after-pdf#privacy-and-browser-processing,Privacy and browser processing,INTERNAL
https://liftpdf.com/guides/why-is-my-jpg-blurry-after-pdf,https://liftpdf.com/guides/why-is-my-jpg-blurry-after-pdf#blurry-output-usually-starts-with-the-source-image,Blurry output usually starts with the source image,INTERNAL
https://liftpdf.com/guides/why-is-my-jpg-blurry-after-pdf,https://liftpdf.com/guides/why-is-my-jpg-blurry-after-pdf#faq,FAQ,INTERNAL
https://liftpdf.com/guides/why-is-my-jpg-blurry-after-pdf,https://liftpdf.com/jpg-to-pdf,Convert with preview,INTERNAL
https://liftpdf.com/guides/why-is-my-jpg-blurry-after-pdf,https://liftpdf.com/jpg-to-pdf,JPG to PDFConvert JPG images into a clean PDF document.,INTERNAL
https://liftpdf.com/guides/why-is-my-jpg-blurry-after-pdf,https://liftpdf.com/png-to-pdf,PNG to PDFUse this for PNG screenshots or images with transparency.,INTERNAL
https://liftpdf.com/guides/why-is-my-jpg-blurry-after-pdf,https://liftpdf.com/images-to-pdf,"Images to PDFCombine JPG, PNG and WEBP files in one PDF.",INTERNAL
https://liftpdf.com/guides/why-is-my-jpg-blurry-after-pdf,https://liftpdf.com/pdf-to-jpg,PDF to JPGExport PDF pages back into JPG images.,INTERNAL
https://liftpdf.com/guides/why-is-my-jpg-blurry-after-pdf,https://liftpdf.com/compress-pdf,Compress PDFReduce the final PDF size after conversion.,INTERNAL
https://liftpdf.com/guides/why-is-my-jpg-blurry-after-pdf,https://liftpdf.com/merge-pdf,Merge PDFCombine the created PDF with other PDF documents.,INTERNAL
https://liftpdf.com/guides/why-is-my-jpg-blurry-after-pdf,https://liftpdf.com/learn,"Learning CenterBrowse PDF tutorials, comparisons and troubleshooting resources.",INTERNAL
https://liftpdf.com/guides/why-is-my-jpg-blurry-after-pdf,https://liftpdf.com/,LiftPDF,INTERNAL
https://liftpdf.com/guides/why-is-my-jpg-blurry-after-pdf,https://liftpdf.com/pdf-tools,All PDF Tools,INTERNAL
https://liftpdf.com/guides/why-is-my-jpg-blurry-after-pdf,https://liftpdf.com/jpg-to-pdf,JPG to PDF,INTERNAL
https://liftpdf.com/guides/why-is-my-jpg-blurry-after-pdf,https://liftpdf.com/merge-pdf,Merge PDF,INTERNAL
https://liftpdf.com/guides/why-is-my-jpg-blurry-after-pdf,https://liftpdf.com/compress-pdf,Compress PDF,INTERNAL
https://liftpdf.com/guides/why-is-my-jpg-blurry-after-pdf,https://liftpdf.com/pdf-converter,Convert PDF,INTERNAL
https://liftpdf.com/guides/why-is-my-jpg-blurry-after-pdf,https://liftpdf.com/pdf-editor,Edit PDF,INTERNAL
https://liftpdf.com/guides/why-is-my-jpg-blurry-after-pdf,https://liftpdf.com/organize-pdf,Organize PDF,INTERNAL
https://liftpdf.com/guides/why-is-my-jpg-blurry-after-pdf,https://liftpdf.com/pdf-image-tools,Image Tools,INTERNAL
https://liftpdf.com/guides/why-is-my-jpg-blurry-after-pdf,https://liftpdf.com/pdf-security,Security,INTERNAL
https://liftpdf.com/guides/why-is-my-jpg-blurry-after-pdf,https://liftpdf.com/learn,Learning Center,INTERNAL
https://liftpdf.com/guides/why-is-my-jpg-blurry-after-pdf,https://liftpdf.com/guides,Guides,INTERNAL
https://liftpdf.com/guides/why-is-my-jpg-blurry-after-pdf,https://liftpdf.com/pdf-glossary,PDF Glossary,INTERNAL
https://liftpdf.com/guides/why-is-my-jpg-blurry-after-pdf,https://liftpdf.com/help,Help Center,INTERNAL
https://liftpdf.com/guides/why-is-my-jpg-blurry-after-pdf,https://liftpdf.com/privacy,Privacy,INTERNAL
https://liftpdf.com/guides/why-is-my-jpg-blurry-after-pdf,https://liftpdf.com/cookies,Cookies,INTERNAL
https://liftpdf.com/guides/why-is-my-jpg-blurry-after-pdf,https://liftpdf.com/security,Security,INTERNAL
https://liftpdf.com/guides/why-is-my-jpg-blurry-after-pdf,https://liftpdf.com/about,About,INTERNAL
https://liftpdf.com/guides/why-is-my-jpg-blurry-after-pdf,https://liftpdf.com/why-liftpdf,Why LiftPDF,INTERNAL
https://liftpdf.com/guides/why-is-my-jpg-blurry-after-pdf,https://liftpdf.com/terms,Terms,INTERNAL
https://liftpdf.com/guides/why-is-my-jpg-blurry-after-pdf,https://liftpdf.com/contact,Contact,INTERNAL
https://liftpdf.com/guides/why-is-my-pdf-too-large-after-converting-jpg,https://liftpdf.com/,LiftPDF,INTERNAL
https://liftpdf.com/guides/why-is-my-pdf-too-large-after-converting-jpg,https://liftpdf.com/pdf-tools,PDF Tools,INTERNAL
https://liftpdf.com/guides/why-is-my-pdf-too-large-after-converting-jpg,https://liftpdf.com/learn,Learn,INTERNAL
https://liftpdf.com/guides/why-is-my-pdf-too-large-after-converting-jpg,https://liftpdf.com/jpg-to-pdf,Image to PDF,INTERNAL
https://liftpdf.com/guides/why-is-my-pdf-too-large-after-converting-jpg,https://liftpdf.com/pdf-converter,Convert,INTERNAL
https://liftpdf.com/guides/why-is-my-pdf-too-large-after-converting-jpg,https://liftpdf.com/pdf-editor,Edit,INTERNAL
https://liftpdf.com/guides/why-is-my-pdf-too-large-after-converting-jpg,https://liftpdf.com/jpg-to-pdf,Start Now,INTERNAL
https://liftpdf.com/guides/why-is-my-pdf-too-large-after-converting-jpg,https://liftpdf.com/pdf-tools,PDF Tools,INTERNAL
https://liftpdf.com/guides/why-is-my-pdf-too-large-after-converting-jpg,https://liftpdf.com/learn,Learn,INTERNAL
https://liftpdf.com/guides/why-is-my-pdf-too-large-after-converting-jpg,https://liftpdf.com/jpg-to-pdf,Image to PDF,INTERNAL
https://liftpdf.com/guides/why-is-my-pdf-too-large-after-converting-jpg,https://liftpdf.com/pdf-converter,Convert,INTERNAL
https://liftpdf.com/guides/why-is-my-pdf-too-large-after-converting-jpg,https://liftpdf.com/pdf-editor,Edit,INTERNAL
https://liftpdf.com/guides/why-is-my-pdf-too-large-after-converting-jpg,https://liftpdf.com/jpg-to-pdf,Start Now,INTERNAL
https://liftpdf.com/guides/why-is-my-pdf-too-large-after-converting-jpg,https://liftpdf.com/jpg-to-pdf,Create image PDF,INTERNAL
https://liftpdf.com/guides/why-is-my-pdf-too-large-after-converting-jpg,https://liftpdf.com/pdf-image-tools,Browse image tools,INTERNAL
https://liftpdf.com/guides/why-is-my-pdf-too-large-after-converting-jpg,https://liftpdf.com/jpg-to-pdf,Create image PDF,INTERNAL
https://liftpdf.com/guides/why-is-my-pdf-too-large-after-converting-jpg,https://liftpdf.com/guides/why-is-my-pdf-too-large-after-converting-jpg#quick-answer,Quick answer,INTERNAL
https://liftpdf.com/guides/why-is-my-pdf-too-large-after-converting-jpg,https://liftpdf.com/guides/why-is-my-pdf-too-large-after-converting-jpg#why-image-pdfs-grow-quickly,Why image PDFs grow quickly,INTERNAL
https://liftpdf.com/guides/why-is-my-pdf-too-large-after-converting-jpg,https://liftpdf.com/guides/why-is-my-pdf-too-large-after-converting-jpg#best-fixes,Best fixes,INTERNAL
https://liftpdf.com/guides/why-is-my-pdf-too-large-after-converting-jpg,https://liftpdf.com/guides/why-is-my-pdf-too-large-after-converting-jpg#privacy-and-browser-processing,Privacy and browser processing,INTERNAL
https://liftpdf.com/guides/why-is-my-pdf-too-large-after-converting-jpg,https://liftpdf.com/guides/why-is-my-pdf-too-large-after-converting-jpg#faq,FAQ,INTERNAL
https://liftpdf.com/guides/why-is-my-pdf-too-large-after-converting-jpg,https://liftpdf.com/jpg-to-pdf,Create image PDF,INTERNAL
https://liftpdf.com/guides/why-is-my-pdf-too-large-after-converting-jpg,https://liftpdf.com/jpg-to-pdf,JPG to PDFConvert JPG images into a clean PDF document.,INTERNAL
https://liftpdf.com/guides/why-is-my-pdf-too-large-after-converting-jpg,https://liftpdf.com/png-to-pdf,PNG to PDFUse this for PNG screenshots or images with transparency.,INTERNAL
https://liftpdf.com/guides/why-is-my-pdf-too-large-after-converting-jpg,https://liftpdf.com/images-to-pdf,"Images to PDFCombine JPG, PNG and WEBP files in one PDF.",INTERNAL
https://liftpdf.com/guides/why-is-my-pdf-too-large-after-converting-jpg,https://liftpdf.com/pdf-to-jpg,PDF to JPGExport PDF pages back into JPG images.,INTERNAL
https://liftpdf.com/guides/why-is-my-pdf-too-large-after-converting-jpg,https://liftpdf.com/compress-pdf,Compress PDFReduce the final PDF size after conversion.,INTERNAL
https://liftpdf.com/guides/why-is-my-pdf-too-large-after-converting-jpg,https://liftpdf.com/merge-pdf,Merge PDFCombine the created PDF with other PDF documents.,INTERNAL
https://liftpdf.com/guides/why-is-my-pdf-too-large-after-converting-jpg,https://liftpdf.com/learn,"Learning CenterBrowse PDF tutorials, comparisons and troubleshooting resources.",INTERNAL
https://liftpdf.com/guides/why-is-my-pdf-too-large-after-converting-jpg,https://liftpdf.com/,LiftPDF,INTERNAL
https://liftpdf.com/guides/why-is-my-pdf-too-large-after-converting-jpg,https://liftpdf.com/pdf-tools,All PDF Tools,INTERNAL
https://liftpdf.com/guides/why-is-my-pdf-too-large-after-converting-jpg,https://liftpdf.com/jpg-to-pdf,JPG to PDF,INTERNAL
https://liftpdf.com/guides/why-is-my-pdf-too-large-after-converting-jpg,https://liftpdf.com/merge-pdf,Merge PDF,INTERNAL
https://liftpdf.com/guides/why-is-my-pdf-too-large-after-converting-jpg,https://liftpdf.com/compress-pdf,Compress PDF,INTERNAL
https://liftpdf.com/guides/why-is-my-pdf-too-large-after-converting-jpg,https://liftpdf.com/pdf-converter,Convert PDF,INTERNAL
https://liftpdf.com/guides/why-is-my-pdf-too-large-after-converting-jpg,https://liftpdf.com/pdf-editor,Edit PDF,INTERNAL
https://liftpdf.com/guides/why-is-my-pdf-too-large-after-converting-jpg,https://liftpdf.com/organize-pdf,Organize PDF,INTERNAL
https://liftpdf.com/guides/why-is-my-pdf-too-large-after-converting-jpg,https://liftpdf.com/pdf-image-tools,Image Tools,INTERNAL
https://liftpdf.com/guides/why-is-my-pdf-too-large-after-converting-jpg,https://liftpdf.com/pdf-security,Security,INTERNAL
https://liftpdf.com/guides/why-is-my-pdf-too-large-after-converting-jpg,https://liftpdf.com/learn,Learning Center,INTERNAL
https://liftpdf.com/guides/why-is-my-pdf-too-large-after-converting-jpg,https://liftpdf.com/guides,Guides,INTERNAL
https://liftpdf.com/guides/why-is-my-pdf-too-large-after-converting-jpg,https://liftpdf.com/pdf-glossary,PDF Glossary,INTERNAL
https://liftpdf.com/guides/why-is-my-pdf-too-large-after-converting-jpg,https://liftpdf.com/help,Help Center,INTERNAL
https://liftpdf.com/guides/why-is-my-pdf-too-large-after-converting-jpg,https://liftpdf.com/privacy,Privacy,INTERNAL
https://liftpdf.com/guides/why-is-my-pdf-too-large-after-converting-jpg,https://liftpdf.com/cookies,Cookies,INTERNAL
https://liftpdf.com/guides/why-is-my-pdf-too-large-after-converting-jpg,https://liftpdf.com/security,Security,INTERNAL
https://liftpdf.com/guides/why-is-my-pdf-too-large-after-converting-jpg,https://liftpdf.com/about,About,INTERNAL
https://liftpdf.com/guides/why-is-my-pdf-too-large-after-converting-jpg,https://liftpdf.com/why-liftpdf,Why LiftPDF,INTERNAL
https://liftpdf.com/guides/why-is-my-pdf-too-large-after-converting-jpg,https://liftpdf.com/terms,Terms,INTERNAL
https://liftpdf.com/guides/why-is-my-pdf-too-large-after-converting-jpg,https://liftpdf.com/contact,Contact,INTERNAL
https://liftpdf.com/guides/why-cant-i-convert-jpg-to-pdf,https://liftpdf.com/,LiftPDF,INTERNAL
https://liftpdf.com/guides/why-cant-i-convert-jpg-to-pdf,https://liftpdf.com/pdf-tools,PDF Tools,INTERNAL
https://liftpdf.com/guides/why-cant-i-convert-jpg-to-pdf,https://liftpdf.com/learn,Learn,INTERNAL
https://liftpdf.com/guides/why-cant-i-convert-jpg-to-pdf,https://liftpdf.com/jpg-to-pdf,Image to PDF,INTERNAL
https://liftpdf.com/guides/why-cant-i-convert-jpg-to-pdf,https://liftpdf.com/pdf-converter,Convert,INTERNAL
https://liftpdf.com/guides/why-cant-i-convert-jpg-to-pdf,https://liftpdf.com/pdf-editor,Edit,INTERNAL
https://liftpdf.com/guides/why-cant-i-convert-jpg-to-pdf,https://liftpdf.com/jpg-to-pdf,Start Now,INTERNAL
https://liftpdf.com/guides/why-cant-i-convert-jpg-to-pdf,https://liftpdf.com/pdf-tools,PDF Tools,INTERNAL
https://liftpdf.com/guides/why-cant-i-convert-jpg-to-pdf,https://liftpdf.com/learn,Learn,INTERNAL
https://liftpdf.com/guides/why-cant-i-convert-jpg-to-pdf,https://liftpdf.com/jpg-to-pdf,Image to PDF,INTERNAL
https://liftpdf.com/guides/why-cant-i-convert-jpg-to-pdf,https://liftpdf.com/pdf-converter,Convert,INTERNAL
https://liftpdf.com/guides/why-cant-i-convert-jpg-to-pdf,https://liftpdf.com/pdf-editor,Edit,INTERNAL
https://liftpdf.com/guides/why-cant-i-convert-jpg-to-pdf,https://liftpdf.com/jpg-to-pdf,Start Now,INTERNAL
https://liftpdf.com/guides/why-cant-i-convert-jpg-to-pdf,https://liftpdf.com/jpg-to-pdf,Try JPG to PDF again,INTERNAL
https://liftpdf.com/guides/why-cant-i-convert-jpg-to-pdf,https://liftpdf.com/pdf-image-tools,Browse image tools,INTERNAL
https://liftpdf.com/guides/why-cant-i-convert-jpg-to-pdf,https://liftpdf.com/jpg-to-pdf,Try JPG to PDF again,INTERNAL
https://liftpdf.com/guides/why-cant-i-convert-jpg-to-pdf,https://liftpdf.com/guides/why-cant-i-convert-jpg-to-pdf#quick-answer,Quick answer,INTERNAL
https://liftpdf.com/guides/why-cant-i-convert-jpg-to-pdf,https://liftpdf.com/guides/why-cant-i-convert-jpg-to-pdf#check-the-file-type-first,Check the file type first,INTERNAL
https://liftpdf.com/guides/why-cant-i-convert-jpg-to-pdf,https://liftpdf.com/guides/why-cant-i-convert-jpg-to-pdf#large-images-and-memory,Large images and memory,INTERNAL
https://liftpdf.com/guides/why-cant-i-convert-jpg-to-pdf,https://liftpdf.com/guides/why-cant-i-convert-jpg-to-pdf#privacy-and-browser-processing,Privacy and browser processing,INTERNAL
https://liftpdf.com/guides/why-cant-i-convert-jpg-to-pdf,https://liftpdf.com/guides/why-cant-i-convert-jpg-to-pdf#faq,FAQ,INTERNAL
https://liftpdf.com/guides/why-cant-i-convert-jpg-to-pdf,https://liftpdf.com/jpg-to-pdf,Try JPG to PDF again,INTERNAL
https://liftpdf.com/guides/why-cant-i-convert-jpg-to-pdf,https://liftpdf.com/jpg-to-pdf,JPG to PDFConvert JPG images into a clean PDF document.,INTERNAL
https://liftpdf.com/guides/why-cant-i-convert-jpg-to-pdf,https://liftpdf.com/png-to-pdf,PNG to PDFUse this for PNG screenshots or images with transparency.,INTERNAL
https://liftpdf.com/guides/why-cant-i-convert-jpg-to-pdf,https://liftpdf.com/images-to-pdf,"Images to PDFCombine JPG, PNG and WEBP files in one PDF.",INTERNAL
https://liftpdf.com/guides/why-cant-i-convert-jpg-to-pdf,https://liftpdf.com/pdf-to-jpg,PDF to JPGExport PDF pages back into JPG images.,INTERNAL
https://liftpdf.com/guides/why-cant-i-convert-jpg-to-pdf,https://liftpdf.com/compress-pdf,Compress PDFReduce the final PDF size after conversion.,INTERNAL
https://liftpdf.com/guides/why-cant-i-convert-jpg-to-pdf,https://liftpdf.com/merge-pdf,Merge PDFCombine the created PDF with other PDF documents.,INTERNAL
https://liftpdf.com/guides/why-cant-i-convert-jpg-to-pdf,https://liftpdf.com/learn,"Learning CenterBrowse PDF tutorials, comparisons and troubleshooting resources.",INTERNAL
https://liftpdf.com/guides/why-cant-i-convert-jpg-to-pdf,https://liftpdf.com/,LiftPDF,INTERNAL
https://liftpdf.com/guides/why-cant-i-convert-jpg-to-pdf,https://liftpdf.com/pdf-tools,All PDF Tools,INTERNAL
https://liftpdf.com/guides/why-cant-i-convert-jpg-to-pdf,https://liftpdf.com/jpg-to-pdf,JPG to PDF,INTERNAL
https://liftpdf.com/guides/why-cant-i-convert-jpg-to-pdf,https://liftpdf.com/merge-pdf,Merge PDF,INTERNAL
https://liftpdf.com/guides/why-cant-i-convert-jpg-to-pdf,https://liftpdf.com/compress-pdf,Compress PDF,INTERNAL
https://liftpdf.com/guides/why-cant-i-convert-jpg-to-pdf,https://liftpdf.com/pdf-converter,Convert PDF,INTERNAL
https://liftpdf.com/guides/why-cant-i-convert-jpg-to-pdf,https://liftpdf.com/pdf-editor,Edit PDF,INTERNAL
https://liftpdf.com/guides/why-cant-i-convert-jpg-to-pdf,https://liftpdf.com/organize-pdf,Organize PDF,INTERNAL
https://liftpdf.com/guides/why-cant-i-convert-jpg-to-pdf,https://liftpdf.com/pdf-image-tools,Image Tools,INTERNAL
https://liftpdf.com/guides/why-cant-i-convert-jpg-to-pdf,https://liftpdf.com/pdf-security,Security,INTERNAL
https://liftpdf.com/guides/why-cant-i-convert-jpg-to-pdf,https://liftpdf.com/learn,Learning Center,INTERNAL
https://liftpdf.com/guides/why-cant-i-convert-jpg-to-pdf,https://liftpdf.com/guides,Guides,INTERNAL
https://liftpdf.com/guides/why-cant-i-convert-jpg-to-pdf,https://liftpdf.com/pdf-glossary,PDF Glossary,INTERNAL
https://liftpdf.com/guides/why-cant-i-convert-jpg-to-pdf,https://liftpdf.com/help,Help Center,INTERNAL
https://liftpdf.com/guides/why-cant-i-convert-jpg-to-pdf,https://liftpdf.com/privacy,Privacy,INTERNAL
https://liftpdf.com/guides/why-cant-i-convert-jpg-to-pdf,https://liftpdf.com/cookies,Cookies,INTERNAL
https://liftpdf.com/guides/why-cant-i-convert-jpg-to-pdf,https://liftpdf.com/security,Security,INTERNAL
https://liftpdf.com/guides/why-cant-i-convert-jpg-to-pdf,https://liftpdf.com/about,About,INTERNAL
https://liftpdf.com/guides/why-cant-i-convert-jpg-to-pdf,https://liftpdf.com/why-liftpdf,Why LiftPDF,INTERNAL
https://liftpdf.com/guides/why-cant-i-convert-jpg-to-pdf,https://liftpdf.com/terms,Terms,INTERNAL
https://liftpdf.com/guides/why-cant-i-convert-jpg-to-pdf,https://liftpdf.com/contact,Contact,INTERNAL
https://liftpdf.com/guides/how-to-keep-original-image-quality,https://liftpdf.com/,LiftPDF,INTERNAL
https://liftpdf.com/guides/how-to-keep-original-image-quality,https://liftpdf.com/pdf-tools,PDF Tools,INTERNAL
https://liftpdf.com/guides/how-to-keep-original-image-quality,https://liftpdf.com/learn,Learn,INTERNAL
https://liftpdf.com/guides/how-to-keep-original-image-quality,https://liftpdf.com/jpg-to-pdf,Image to PDF,INTERNAL
https://liftpdf.com/guides/how-to-keep-original-image-quality,https://liftpdf.com/pdf-converter,Convert,INTERNAL
https://liftpdf.com/guides/how-to-keep-original-image-quality,https://liftpdf.com/pdf-editor,Edit,INTERNAL
https://liftpdf.com/guides/how-to-keep-original-image-quality,https://liftpdf.com/jpg-to-pdf,Start Now,INTERNAL
https://liftpdf.com/guides/how-to-keep-original-image-quality,https://liftpdf.com/pdf-tools,PDF Tools,INTERNAL
https://liftpdf.com/guides/how-to-keep-original-image-quality,https://liftpdf.com/learn,Learn,INTERNAL
https://liftpdf.com/guides/how-to-keep-original-image-quality,https://liftpdf.com/jpg-to-pdf,Image to PDF,INTERNAL
https://liftpdf.com/guides/how-to-keep-original-image-quality,https://liftpdf.com/pdf-converter,Convert,INTERNAL
https://liftpdf.com/guides/how-to-keep-original-image-quality,https://liftpdf.com/pdf-editor,Edit,INTERNAL
https://liftpdf.com/guides/how-to-keep-original-image-quality,https://liftpdf.com/jpg-to-pdf,Start Now,INTERNAL
https://liftpdf.com/guides/how-to-keep-original-image-quality,https://liftpdf.com/jpg-to-pdf,Make quality PDF,INTERNAL
https://liftpdf.com/guides/how-to-keep-original-image-quality,https://liftpdf.com/pdf-image-tools,Browse image tools,INTERNAL
https://liftpdf.com/guides/how-to-keep-original-image-quality,https://liftpdf.com/jpg-to-pdf,Make quality PDF,INTERNAL
https://liftpdf.com/guides/how-to-keep-original-image-quality,https://liftpdf.com/guides/how-to-keep-original-image-quality#quick-answer,Quick answer,INTERNAL
https://liftpdf.com/guides/how-to-keep-original-image-quality,https://liftpdf.com/guides/how-to-keep-original-image-quality#how-to-keep-the-pdf-looking-sharp,How to keep the PDF looking sharp,INTERNAL
https://liftpdf.com/guides/how-to-keep-original-image-quality,https://liftpdf.com/guides/how-to-keep-original-image-quality#original-quality-means-realistic-expectations,Original quality means realistic expectations,INTERNAL
https://liftpdf.com/guides/how-to-keep-original-image-quality,https://liftpdf.com/guides/how-to-keep-original-image-quality#page-size-orientation-and-margins,"Page size, orientation and margins",INTERNAL
https://liftpdf.com/guides/how-to-keep-original-image-quality,https://liftpdf.com/guides/how-to-keep-original-image-quality#privacy-and-browser-processing,Privacy and browser processing,INTERNAL
https://liftpdf.com/guides/how-to-keep-original-image-quality,https://liftpdf.com/guides/how-to-keep-original-image-quality#faq,FAQ,INTERNAL
https://liftpdf.com/guides/how-to-keep-original-image-quality,https://liftpdf.com/jpg-to-pdf,Make quality PDF,INTERNAL
https://liftpdf.com/guides/how-to-keep-original-image-quality,https://liftpdf.com/jpg-to-pdf,JPG to PDFConvert JPG images into a clean PDF document.,INTERNAL
https://liftpdf.com/guides/how-to-keep-original-image-quality,https://liftpdf.com/png-to-pdf,PNG to PDFUse this for PNG screenshots or images with transparency.,INTERNAL
https://liftpdf.com/guides/how-to-keep-original-image-quality,https://liftpdf.com/images-to-pdf,"Images to PDFCombine JPG, PNG and WEBP files in one PDF.",INTERNAL
https://liftpdf.com/guides/how-to-keep-original-image-quality,https://liftpdf.com/pdf-to-jpg,PDF to JPGExport PDF pages back into JPG images.,INTERNAL
https://liftpdf.com/guides/how-to-keep-original-image-quality,https://liftpdf.com/compress-pdf,Compress PDFReduce the final PDF size after conversion.,INTERNAL
https://liftpdf.com/guides/how-to-keep-original-image-quality,https://liftpdf.com/merge-pdf,Merge PDFCombine the created PDF with other PDF documents.,INTERNAL
https://liftpdf.com/guides/how-to-keep-original-image-quality,https://liftpdf.com/learn,"Learning CenterBrowse PDF tutorials, comparisons and troubleshooting resources.",INTERNAL
https://liftpdf.com/guides/how-to-keep-original-image-quality,https://liftpdf.com/,LiftPDF,INTERNAL
https://liftpdf.com/guides/how-to-keep-original-image-quality,https://liftpdf.com/pdf-tools,All PDF Tools,INTERNAL
https://liftpdf.com/guides/how-to-keep-original-image-quality,https://liftpdf.com/jpg-to-pdf,JPG to PDF,INTERNAL
https://liftpdf.com/guides/how-to-keep-original-image-quality,https://liftpdf.com/merge-pdf,Merge PDF,INTERNAL
https://liftpdf.com/guides/how-to-keep-original-image-quality,https://liftpdf.com/compress-pdf,Compress PDF,INTERNAL
https://liftpdf.com/guides/how-to-keep-original-image-quality,https://liftpdf.com/pdf-converter,Convert PDF,INTERNAL
https://liftpdf.com/guides/how-to-keep-original-image-quality,https://liftpdf.com/pdf-editor,Edit PDF,INTERNAL
https://liftpdf.com/guides/how-to-keep-original-image-quality,https://liftpdf.com/organize-pdf,Organize PDF,INTERNAL
https://liftpdf.com/guides/how-to-keep-original-image-quality,https://liftpdf.com/pdf-image-tools,Image Tools,INTERNAL
https://liftpdf.com/guides/how-to-keep-original-image-quality,https://liftpdf.com/pdf-security,Security,INTERNAL
https://liftpdf.com/guides/how-to-keep-original-image-quality,https://liftpdf.com/learn,Learning Center,INTERNAL
https://liftpdf.com/guides/how-to-keep-original-image-quality,https://liftpdf.com/guides,Guides,INTERNAL
https://liftpdf.com/guides/how-to-keep-original-image-quality,https://liftpdf.com/pdf-glossary,PDF Glossary,INTERNAL
https://liftpdf.com/guides/how-to-keep-original-image-quality,https://liftpdf.com/help,Help Center,INTERNAL
https://liftpdf.com/guides/how-to-keep-original-image-quality,https://liftpdf.com/privacy,Privacy,INTERNAL
https://liftpdf.com/guides/how-to-keep-original-image-quality,https://liftpdf.com/cookies,Cookies,INTERNAL
https://liftpdf.com/guides/how-to-keep-original-image-quality,https://liftpdf.com/security,Security,INTERNAL
https://liftpdf.com/guides/how-to-keep-original-image-quality,https://liftpdf.com/about,About,INTERNAL
https://liftpdf.com/guides/how-to-keep-original-image-quality,https://liftpdf.com/why-liftpdf,Why LiftPDF,INTERNAL
https://liftpdf.com/guides/how-to-keep-original-image-quality,https://liftpdf.com/terms,Terms,INTERNAL
https://liftpdf.com/guides/how-to-keep-original-image-quality,https://liftpdf.com/contact,Contact,INTERNAL
https://liftpdf.com/guides/jpg-vs-png,https://liftpdf.com/,LiftPDF,INTERNAL
https://liftpdf.com/guides/jpg-vs-png,https://liftpdf.com/pdf-tools,PDF Tools,INTERNAL
https://liftpdf.com/guides/jpg-vs-png,https://liftpdf.com/learn,Learn,INTERNAL
https://liftpdf.com/guides/jpg-vs-png,https://liftpdf.com/jpg-to-pdf,Image to PDF,INTERNAL
https://liftpdf.com/guides/jpg-vs-png,https://liftpdf.com/pdf-converter,Convert,INTERNAL
https://liftpdf.com/guides/jpg-vs-png,https://liftpdf.com/pdf-editor,Edit,INTERNAL
https://liftpdf.com/guides/jpg-vs-png,https://liftpdf.com/jpg-to-pdf,Start Now,INTERNAL
https://liftpdf.com/guides/jpg-vs-png,https://liftpdf.com/pdf-tools,PDF Tools,INTERNAL
https://liftpdf.com/guides/jpg-vs-png,https://liftpdf.com/learn,Learn,INTERNAL
https://liftpdf.com/guides/jpg-vs-png,https://liftpdf.com/jpg-to-pdf,Image to PDF,INTERNAL
https://liftpdf.com/guides/jpg-vs-png,https://liftpdf.com/pdf-converter,Convert,INTERNAL
https://liftpdf.com/guides/jpg-vs-png,https://liftpdf.com/pdf-editor,Edit,INTERNAL
https://liftpdf.com/guides/jpg-vs-png,https://liftpdf.com/jpg-to-pdf,Start Now,INTERNAL
https://liftpdf.com/guides/jpg-vs-png,https://liftpdf.com/jpg-to-pdf,Convert JPG to PDF,INTERNAL
https://liftpdf.com/guides/jpg-vs-png,https://liftpdf.com/pdf-image-tools,Browse image tools,INTERNAL
https://liftpdf.com/guides/jpg-vs-png,https://liftpdf.com/jpg-to-pdf,Convert JPG to PDF,INTERNAL
https://liftpdf.com/guides/jpg-vs-png,https://liftpdf.com/guides/jpg-vs-png#quick-answer,Quick answer,INTERNAL
https://liftpdf.com/guides/jpg-vs-png,https://liftpdf.com/guides/jpg-vs-png#when-jpg-is-better,When JPG is better,INTERNAL
https://liftpdf.com/guides/jpg-vs-png,https://liftpdf.com/guides/jpg-vs-png#when-png-is-better,When PNG is better,INTERNAL
https://liftpdf.com/guides/jpg-vs-png,https://liftpdf.com/guides/jpg-vs-png#when-to-use-images-to-pdf,When to use Images to PDF,INTERNAL
https://liftpdf.com/guides/jpg-vs-png,https://liftpdf.com/guides/jpg-vs-png#privacy-and-browser-processing,Privacy and browser processing,INTERNAL
https://liftpdf.com/guides/jpg-vs-png,https://liftpdf.com/guides/jpg-vs-png#a-practical-decision-rule,A practical decision rule,INTERNAL
https://liftpdf.com/guides/jpg-vs-png,https://liftpdf.com/guides/jpg-vs-png#faq,FAQ,INTERNAL
https://liftpdf.com/guides/jpg-vs-png,https://liftpdf.com/jpg-to-pdf,Convert JPG to PDF,INTERNAL
https://liftpdf.com/guides/jpg-vs-png,https://liftpdf.com/jpg-to-pdf,JPG to PDFConvert JPG images into a clean PDF document.,INTERNAL
https://liftpdf.com/guides/jpg-vs-png,https://liftpdf.com/png-to-pdf,PNG to PDFConvert PNG screenshots and transparent images.,INTERNAL
https://liftpdf.com/guides/jpg-vs-png,https://liftpdf.com/images-to-pdf,"Images to PDFCombine JPG, PNG and WEBP files in one PDF.",INTERNAL
https://liftpdf.com/guides/jpg-vs-png,https://liftpdf.com/pdf-to-jpg,PDF to JPGExport PDF pages back into JPG images.,INTERNAL
https://liftpdf.com/guides/jpg-vs-png,https://liftpdf.com/compress-pdf,Compress PDFReduce the final PDF size after conversion.,INTERNAL
https://liftpdf.com/guides/jpg-vs-png,https://liftpdf.com/merge-pdf,Merge PDFCombine the created PDF with other PDF documents.,INTERNAL
https://liftpdf.com/guides/jpg-vs-png,https://liftpdf.com/learn,"Learning CenterBrowse PDF tutorials, comparisons and troubleshooting resources.",INTERNAL
https://liftpdf.com/guides/jpg-vs-png,https://liftpdf.com/,LiftPDF,INTERNAL
https://liftpdf.com/guides/jpg-vs-png,https://liftpdf.com/pdf-tools,All PDF Tools,INTERNAL
https://liftpdf.com/guides/jpg-vs-png,https://liftpdf.com/jpg-to-pdf,JPG to PDF,INTERNAL
https://liftpdf.com/guides/jpg-vs-png,https://liftpdf.com/merge-pdf,Merge PDF,INTERNAL
https://liftpdf.com/guides/jpg-vs-png,https://liftpdf.com/compress-pdf,Compress PDF,INTERNAL
https://liftpdf.com/guides/jpg-vs-png,https://liftpdf.com/pdf-converter,Convert PDF,INTERNAL
https://liftpdf.com/guides/jpg-vs-png,https://liftpdf.com/pdf-editor,Edit PDF,INTERNAL
https://liftpdf.com/guides/jpg-vs-png,https://liftpdf.com/organize-pdf,Organize PDF,INTERNAL
https://liftpdf.com/guides/jpg-vs-png,https://liftpdf.com/pdf-image-tools,Image Tools,INTERNAL
https://liftpdf.com/guides/jpg-vs-png,https://liftpdf.com/pdf-security,Security,INTERNAL
https://liftpdf.com/guides/jpg-vs-png,https://liftpdf.com/learn,Learning Center,INTERNAL
https://liftpdf.com/guides/jpg-vs-png,https://liftpdf.com/guides,Guides,INTERNAL
https://liftpdf.com/guides/jpg-vs-png,https://liftpdf.com/pdf-glossary,PDF Glossary,INTERNAL
https://liftpdf.com/guides/jpg-vs-png,https://liftpdf.com/help,Help Center,INTERNAL
https://liftpdf.com/guides/jpg-vs-png,https://liftpdf.com/privacy,Privacy,INTERNAL
https://liftpdf.com/guides/jpg-vs-png,https://liftpdf.com/cookies,Cookies,INTERNAL
https://liftpdf.com/guides/jpg-vs-png,https://liftpdf.com/security,Security,INTERNAL
https://liftpdf.com/guides/jpg-vs-png,https://liftpdf.com/about,About,INTERNAL
https://liftpdf.com/guides/jpg-vs-png,https://liftpdf.com/why-liftpdf,Why LiftPDF,INTERNAL
https://liftpdf.com/guides/jpg-vs-png,https://liftpdf.com/terms,Terms,INTERNAL
https://liftpdf.com/guides/jpg-vs-png,https://liftpdf.com/contact,Contact,INTERNAL
https://liftpdf.com/guides/jpg-to-pdf-vs-word,https://liftpdf.com/,LiftPDF,INTERNAL
https://liftpdf.com/guides/jpg-to-pdf-vs-word,https://liftpdf.com/pdf-tools,PDF Tools,INTERNAL
https://liftpdf.com/guides/jpg-to-pdf-vs-word,https://liftpdf.com/learn,Learn,INTERNAL
https://liftpdf.com/guides/jpg-to-pdf-vs-word,https://liftpdf.com/jpg-to-pdf,Image to PDF,INTERNAL
https://liftpdf.com/guides/jpg-to-pdf-vs-word,https://liftpdf.com/pdf-converter,Convert,INTERNAL
https://liftpdf.com/guides/jpg-to-pdf-vs-word,https://liftpdf.com/pdf-editor,Edit,INTERNAL
https://liftpdf.com/guides/jpg-to-pdf-vs-word,https://liftpdf.com/jpg-to-pdf,Start Now,INTERNAL
https://liftpdf.com/guides/jpg-to-pdf-vs-word,https://liftpdf.com/pdf-tools,PDF Tools,INTERNAL
https://liftpdf.com/guides/jpg-to-pdf-vs-word,https://liftpdf.com/learn,Learn,INTERNAL
https://liftpdf.com/guides/jpg-to-pdf-vs-word,https://liftpdf.com/jpg-to-pdf,Image to PDF,INTERNAL
https://liftpdf.com/guides/jpg-to-pdf-vs-word,https://liftpdf.com/pdf-converter,Convert,INTERNAL
https://liftpdf.com/guides/jpg-to-pdf-vs-word,https://liftpdf.com/pdf-editor,Edit,INTERNAL
https://liftpdf.com/guides/jpg-to-pdf-vs-word,https://liftpdf.com/jpg-to-pdf,Start Now,INTERNAL
https://liftpdf.com/guides/jpg-to-pdf-vs-word,https://liftpdf.com/jpg-to-pdf,Create image PDF,INTERNAL
https://liftpdf.com/guides/jpg-to-pdf-vs-word,https://liftpdf.com/pdf-image-tools,Browse image tools,INTERNAL
https://liftpdf.com/guides/jpg-to-pdf-vs-word,https://liftpdf.com/jpg-to-pdf,Create image PDF,INTERNAL
https://liftpdf.com/guides/jpg-to-pdf-vs-word,https://liftpdf.com/guides/jpg-to-pdf-vs-word#quick-answer,Quick answer,INTERNAL
https://liftpdf.com/guides/jpg-to-pdf-vs-word,https://liftpdf.com/guides/jpg-to-pdf-vs-word#pdf-is-better-for-submission-and-printing,PDF is better for submission and printing,INTERNAL
https://liftpdf.com/guides/jpg-to-pdf-vs-word,https://liftpdf.com/guides/jpg-to-pdf-vs-word#word-is-better-for-editing,Word is better for editing,INTERNAL
https://liftpdf.com/guides/jpg-to-pdf-vs-word,https://liftpdf.com/guides/jpg-to-pdf-vs-word#privacy-and-browser-processing,Privacy and browser processing,INTERNAL
https://liftpdf.com/guides/jpg-to-pdf-vs-word,https://liftpdf.com/guides/jpg-to-pdf-vs-word#faq,FAQ,INTERNAL
https://liftpdf.com/guides/jpg-to-pdf-vs-word,https://liftpdf.com/jpg-to-pdf,Create image PDF,INTERNAL
https://liftpdf.com/guides/jpg-to-pdf-vs-word,https://liftpdf.com/jpg-to-pdf,JPG to PDFConvert JPG images into a clean PDF document.,INTERNAL
https://liftpdf.com/guides/jpg-to-pdf-vs-word,https://liftpdf.com/png-to-pdf,PNG to PDFUse this for PNG screenshots or images with transparency.,INTERNAL
https://liftpdf.com/guides/jpg-to-pdf-vs-word,https://liftpdf.com/images-to-pdf,"Images to PDFCombine JPG, PNG and WEBP files in one PDF.",INTERNAL
https://liftpdf.com/guides/jpg-to-pdf-vs-word,https://liftpdf.com/pdf-to-jpg,PDF to JPGExport PDF pages back into JPG images.,INTERNAL
https://liftpdf.com/guides/jpg-to-pdf-vs-word,https://liftpdf.com/compress-pdf,Compress PDFReduce the final PDF size after conversion.,INTERNAL
https://liftpdf.com/guides/jpg-to-pdf-vs-word,https://liftpdf.com/merge-pdf,Merge PDFCombine the created PDF with other PDF documents.,INTERNAL
https://liftpdf.com/guides/jpg-to-pdf-vs-word,https://liftpdf.com/learn,"Learning CenterBrowse PDF tutorials, comparisons and troubleshooting resources.",INTERNAL
https://liftpdf.com/guides/jpg-to-pdf-vs-word,https://liftpdf.com/,LiftPDF,INTERNAL
https://liftpdf.com/guides/jpg-to-pdf-vs-word,https://liftpdf.com/pdf-tools,All PDF Tools,INTERNAL
https://liftpdf.com/guides/jpg-to-pdf-vs-word,https://liftpdf.com/jpg-to-pdf,JPG to PDF,INTERNAL
https://liftpdf.com/guides/jpg-to-pdf-vs-word,https://liftpdf.com/merge-pdf,Merge PDF,INTERNAL
https://liftpdf.com/guides/jpg-to-pdf-vs-word,https://liftpdf.com/compress-pdf,Compress PDF,INTERNAL
https://liftpdf.com/guides/jpg-to-pdf-vs-word,https://liftpdf.com/pdf-converter,Convert PDF,INTERNAL
https://liftpdf.com/guides/jpg-to-pdf-vs-word,https://liftpdf.com/pdf-editor,Edit PDF,INTERNAL
https://liftpdf.com/guides/jpg-to-pdf-vs-word,https://liftpdf.com/organize-pdf,Organize PDF,INTERNAL
https://liftpdf.com/guides/jpg-to-pdf-vs-word,https://liftpdf.com/pdf-image-tools,Image Tools,INTERNAL
https://liftpdf.com/guides/jpg-to-pdf-vs-word,https://liftpdf.com/pdf-security,Security,INTERNAL
https://liftpdf.com/guides/jpg-to-pdf-vs-word,https://liftpdf.com/learn,Learning Center,INTERNAL
https://liftpdf.com/guides/jpg-to-pdf-vs-word,https://liftpdf.com/guides,Guides,INTERNAL
https://liftpdf.com/guides/jpg-to-pdf-vs-word,https://liftpdf.com/pdf-glossary,PDF Glossary,INTERNAL
https://liftpdf.com/guides/jpg-to-pdf-vs-word,https://liftpdf.com/help,Help Center,INTERNAL
https://liftpdf.com/guides/jpg-to-pdf-vs-word,https://liftpdf.com/privacy,Privacy,INTERNAL
https://liftpdf.com/guides/jpg-to-pdf-vs-word,https://liftpdf.com/cookies,Cookies,INTERNAL
https://liftpdf.com/guides/jpg-to-pdf-vs-word,https://liftpdf.com/security,Security,INTERNAL
https://liftpdf.com/guides/jpg-to-pdf-vs-word,https://liftpdf.com/about,About,INTERNAL
https://liftpdf.com/guides/jpg-to-pdf-vs-word,https://liftpdf.com/why-liftpdf,Why LiftPDF,INTERNAL
https://liftpdf.com/guides/jpg-to-pdf-vs-word,https://liftpdf.com/terms,Terms,INTERNAL
https://liftpdf.com/guides/jpg-to-pdf-vs-word,https://liftpdf.com/contact,Contact,INTERNAL
https://liftpdf.com/guides/jpg-to-pdf-vs-smallpdf,https://liftpdf.com/,LiftPDF,INTERNAL
https://liftpdf.com/guides/jpg-to-pdf-vs-smallpdf,https://liftpdf.com/pdf-tools,PDF Tools,INTERNAL
https://liftpdf.com/guides/jpg-to-pdf-vs-smallpdf,https://liftpdf.com/learn,Learn,INTERNAL
https://liftpdf.com/guides/jpg-to-pdf-vs-smallpdf,https://liftpdf.com/jpg-to-pdf,Image to PDF,INTERNAL
https://liftpdf.com/guides/jpg-to-pdf-vs-smallpdf,https://liftpdf.com/pdf-converter,Convert,INTERNAL
https://liftpdf.com/guides/jpg-to-pdf-vs-smallpdf,https://liftpdf.com/pdf-editor,Edit,INTERNAL
https://liftpdf.com/guides/jpg-to-pdf-vs-smallpdf,https://liftpdf.com/jpg-to-pdf,Start Now,INTERNAL
https://liftpdf.com/guides/jpg-to-pdf-vs-smallpdf,https://liftpdf.com/pdf-tools,PDF Tools,INTERNAL
https://liftpdf.com/guides/jpg-to-pdf-vs-smallpdf,https://liftpdf.com/learn,Learn,INTERNAL
https://liftpdf.com/guides/jpg-to-pdf-vs-smallpdf,https://liftpdf.com/jpg-to-pdf,Image to PDF,INTERNAL
https://liftpdf.com/guides/jpg-to-pdf-vs-smallpdf,https://liftpdf.com/pdf-converter,Convert,INTERNAL
https://liftpdf.com/guides/jpg-to-pdf-vs-smallpdf,https://liftpdf.com/pdf-editor,Edit,INTERNAL
https://liftpdf.com/guides/jpg-to-pdf-vs-smallpdf,https://liftpdf.com/jpg-to-pdf,Start Now,INTERNAL
https://liftpdf.com/guides/jpg-to-pdf-vs-smallpdf,https://liftpdf.com/jpg-to-pdf,Try LiftPDF JPG to PDF,INTERNAL
https://liftpdf.com/guides/jpg-to-pdf-vs-smallpdf,https://liftpdf.com/pdf-image-tools,Browse image tools,INTERNAL
https://liftpdf.com/guides/jpg-to-pdf-vs-smallpdf,https://liftpdf.com/jpg-to-pdf,Try LiftPDF JPG to PDF,INTERNAL
https://liftpdf.com/guides/jpg-to-pdf-vs-smallpdf,https://liftpdf.com/guides/jpg-to-pdf-vs-smallpdf#quick-answer,Quick answer,INTERNAL
https://liftpdf.com/guides/jpg-to-pdf-vs-smallpdf,https://liftpdf.com/guides/jpg-to-pdf-vs-smallpdf#where-smallpdf-is-strong,Where Smallpdf is strong,INTERNAL
https://liftpdf.com/guides/jpg-to-pdf-vs-smallpdf,https://liftpdf.com/guides/jpg-to-pdf-vs-smallpdf#where-liftpdf-is-focused,Where LiftPDF is focused,INTERNAL
https://liftpdf.com/guides/jpg-to-pdf-vs-smallpdf,https://liftpdf.com/guides/jpg-to-pdf-vs-smallpdf#how-to-keep-the-pdf-looking-sharp,How to keep the PDF looking sharp,INTERNAL
https://liftpdf.com/guides/jpg-to-pdf-vs-smallpdf,https://liftpdf.com/guides/jpg-to-pdf-vs-smallpdf#privacy-and-browser-processing,Privacy and browser processing,INTERNAL
https://liftpdf.com/guides/jpg-to-pdf-vs-smallpdf,https://liftpdf.com/guides/jpg-to-pdf-vs-smallpdf#faq,FAQ,INTERNAL
https://liftpdf.com/guides/jpg-to-pdf-vs-smallpdf,https://liftpdf.com/jpg-to-pdf,Try LiftPDF JPG to PDF,INTERNAL
https://liftpdf.com/guides/jpg-to-pdf-vs-smallpdf,https://liftpdf.com/jpg-to-pdf,JPG to PDFConvert JPG images into a clean PDF document.,INTERNAL
https://liftpdf.com/guides/jpg-to-pdf-vs-smallpdf,https://liftpdf.com/png-to-pdf,PNG to PDFUse this for PNG screenshots or images with transparency.,INTERNAL
https://liftpdf.com/guides/jpg-to-pdf-vs-smallpdf,https://liftpdf.com/images-to-pdf,"Images to PDFCombine JPG, PNG and WEBP files in one PDF.",INTERNAL
https://liftpdf.com/guides/jpg-to-pdf-vs-smallpdf,https://liftpdf.com/pdf-to-jpg,PDF to JPGExport PDF pages back into JPG images.,INTERNAL
https://liftpdf.com/guides/jpg-to-pdf-vs-smallpdf,https://liftpdf.com/compress-pdf,Compress PDFReduce the final PDF size after conversion.,INTERNAL
https://liftpdf.com/guides/jpg-to-pdf-vs-smallpdf,https://liftpdf.com/merge-pdf,Merge PDFCombine the created PDF with other PDF documents.,INTERNAL
https://liftpdf.com/guides/jpg-to-pdf-vs-smallpdf,https://liftpdf.com/learn,"Learning CenterBrowse PDF tutorials, comparisons and troubleshooting resources.",INTERNAL
https://liftpdf.com/guides/jpg-to-pdf-vs-smallpdf,https://liftpdf.com/,LiftPDF,INTERNAL
https://liftpdf.com/guides/jpg-to-pdf-vs-smallpdf,https://liftpdf.com/pdf-tools,All PDF Tools,INTERNAL
https://liftpdf.com/guides/jpg-to-pdf-vs-smallpdf,https://liftpdf.com/jpg-to-pdf,JPG to PDF,INTERNAL
https://liftpdf.com/guides/jpg-to-pdf-vs-smallpdf,https://liftpdf.com/merge-pdf,Merge PDF,INTERNAL
https://liftpdf.com/guides/jpg-to-pdf-vs-smallpdf,https://liftpdf.com/compress-pdf,Compress PDF,INTERNAL
https://liftpdf.com/guides/jpg-to-pdf-vs-smallpdf,https://liftpdf.com/pdf-converter,Convert PDF,INTERNAL
https://liftpdf.com/guides/jpg-to-pdf-vs-smallpdf,https://liftpdf.com/pdf-editor,Edit PDF,INTERNAL
https://liftpdf.com/guides/jpg-to-pdf-vs-smallpdf,https://liftpdf.com/organize-pdf,Organize PDF,INTERNAL
https://liftpdf.com/guides/jpg-to-pdf-vs-smallpdf,https://liftpdf.com/pdf-image-tools,Image Tools,INTERNAL
https://liftpdf.com/guides/jpg-to-pdf-vs-smallpdf,https://liftpdf.com/pdf-security,Security,INTERNAL
https://liftpdf.com/guides/jpg-to-pdf-vs-smallpdf,https://liftpdf.com/learn,Learning Center,INTERNAL
https://liftpdf.com/guides/jpg-to-pdf-vs-smallpdf,https://liftpdf.com/guides,Guides,INTERNAL
https://liftpdf.com/guides/jpg-to-pdf-vs-smallpdf,https://liftpdf.com/pdf-glossary,PDF Glossary,INTERNAL
https://liftpdf.com/guides/jpg-to-pdf-vs-smallpdf,https://liftpdf.com/help,Help Center,INTERNAL
https://liftpdf.com/guides/jpg-to-pdf-vs-smallpdf,https://liftpdf.com/privacy,Privacy,INTERNAL
https://liftpdf.com/guides/jpg-to-pdf-vs-smallpdf,https://liftpdf.com/cookies,Cookies,INTERNAL
https://liftpdf.com/guides/jpg-to-pdf-vs-smallpdf,https://liftpdf.com/security,Security,INTERNAL
https://liftpdf.com/guides/jpg-to-pdf-vs-smallpdf,https://liftpdf.com/about,About,INTERNAL
https://liftpdf.com/guides/jpg-to-pdf-vs-smallpdf,https://liftpdf.com/why-liftpdf,Why LiftPDF,INTERNAL
https://liftpdf.com/guides/jpg-to-pdf-vs-smallpdf,https://liftpdf.com/terms,Terms,INTERNAL
https://liftpdf.com/guides/jpg-to-pdf-vs-smallpdf,https://liftpdf.com/contact,Contact,INTERNAL
https://liftpdf.com/guides/jpg-to-pdf-vs-adobe,https://liftpdf.com/,LiftPDF,INTERNAL
https://liftpdf.com/guides/jpg-to-pdf-vs-adobe,https://liftpdf.com/pdf-tools,PDF Tools,INTERNAL
https://liftpdf.com/guides/jpg-to-pdf-vs-adobe,https://liftpdf.com/learn,Learn,INTERNAL
https://liftpdf.com/guides/jpg-to-pdf-vs-adobe,https://liftpdf.com/jpg-to-pdf,Image to PDF,INTERNAL
https://liftpdf.com/guides/jpg-to-pdf-vs-adobe,https://liftpdf.com/pdf-converter,Convert,INTERNAL
https://liftpdf.com/guides/jpg-to-pdf-vs-adobe,https://liftpdf.com/pdf-editor,Edit,INTERNAL
https://liftpdf.com/guides/jpg-to-pdf-vs-adobe,https://liftpdf.com/jpg-to-pdf,Start Now,INTERNAL
https://liftpdf.com/guides/jpg-to-pdf-vs-adobe,https://liftpdf.com/pdf-tools,PDF Tools,INTERNAL
https://liftpdf.com/guides/jpg-to-pdf-vs-adobe,https://liftpdf.com/learn,Learn,INTERNAL
https://liftpdf.com/guides/jpg-to-pdf-vs-adobe,https://liftpdf.com/jpg-to-pdf,Image to PDF,INTERNAL
https://liftpdf.com/guides/jpg-to-pdf-vs-adobe,https://liftpdf.com/pdf-converter,Convert,INTERNAL
https://liftpdf.com/guides/jpg-to-pdf-vs-adobe,https://liftpdf.com/pdf-editor,Edit,INTERNAL
https://liftpdf.com/guides/jpg-to-pdf-vs-adobe,https://liftpdf.com/jpg-to-pdf,Start Now,INTERNAL
https://liftpdf.com/guides/jpg-to-pdf-vs-adobe,https://liftpdf.com/jpg-to-pdf,Convert with LiftPDF,INTERNAL
https://liftpdf.com/guides/jpg-to-pdf-vs-adobe,https://liftpdf.com/pdf-image-tools,Browse image tools,INTERNAL
https://liftpdf.com/guides/jpg-to-pdf-vs-adobe,https://liftpdf.com/jpg-to-pdf,Convert with LiftPDF,INTERNAL
https://liftpdf.com/guides/jpg-to-pdf-vs-adobe,https://liftpdf.com/guides/jpg-to-pdf-vs-adobe#quick-answer,Quick answer,INTERNAL
https://liftpdf.com/guides/jpg-to-pdf-vs-adobe,https://liftpdf.com/guides/jpg-to-pdf-vs-adobe#where-adobe-is-stronger,Where Adobe is stronger,INTERNAL
https://liftpdf.com/guides/jpg-to-pdf-vs-adobe,https://liftpdf.com/guides/jpg-to-pdf-vs-adobe#where-liftpdf-is-simpler,Where LiftPDF is simpler,INTERNAL
https://liftpdf.com/guides/jpg-to-pdf-vs-adobe,https://liftpdf.com/guides/jpg-to-pdf-vs-adobe#privacy-and-browser-processing,Privacy and browser processing,INTERNAL
https://liftpdf.com/guides/jpg-to-pdf-vs-adobe,https://liftpdf.com/guides/jpg-to-pdf-vs-adobe#faq,FAQ,INTERNAL
https://liftpdf.com/guides/jpg-to-pdf-vs-adobe,https://liftpdf.com/jpg-to-pdf,Convert with LiftPDF,INTERNAL
https://liftpdf.com/guides/jpg-to-pdf-vs-adobe,https://liftpdf.com/jpg-to-pdf,JPG to PDFConvert JPG images into a clean PDF document.,INTERNAL
https://liftpdf.com/guides/jpg-to-pdf-vs-adobe,https://liftpdf.com/png-to-pdf,PNG to PDFUse this for PNG screenshots or images with transparency.,INTERNAL
https://liftpdf.com/guides/jpg-to-pdf-vs-adobe,https://liftpdf.com/images-to-pdf,"Images to PDFCombine JPG, PNG and WEBP files in one PDF.",INTERNAL
https://liftpdf.com/guides/jpg-to-pdf-vs-adobe,https://liftpdf.com/pdf-to-jpg,PDF to JPGExport PDF pages back into JPG images.,INTERNAL
https://liftpdf.com/guides/jpg-to-pdf-vs-adobe,https://liftpdf.com/compress-pdf,Compress PDFReduce the final PDF size after conversion.,INTERNAL
https://liftpdf.com/guides/jpg-to-pdf-vs-adobe,https://liftpdf.com/merge-pdf,Merge PDFCombine the created PDF with other PDF documents.,INTERNAL
https://liftpdf.com/guides/jpg-to-pdf-vs-adobe,https://liftpdf.com/learn,"Learning CenterBrowse PDF tutorials, comparisons and troubleshooting resources.",INTERNAL
https://liftpdf.com/guides/jpg-to-pdf-vs-adobe,https://liftpdf.com/,LiftPDF,INTERNAL
https://liftpdf.com/guides/jpg-to-pdf-vs-adobe,https://liftpdf.com/pdf-tools,All PDF Tools,INTERNAL
https://liftpdf.com/guides/jpg-to-pdf-vs-adobe,https://liftpdf.com/jpg-to-pdf,JPG to PDF,INTERNAL
https://liftpdf.com/guides/jpg-to-pdf-vs-adobe,https://liftpdf.com/merge-pdf,Merge PDF,INTERNAL
https://liftpdf.com/guides/jpg-to-pdf-vs-adobe,https://liftpdf.com/compress-pdf,Compress PDF,INTERNAL
https://liftpdf.com/guides/jpg-to-pdf-vs-adobe,https://liftpdf.com/pdf-converter,Convert PDF,INTERNAL
https://liftpdf.com/guides/jpg-to-pdf-vs-adobe,https://liftpdf.com/pdf-editor,Edit PDF,INTERNAL
https://liftpdf.com/guides/jpg-to-pdf-vs-adobe,https://liftpdf.com/organize-pdf,Organize PDF,INTERNAL
https://liftpdf.com/guides/jpg-to-pdf-vs-adobe,https://liftpdf.com/pdf-image-tools,Image Tools,INTERNAL
https://liftpdf.com/guides/jpg-to-pdf-vs-adobe,https://liftpdf.com/pdf-security,Security,INTERNAL
https://liftpdf.com/guides/jpg-to-pdf-vs-adobe,https://liftpdf.com/learn,Learning Center,INTERNAL
https://liftpdf.com/guides/jpg-to-pdf-vs-adobe,https://liftpdf.com/guides,Guides,INTERNAL
https://liftpdf.com/guides/jpg-to-pdf-vs-adobe,https://liftpdf.com/pdf-glossary,PDF Glossary,INTERNAL
https://liftpdf.com/guides/jpg-to-pdf-vs-adobe,https://liftpdf.com/help,Help Center,INTERNAL
https://liftpdf.com/guides/jpg-to-pdf-vs-adobe,https://liftpdf.com/privacy,Privacy,INTERNAL
https://liftpdf.com/guides/jpg-to-pdf-vs-adobe,https://liftpdf.com/cookies,Cookies,INTERNAL
https://liftpdf.com/guides/jpg-to-pdf-vs-adobe,https://liftpdf.com/security,Security,INTERNAL
https://liftpdf.com/guides/jpg-to-pdf-vs-adobe,https://liftpdf.com/about,About,INTERNAL
https://liftpdf.com/guides/jpg-to-pdf-vs-adobe,https://liftpdf.com/why-liftpdf,Why LiftPDF,INTERNAL
https://liftpdf.com/guides/jpg-to-pdf-vs-adobe,https://liftpdf.com/terms,Terms,INTERNAL
https://liftpdf.com/guides/jpg-to-pdf-vs-adobe,https://liftpdf.com/contact,Contact,INTERNAL
https://liftpdf.com/guides/jpg-to-pdf-faq,https://liftpdf.com/,LiftPDF,INTERNAL
https://liftpdf.com/guides/jpg-to-pdf-faq,https://liftpdf.com/pdf-tools,PDF Tools,INTERNAL
https://liftpdf.com/guides/jpg-to-pdf-faq,https://liftpdf.com/learn,Learn,INTERNAL
https://liftpdf.com/guides/jpg-to-pdf-faq,https://liftpdf.com/jpg-to-pdf,Image to PDF,INTERNAL
https://liftpdf.com/guides/jpg-to-pdf-faq,https://liftpdf.com/pdf-converter,Convert,INTERNAL
https://liftpdf.com/guides/jpg-to-pdf-faq,https://liftpdf.com/pdf-editor,Edit,INTERNAL
https://liftpdf.com/guides/jpg-to-pdf-faq,https://liftpdf.com/jpg-to-pdf,Start Now,INTERNAL
https://liftpdf.com/guides/jpg-to-pdf-faq,https://liftpdf.com/pdf-tools,PDF Tools,INTERNAL
https://liftpdf.com/guides/jpg-to-pdf-faq,https://liftpdf.com/learn,Learn,INTERNAL
https://liftpdf.com/guides/jpg-to-pdf-faq,https://liftpdf.com/jpg-to-pdf,Image to PDF,INTERNAL
https://liftpdf.com/guides/jpg-to-pdf-faq,https://liftpdf.com/pdf-converter,Convert,INTERNAL
https://liftpdf.com/guides/jpg-to-pdf-faq,https://liftpdf.com/pdf-editor,Edit,INTERNAL
https://liftpdf.com/guides/jpg-to-pdf-faq,https://liftpdf.com/jpg-to-pdf,Start Now,INTERNAL
https://liftpdf.com/guides/jpg-to-pdf-faq,https://liftpdf.com/jpg-to-pdf,Open JPG to PDF,INTERNAL
https://liftpdf.com/guides/jpg-to-pdf-faq,https://liftpdf.com/pdf-image-tools,Browse image tools,INTERNAL
https://liftpdf.com/guides/jpg-to-pdf-faq,https://liftpdf.com/jpg-to-pdf,Open JPG to PDF,INTERNAL
https://liftpdf.com/guides/jpg-to-pdf-faq,https://liftpdf.com/guides/jpg-to-pdf-faq#quick-answer,Quick answer,INTERNAL
https://liftpdf.com/guides/jpg-to-pdf-faq,https://liftpdf.com/guides/jpg-to-pdf-faq#before-you-convert,Before you convert,INTERNAL
https://liftpdf.com/guides/jpg-to-pdf-faq,https://liftpdf.com/guides/jpg-to-pdf-faq#after-you-convert,After you convert,INTERNAL
https://liftpdf.com/guides/jpg-to-pdf-faq,https://liftpdf.com/guides/jpg-to-pdf-faq#privacy-and-browser-processing,Privacy and browser processing,INTERNAL
https://liftpdf.com/guides/jpg-to-pdf-faq,https://liftpdf.com/guides/jpg-to-pdf-faq#faq,FAQ,INTERNAL
https://liftpdf.com/guides/jpg-to-pdf-faq,https://liftpdf.com/jpg-to-pdf,Open JPG to PDF,INTERNAL
https://liftpdf.com/guides/jpg-to-pdf-faq,https://liftpdf.com/jpg-to-pdf,JPG to PDFConvert JPG images into a clean PDF document.,INTERNAL
https://liftpdf.com/guides/jpg-to-pdf-faq,https://liftpdf.com/png-to-pdf,PNG to PDFUse this for PNG screenshots or images with transparency.,INTERNAL
https://liftpdf.com/guides/jpg-to-pdf-faq,https://liftpdf.com/images-to-pdf,"Images to PDFCombine JPG, PNG and WEBP files in one PDF.",INTERNAL
https://liftpdf.com/guides/jpg-to-pdf-faq,https://liftpdf.com/pdf-to-jpg,PDF to JPGExport PDF pages back into JPG images.,INTERNAL
https://liftpdf.com/guides/jpg-to-pdf-faq,https://liftpdf.com/compress-pdf,Compress PDFReduce the final PDF size after conversion.,INTERNAL
https://liftpdf.com/guides/jpg-to-pdf-faq,https://liftpdf.com/merge-pdf,Merge PDFCombine the created PDF with other PDF documents.,INTERNAL
https://liftpdf.com/guides/jpg-to-pdf-faq,https://liftpdf.com/learn,"Learning CenterBrowse PDF tutorials, comparisons and troubleshooting resources.",INTERNAL
https://liftpdf.com/guides/jpg-to-pdf-faq,https://liftpdf.com/,LiftPDF,INTERNAL
https://liftpdf.com/guides/jpg-to-pdf-faq,https://liftpdf.com/pdf-tools,All PDF Tools,INTERNAL
https://liftpdf.com/guides/jpg-to-pdf-faq,https://liftpdf.com/jpg-to-pdf,JPG to PDF,INTERNAL
https://liftpdf.com/guides/jpg-to-pdf-faq,https://liftpdf.com/merge-pdf,Merge PDF,INTERNAL
https://liftpdf.com/guides/jpg-to-pdf-faq,https://liftpdf.com/compress-pdf,Compress PDF,INTERNAL
https://liftpdf.com/guides/jpg-to-pdf-faq,https://liftpdf.com/pdf-converter,Convert PDF,INTERNAL
https://liftpdf.com/guides/jpg-to-pdf-faq,https://liftpdf.com/pdf-editor,Edit PDF,INTERNAL
https://liftpdf.com/guides/jpg-to-pdf-faq,https://liftpdf.com/organize-pdf,Organize PDF,INTERNAL
https://liftpdf.com/guides/jpg-to-pdf-faq,https://liftpdf.com/pdf-image-tools,Image Tools,INTERNAL
https://liftpdf.com/guides/jpg-to-pdf-faq,https://liftpdf.com/pdf-security,Security,INTERNAL
https://liftpdf.com/guides/jpg-to-pdf-faq,https://liftpdf.com/learn,Learning Center,INTERNAL
https://liftpdf.com/guides/jpg-to-pdf-faq,https://liftpdf.com/guides,Guides,INTERNAL
https://liftpdf.com/guides/jpg-to-pdf-faq,https://liftpdf.com/pdf-glossary,PDF Glossary,INTERNAL
https://liftpdf.com/guides/jpg-to-pdf-faq,https://liftpdf.com/help,Help Center,INTERNAL
https://liftpdf.com/guides/jpg-to-pdf-faq,https://liftpdf.com/privacy,Privacy,INTERNAL
https://liftpdf.com/guides/jpg-to-pdf-faq,https://liftpdf.com/cookies,Cookies,INTERNAL
https://liftpdf.com/guides/jpg-to-pdf-faq,https://liftpdf.com/security,Security,INTERNAL
https://liftpdf.com/guides/jpg-to-pdf-faq,https://liftpdf.com/about,About,INTERNAL
https://liftpdf.com/guides/jpg-to-pdf-faq,https://liftpdf.com/why-liftpdf,Why LiftPDF,INTERNAL
https://liftpdf.com/guides/jpg-to-pdf-faq,https://liftpdf.com/terms,Terms,INTERNAL
https://liftpdf.com/guides/jpg-to-pdf-faq,https://liftpdf.com/contact,Contact,INTERNAL
https://liftpdf.com/guides/what-is-a-pdf,https://liftpdf.com/,LiftPDF,INTERNAL
https://liftpdf.com/guides/what-is-a-pdf,https://liftpdf.com/pdf-tools,PDF Tools,INTERNAL
https://liftpdf.com/guides/what-is-a-pdf,https://liftpdf.com/learn,Learn,INTERNAL
https://liftpdf.com/guides/what-is-a-pdf,https://liftpdf.com/jpg-to-pdf,Image to PDF,INTERNAL
https://liftpdf.com/guides/what-is-a-pdf,https://liftpdf.com/pdf-converter,Convert,INTERNAL
https://liftpdf.com/guides/what-is-a-pdf,https://liftpdf.com/pdf-editor,Edit,INTERNAL
https://liftpdf.com/guides/what-is-a-pdf,https://liftpdf.com/jpg-to-pdf,Start Now,INTERNAL
https://liftpdf.com/guides/what-is-a-pdf,https://liftpdf.com/pdf-tools,PDF Tools,INTERNAL
https://liftpdf.com/guides/what-is-a-pdf,https://liftpdf.com/learn,Learn,INTERNAL
https://liftpdf.com/guides/what-is-a-pdf,https://liftpdf.com/jpg-to-pdf,Image to PDF,INTERNAL
https://liftpdf.com/guides/what-is-a-pdf,https://liftpdf.com/pdf-converter,Convert,INTERNAL
https://liftpdf.com/guides/what-is-a-pdf,https://liftpdf.com/pdf-editor,Edit,INTERNAL
https://liftpdf.com/guides/what-is-a-pdf,https://liftpdf.com/jpg-to-pdf,Start Now,INTERNAL
https://liftpdf.com/guides/what-is-a-pdf,https://liftpdf.com/pdf-tools,Browse PDF tools,INTERNAL
https://liftpdf.com/guides/what-is-a-pdf,https://liftpdf.com/learn/pdf-basics,Browse PDF basics,INTERNAL
https://liftpdf.com/guides/what-is-a-pdf,https://liftpdf.com/pdf-tools,Browse PDF tools,INTERNAL
https://liftpdf.com/guides/what-is-a-pdf,https://liftpdf.com/guides/what-is-a-pdf#quick-answer,Quick answer,INTERNAL
https://liftpdf.com/guides/what-is-a-pdf,https://liftpdf.com/guides/what-is-a-pdf#why-pdf-exists,Why PDF exists,INTERNAL
https://liftpdf.com/guides/what-is-a-pdf,https://liftpdf.com/guides/what-is-a-pdf#what-a-pdf-is-good-at,What a PDF is good at,INTERNAL
https://liftpdf.com/guides/what-is-a-pdf,https://liftpdf.com/guides/what-is-a-pdf#example,Example,INTERNAL
https://liftpdf.com/guides/what-is-a-pdf,https://liftpdf.com/guides/what-is-a-pdf#what-a-pdf-can-contain,What a PDF can contain,INTERNAL
https://liftpdf.com/guides/what-is-a-pdf,https://liftpdf.com/guides/what-is-a-pdf#when-pdf-is-the-wrong-format,When PDF is the wrong format,INTERNAL
https://liftpdf.com/guides/what-is-a-pdf,https://liftpdf.com/guides/what-is-a-pdf#decision-table,Should you use PDF?,INTERNAL
https://liftpdf.com/guides/what-is-a-pdf,https://liftpdf.com/guides/what-is-a-pdf#faq,FAQ,INTERNAL
https://liftpdf.com/guides/what-is-a-pdf,https://liftpdf.com/pdf-tools,Browse PDF tools,INTERNAL
https://liftpdf.com/guides/what-is-a-pdf,https://liftpdf.com/pdf-tools,All PDF ToolsBrowse every available LiftPDF tool.,INTERNAL
https://liftpdf.com/guides/what-is-a-pdf,https://liftpdf.com/learn,"Learning CenterExplore PDF guides, glossary terms and help resources.",INTERNAL
https://liftpdf.com/guides/what-is-a-pdf,https://liftpdf.com/pdf-glossary,PDF GlossaryLook up the terms used in this article.,INTERNAL
https://liftpdf.com/guides/what-is-a-pdf,https://liftpdf.com/,LiftPDF,INTERNAL
https://liftpdf.com/guides/what-is-a-pdf,https://liftpdf.com/pdf-tools,All PDF Tools,INTERNAL
https://liftpdf.com/guides/what-is-a-pdf,https://liftpdf.com/jpg-to-pdf,JPG to PDF,INTERNAL
https://liftpdf.com/guides/what-is-a-pdf,https://liftpdf.com/merge-pdf,Merge PDF,INTERNAL
https://liftpdf.com/guides/what-is-a-pdf,https://liftpdf.com/compress-pdf,Compress PDF,INTERNAL
https://liftpdf.com/guides/what-is-a-pdf,https://liftpdf.com/pdf-converter,Convert PDF,INTERNAL
https://liftpdf.com/guides/what-is-a-pdf,https://liftpdf.com/pdf-editor,Edit PDF,INTERNAL
https://liftpdf.com/guides/what-is-a-pdf,https://liftpdf.com/organize-pdf,Organize PDF,INTERNAL
https://liftpdf.com/guides/what-is-a-pdf,https://liftpdf.com/pdf-image-tools,Image Tools,INTERNAL
https://liftpdf.com/guides/what-is-a-pdf,https://liftpdf.com/pdf-security,Security,INTERNAL
https://liftpdf.com/guides/what-is-a-pdf,https://liftpdf.com/learn,Learning Center,INTERNAL
https://liftpdf.com/guides/what-is-a-pdf,https://liftpdf.com/guides,Guides,INTERNAL
https://liftpdf.com/guides/what-is-a-pdf,https://liftpdf.com/pdf-glossary,PDF Glossary,INTERNAL
https://liftpdf.com/guides/what-is-a-pdf,https://liftpdf.com/help,Help Center,INTERNAL
https://liftpdf.com/guides/what-is-a-pdf,https://liftpdf.com/privacy,Privacy,INTERNAL
https://liftpdf.com/guides/what-is-a-pdf,https://liftpdf.com/cookies,Cookies,INTERNAL
https://liftpdf.com/guides/what-is-a-pdf,https://liftpdf.com/security,Security,INTERNAL
https://liftpdf.com/guides/what-is-a-pdf,https://liftpdf.com/about,About,INTERNAL
https://liftpdf.com/guides/what-is-a-pdf,https://liftpdf.com/why-liftpdf,Why LiftPDF,INTERNAL
https://liftpdf.com/guides/what-is-a-pdf,https://liftpdf.com/terms,Terms,INTERNAL
https://liftpdf.com/guides/what-is-a-pdf,https://liftpdf.com/contact,Contact,INTERNAL
https://liftpdf.com/guides/jpg-vs-jpeg,https://liftpdf.com/,LiftPDF,INTERNAL
https://liftpdf.com/guides/jpg-vs-jpeg,https://liftpdf.com/pdf-tools,PDF Tools,INTERNAL
https://liftpdf.com/guides/jpg-vs-jpeg,https://liftpdf.com/learn,Learn,INTERNAL
https://liftpdf.com/guides/jpg-vs-jpeg,https://liftpdf.com/jpg-to-pdf,Image to PDF,INTERNAL
https://liftpdf.com/guides/jpg-vs-jpeg,https://liftpdf.com/pdf-converter,Convert,INTERNAL
https://liftpdf.com/guides/jpg-vs-jpeg,https://liftpdf.com/pdf-editor,Edit,INTERNAL
https://liftpdf.com/guides/jpg-vs-jpeg,https://liftpdf.com/jpg-to-pdf,Start Now,INTERNAL
https://liftpdf.com/guides/jpg-vs-jpeg,https://liftpdf.com/pdf-tools,PDF Tools,INTERNAL
https://liftpdf.com/guides/jpg-vs-jpeg,https://liftpdf.com/learn,Learn,INTERNAL
https://liftpdf.com/guides/jpg-vs-jpeg,https://liftpdf.com/jpg-to-pdf,Image to PDF,INTERNAL
https://liftpdf.com/guides/jpg-vs-jpeg,https://liftpdf.com/pdf-converter,Convert,INTERNAL
https://liftpdf.com/guides/jpg-vs-jpeg,https://liftpdf.com/pdf-editor,Edit,INTERNAL
https://liftpdf.com/guides/jpg-vs-jpeg,https://liftpdf.com/jpg-to-pdf,Start Now,INTERNAL
https://liftpdf.com/guides/jpg-vs-jpeg,https://liftpdf.com/pdf-image-tools,Convert JPG to PDF,INTERNAL
https://liftpdf.com/guides/jpg-vs-jpeg,https://liftpdf.com/learn/pdf-images,Browse image guides,INTERNAL
https://liftpdf.com/guides/jpg-vs-jpeg,https://liftpdf.com/pdf-image-tools,Convert JPG to PDF,INTERNAL
https://liftpdf.com/guides/jpg-vs-jpeg,https://liftpdf.com/guides/jpg-vs-jpeg#why-two-names-exist,Why two names exist,INTERNAL
https://liftpdf.com/guides/jpg-vs-jpeg,https://liftpdf.com/guides/jpg-vs-jpeg#when-converting-to-pdf,When converting to PDF,INTERNAL
https://liftpdf.com/guides/jpg-vs-jpeg,https://liftpdf.com/guides/jpg-vs-jpeg#faq,FAQ,INTERNAL
https://liftpdf.com/guides/jpg-vs-jpeg,https://liftpdf.com/pdf-image-tools,Convert JPG to PDF,INTERNAL
https://liftpdf.com/guides/jpg-vs-jpeg,https://liftpdf.com/jpg-to-pdf,JPG to PDFConvert JPG or JPEG images into PDF pages.,INTERNAL
https://liftpdf.com/guides/jpg-vs-jpeg,https://liftpdf.com/guides/jpg-vs-png,JPG vs PNGChoose between photo and screenshot image formats.,INTERNAL
https://liftpdf.com/guides/jpg-vs-jpeg,https://liftpdf.com/learn,"Learning CenterBrowse PDF tutorials, comparisons and troubleshooting resources.",INTERNAL
https://liftpdf.com/guides/jpg-vs-jpeg,https://liftpdf.com/pdf-glossary,PDF GlossaryLook up the terms used in this article.,INTERNAL
https://liftpdf.com/guides/jpg-vs-jpeg,https://liftpdf.com/,LiftPDF,INTERNAL
https://liftpdf.com/guides/jpg-vs-jpeg,https://liftpdf.com/pdf-tools,All PDF Tools,INTERNAL
https://liftpdf.com/guides/jpg-vs-jpeg,https://liftpdf.com/jpg-to-pdf,JPG to PDF,INTERNAL
https://liftpdf.com/guides/jpg-vs-jpeg,https://liftpdf.com/merge-pdf,Merge PDF,INTERNAL
https://liftpdf.com/guides/jpg-vs-jpeg,https://liftpdf.com/compress-pdf,Compress PDF,INTERNAL
https://liftpdf.com/guides/jpg-vs-jpeg,https://liftpdf.com/pdf-converter,Convert PDF,INTERNAL
https://liftpdf.com/guides/jpg-vs-jpeg,https://liftpdf.com/pdf-editor,Edit PDF,INTERNAL
https://liftpdf.com/guides/jpg-vs-jpeg,https://liftpdf.com/organize-pdf,Organize PDF,INTERNAL
https://liftpdf.com/guides/jpg-vs-jpeg,https://liftpdf.com/pdf-image-tools,Image Tools,INTERNAL
https://liftpdf.com/guides/jpg-vs-jpeg,https://liftpdf.com/pdf-security,Security,INTERNAL
https://liftpdf.com/guides/jpg-vs-jpeg,https://liftpdf.com/learn,Learning Center,INTERNAL
https://liftpdf.com/guides/jpg-vs-jpeg,https://liftpdf.com/guides,Guides,INTERNAL
https://liftpdf.com/guides/jpg-vs-jpeg,https://liftpdf.com/pdf-glossary,PDF Glossary,INTERNAL
https://liftpdf.com/guides/jpg-vs-jpeg,https://liftpdf.com/help,Help Center,INTERNAL
https://liftpdf.com/guides/jpg-vs-jpeg,https://liftpdf.com/privacy,Privacy,INTERNAL
https://liftpdf.com/guides/jpg-vs-jpeg,https://liftpdf.com/cookies,Cookies,INTERNAL
https://liftpdf.com/guides/jpg-vs-jpeg,https://liftpdf.com/security,Security,INTERNAL
https://liftpdf.com/guides/jpg-vs-jpeg,https://liftpdf.com/about,About,INTERNAL
https://liftpdf.com/guides/jpg-vs-jpeg,https://liftpdf.com/why-liftpdf,Why LiftPDF,INTERNAL
https://liftpdf.com/guides/jpg-vs-jpeg,https://liftpdf.com/terms,Terms,INTERNAL
https://liftpdf.com/guides/jpg-vs-jpeg,https://liftpdf.com/contact,Contact,INTERNAL
https://liftpdf.com/guides/png-vs-pdf,https://liftpdf.com/,LiftPDF,INTERNAL
https://liftpdf.com/guides/png-vs-pdf,https://liftpdf.com/pdf-tools,PDF Tools,INTERNAL
https://liftpdf.com/guides/png-vs-pdf,https://liftpdf.com/learn,Learn,INTERNAL
https://liftpdf.com/guides/png-vs-pdf,https://liftpdf.com/jpg-to-pdf,Image to PDF,INTERNAL
https://liftpdf.com/guides/png-vs-pdf,https://liftpdf.com/pdf-converter,Convert,INTERNAL
https://liftpdf.com/guides/png-vs-pdf,https://liftpdf.com/pdf-editor,Edit,INTERNAL
https://liftpdf.com/guides/png-vs-pdf,https://liftpdf.com/jpg-to-pdf,Start Now,INTERNAL
https://liftpdf.com/guides/png-vs-pdf,https://liftpdf.com/pdf-tools,PDF Tools,INTERNAL
https://liftpdf.com/guides/png-vs-pdf,https://liftpdf.com/learn,Learn,INTERNAL
https://liftpdf.com/guides/png-vs-pdf,https://liftpdf.com/jpg-to-pdf,Image to PDF,INTERNAL
https://liftpdf.com/guides/png-vs-pdf,https://liftpdf.com/pdf-converter,Convert,INTERNAL
https://liftpdf.com/guides/png-vs-pdf,https://liftpdf.com/pdf-editor,Edit,INTERNAL
https://liftpdf.com/guides/png-vs-pdf,https://liftpdf.com/jpg-to-pdf,Start Now,INTERNAL
https://liftpdf.com/guides/png-vs-pdf,https://liftpdf.com/pdf-image-tools,Convert PNG to PDF,INTERNAL
https://liftpdf.com/guides/png-vs-pdf,https://liftpdf.com/learn/pdf-images,Browse image guides,INTERNAL
https://liftpdf.com/guides/png-vs-pdf,https://liftpdf.com/pdf-image-tools,Convert PNG to PDF,INTERNAL
https://liftpdf.com/guides/png-vs-pdf,https://liftpdf.com/guides/png-vs-pdf#the-main-difference,The main difference,INTERNAL
https://liftpdf.com/guides/png-vs-pdf,https://liftpdf.com/guides/png-vs-pdf#examples,Examples,INTERNAL
https://liftpdf.com/guides/png-vs-pdf,https://liftpdf.com/guides/png-vs-pdf#faq,FAQ,INTERNAL
https://liftpdf.com/guides/png-vs-pdf,https://liftpdf.com/pdf-image-tools,Convert PNG to PDF,INTERNAL
https://liftpdf.com/guides/png-vs-pdf,https://liftpdf.com/png-to-pdf,PNG to PDFTurn PNG images into a clean PDF.,INTERNAL
https://liftpdf.com/guides/png-vs-pdf,https://liftpdf.com/pdf-image-tools,PDF Image ToolsCompare image and PDF conversion workflows.,INTERNAL
https://liftpdf.com/guides/png-vs-pdf,https://liftpdf.com/learn,"Learning CenterBrowse PDF tutorials, comparisons and troubleshooting resources.",INTERNAL
https://liftpdf.com/guides/png-vs-pdf,https://liftpdf.com/pdf-glossary,PDF GlossaryLook up the terms used in this article.,INTERNAL
https://liftpdf.com/guides/png-vs-pdf,https://liftpdf.com/,LiftPDF,INTERNAL
https://liftpdf.com/guides/png-vs-pdf,https://liftpdf.com/pdf-tools,All PDF Tools,INTERNAL
https://liftpdf.com/guides/png-vs-pdf,https://liftpdf.com/jpg-to-pdf,JPG to PDF,INTERNAL
https://liftpdf.com/guides/png-vs-pdf,https://liftpdf.com/merge-pdf,Merge PDF,INTERNAL
https://liftpdf.com/guides/png-vs-pdf,https://liftpdf.com/compress-pdf,Compress PDF,INTERNAL
https://liftpdf.com/guides/png-vs-pdf,https://liftpdf.com/pdf-converter,Convert PDF,INTERNAL
https://liftpdf.com/guides/png-vs-pdf,https://liftpdf.com/pdf-editor,Edit PDF,INTERNAL
https://liftpdf.com/guides/png-vs-pdf,https://liftpdf.com/organize-pdf,Organize PDF,INTERNAL
https://liftpdf.com/guides/png-vs-pdf,https://liftpdf.com/pdf-image-tools,Image Tools,INTERNAL
https://liftpdf.com/guides/png-vs-pdf,https://liftpdf.com/pdf-security,Security,INTERNAL
https://liftpdf.com/guides/png-vs-pdf,https://liftpdf.com/learn,Learning Center,INTERNAL
https://liftpdf.com/guides/png-vs-pdf,https://liftpdf.com/guides,Guides,INTERNAL
https://liftpdf.com/guides/png-vs-pdf,https://liftpdf.com/pdf-glossary,PDF Glossary,INTERNAL
https://liftpdf.com/guides/png-vs-pdf,https://liftpdf.com/help,Help Center,INTERNAL
https://liftpdf.com/guides/png-vs-pdf,https://liftpdf.com/privacy,Privacy,INTERNAL
https://liftpdf.com/guides/png-vs-pdf,https://liftpdf.com/cookies,Cookies,INTERNAL
https://liftpdf.com/guides/png-vs-pdf,https://liftpdf.com/security,Security,INTERNAL
https://liftpdf.com/guides/png-vs-pdf,https://liftpdf.com/about,About,INTERNAL
https://liftpdf.com/guides/png-vs-pdf,https://liftpdf.com/why-liftpdf,Why LiftPDF,INTERNAL
https://liftpdf.com/guides/png-vs-pdf,https://liftpdf.com/terms,Terms,INTERNAL
https://liftpdf.com/guides/png-vs-pdf,https://liftpdf.com/contact,Contact,INTERNAL
https://liftpdf.com/guides/what-is-pdf-compression,https://liftpdf.com/,LiftPDF,INTERNAL
https://liftpdf.com/guides/what-is-pdf-compression,https://liftpdf.com/pdf-tools,PDF Tools,INTERNAL
https://liftpdf.com/guides/what-is-pdf-compression,https://liftpdf.com/learn,Learn,INTERNAL
https://liftpdf.com/guides/what-is-pdf-compression,https://liftpdf.com/jpg-to-pdf,Image to PDF,INTERNAL
https://liftpdf.com/guides/what-is-pdf-compression,https://liftpdf.com/pdf-converter,Convert,INTERNAL
https://liftpdf.com/guides/what-is-pdf-compression,https://liftpdf.com/pdf-editor,Edit,INTERNAL
https://liftpdf.com/guides/what-is-pdf-compression,https://liftpdf.com/jpg-to-pdf,Start Now,INTERNAL
https://liftpdf.com/guides/what-is-pdf-compression,https://liftpdf.com/pdf-tools,PDF Tools,INTERNAL
https://liftpdf.com/guides/what-is-pdf-compression,https://liftpdf.com/learn,Learn,INTERNAL
https://liftpdf.com/guides/what-is-pdf-compression,https://liftpdf.com/jpg-to-pdf,Image to PDF,INTERNAL
https://liftpdf.com/guides/what-is-pdf-compression,https://liftpdf.com/pdf-converter,Convert,INTERNAL
https://liftpdf.com/guides/what-is-pdf-compression,https://liftpdf.com/pdf-editor,Edit,INTERNAL
https://liftpdf.com/guides/what-is-pdf-compression,https://liftpdf.com/jpg-to-pdf,Start Now,INTERNAL
https://liftpdf.com/guides/what-is-pdf-compression,https://liftpdf.com/pdf-tools,Compress PDF,INTERNAL
https://liftpdf.com/guides/what-is-pdf-compression,https://liftpdf.com/learn/pdf-basics,Browse PDF basics,INTERNAL
https://liftpdf.com/guides/what-is-pdf-compression,https://liftpdf.com/pdf-tools,Compress PDF,INTERNAL
https://liftpdf.com/guides/what-is-pdf-compression,https://liftpdf.com/guides/what-is-pdf-compression#why-compression-results-vary,Why compression results vary,INTERNAL
https://liftpdf.com/guides/what-is-pdf-compression,https://liftpdf.com/guides/what-is-pdf-compression#safe-compression-vs-aggressive-compression,Safe compression vs aggressive compression,INTERNAL
https://liftpdf.com/guides/what-is-pdf-compression,https://liftpdf.com/guides/what-is-pdf-compression#why-some-pdfs-shrink-more-than-others,Why some PDFs shrink more than others,INTERNAL
https://liftpdf.com/guides/what-is-pdf-compression,https://liftpdf.com/guides/what-is-pdf-compression#compression-versus-quality,Compression versus quality,INTERNAL
https://liftpdf.com/guides/what-is-pdf-compression,https://liftpdf.com/guides/what-is-pdf-compression#faq,FAQ,INTERNAL
https://liftpdf.com/guides/what-is-pdf-compression,https://liftpdf.com/pdf-tools,Compress PDF,INTERNAL
https://liftpdf.com/guides/what-is-pdf-compression,https://liftpdf.com/compress-pdf,Compress PDFRebuild a PDF with safe browser-side compression.,INTERNAL
https://liftpdf.com/guides/what-is-pdf-compression,https://liftpdf.com/guides/why-is-my-merged-pdf-too-large,Why is my merged PDF too large?Understand why combined files can grow.,INTERNAL
https://liftpdf.com/guides/what-is-pdf-compression,https://liftpdf.com/learn,"Learning CenterBrowse PDF tutorials, comparisons and troubleshooting resources.",INTERNAL
https://liftpdf.com/guides/what-is-pdf-compression,https://liftpdf.com/pdf-glossary,PDF GlossaryLook up the terms used in this article.,INTERNAL
https://liftpdf.com/guides/what-is-pdf-compression,https://liftpdf.com/,LiftPDF,INTERNAL
https://liftpdf.com/guides/what-is-pdf-compression,https://liftpdf.com/pdf-tools,All PDF Tools,INTERNAL
https://liftpdf.com/guides/what-is-pdf-compression,https://liftpdf.com/jpg-to-pdf,JPG to PDF,INTERNAL
https://liftpdf.com/guides/what-is-pdf-compression,https://liftpdf.com/merge-pdf,Merge PDF,INTERNAL
https://liftpdf.com/guides/what-is-pdf-compression,https://liftpdf.com/compress-pdf,Compress PDF,INTERNAL
https://liftpdf.com/guides/what-is-pdf-compression,https://liftpdf.com/pdf-converter,Convert PDF,INTERNAL
https://liftpdf.com/guides/what-is-pdf-compression,https://liftpdf.com/pdf-editor,Edit PDF,INTERNAL
https://liftpdf.com/guides/what-is-pdf-compression,https://liftpdf.com/organize-pdf,Organize PDF,INTERNAL
https://liftpdf.com/guides/what-is-pdf-compression,https://liftpdf.com/pdf-image-tools,Image Tools,INTERNAL
https://liftpdf.com/guides/what-is-pdf-compression,https://liftpdf.com/pdf-security,Security,INTERNAL
https://liftpdf.com/guides/what-is-pdf-compression,https://liftpdf.com/learn,Learning Center,INTERNAL
https://liftpdf.com/guides/what-is-pdf-compression,https://liftpdf.com/guides,Guides,INTERNAL
https://liftpdf.com/guides/what-is-pdf-compression,https://liftpdf.com/pdf-glossary,PDF Glossary,INTERNAL
https://liftpdf.com/guides/what-is-pdf-compression,https://liftpdf.com/help,Help Center,INTERNAL
https://liftpdf.com/guides/what-is-pdf-compression,https://liftpdf.com/privacy,Privacy,INTERNAL
https://liftpdf.com/guides/what-is-pdf-compression,https://liftpdf.com/cookies,Cookies,INTERNAL
https://liftpdf.com/guides/what-is-pdf-compression,https://liftpdf.com/security,Security,INTERNAL
https://liftpdf.com/guides/what-is-pdf-compression,https://liftpdf.com/about,About,INTERNAL
https://liftpdf.com/guides/what-is-pdf-compression,https://liftpdf.com/why-liftpdf,Why LiftPDF,INTERNAL
https://liftpdf.com/guides/what-is-pdf-compression,https://liftpdf.com/terms,Terms,INTERNAL
https://liftpdf.com/guides/what-is-pdf-compression,https://liftpdf.com/contact,Contact,INTERNAL
https://liftpdf.com/guides/what-is-a-password-protected-pdf,https://liftpdf.com/,LiftPDF,INTERNAL
https://liftpdf.com/guides/what-is-a-password-protected-pdf,https://liftpdf.com/pdf-tools,PDF Tools,INTERNAL
https://liftpdf.com/guides/what-is-a-password-protected-pdf,https://liftpdf.com/learn,Learn,INTERNAL
https://liftpdf.com/guides/what-is-a-password-protected-pdf,https://liftpdf.com/jpg-to-pdf,Image to PDF,INTERNAL
https://liftpdf.com/guides/what-is-a-password-protected-pdf,https://liftpdf.com/pdf-converter,Convert,INTERNAL
https://liftpdf.com/guides/what-is-a-password-protected-pdf,https://liftpdf.com/pdf-editor,Edit,INTERNAL
https://liftpdf.com/guides/what-is-a-password-protected-pdf,https://liftpdf.com/jpg-to-pdf,Start Now,INTERNAL
https://liftpdf.com/guides/what-is-a-password-protected-pdf,https://liftpdf.com/pdf-tools,PDF Tools,INTERNAL
https://liftpdf.com/guides/what-is-a-password-protected-pdf,https://liftpdf.com/learn,Learn,INTERNAL
https://liftpdf.com/guides/what-is-a-password-protected-pdf,https://liftpdf.com/jpg-to-pdf,Image to PDF,INTERNAL
https://liftpdf.com/guides/what-is-a-password-protected-pdf,https://liftpdf.com/pdf-converter,Convert,INTERNAL
https://liftpdf.com/guides/what-is-a-password-protected-pdf,https://liftpdf.com/pdf-editor,Edit,INTERNAL
https://liftpdf.com/guides/what-is-a-password-protected-pdf,https://liftpdf.com/jpg-to-pdf,Start Now,INTERNAL
https://liftpdf.com/guides/what-is-a-password-protected-pdf,https://liftpdf.com/pdf-security,Protect PDF,INTERNAL
https://liftpdf.com/guides/what-is-a-password-protected-pdf,https://liftpdf.com/learn/pdf-security,Browse security guides,INTERNAL
https://liftpdf.com/guides/what-is-a-password-protected-pdf,https://liftpdf.com/pdf-security,Protect PDF,INTERNAL
https://liftpdf.com/guides/what-is-a-password-protected-pdf,https://liftpdf.com/guides/what-is-a-password-protected-pdf#what-the-password-does,What the password does,INTERNAL
https://liftpdf.com/guides/what-is-a-password-protected-pdf,https://liftpdf.com/guides/what-is-a-password-protected-pdf#unlocking-requires-permission,Unlocking requires permission,INTERNAL
https://liftpdf.com/guides/what-is-a-password-protected-pdf,https://liftpdf.com/guides/what-is-a-password-protected-pdf#real-protection-versus-visual-restriction,Real protection versus visual restriction,INTERNAL
https://liftpdf.com/guides/what-is-a-password-protected-pdf,https://liftpdf.com/guides/what-is-a-password-protected-pdf#faq,FAQ,INTERNAL
https://liftpdf.com/guides/what-is-a-password-protected-pdf,https://liftpdf.com/pdf-security,Protect PDF,INTERNAL
https://liftpdf.com/guides/what-is-a-password-protected-pdf,https://liftpdf.com/protect-pdf,Protect PDFAdd real password protection to a PDF.,INTERNAL
https://liftpdf.com/guides/what-is-a-password-protected-pdf,https://liftpdf.com/unlock-pdf,Unlock PDFRemove protection when you have the correct password.,INTERNAL
https://liftpdf.com/guides/what-is-a-password-protected-pdf,https://liftpdf.com/learn,"Learning CenterBrowse PDF tutorials, comparisons and troubleshooting resources.",INTERNAL
https://liftpdf.com/guides/what-is-a-password-protected-pdf,https://liftpdf.com/pdf-glossary,PDF GlossaryLook up the terms used in this article.,INTERNAL
https://liftpdf.com/guides/what-is-a-password-protected-pdf,https://liftpdf.com/,LiftPDF,INTERNAL
https://liftpdf.com/guides/what-is-a-password-protected-pdf,https://liftpdf.com/pdf-tools,All PDF Tools,INTERNAL
https://liftpdf.com/guides/what-is-a-password-protected-pdf,https://liftpdf.com/jpg-to-pdf,JPG to PDF,INTERNAL
https://liftpdf.com/guides/what-is-a-password-protected-pdf,https://liftpdf.com/merge-pdf,Merge PDF,INTERNAL
https://liftpdf.com/guides/what-is-a-password-protected-pdf,https://liftpdf.com/compress-pdf,Compress PDF,INTERNAL
https://liftpdf.com/guides/what-is-a-password-protected-pdf,https://liftpdf.com/pdf-converter,Convert PDF,INTERNAL
https://liftpdf.com/guides/what-is-a-password-protected-pdf,https://liftpdf.com/pdf-editor,Edit PDF,INTERNAL
https://liftpdf.com/guides/what-is-a-password-protected-pdf,https://liftpdf.com/organize-pdf,Organize PDF,INTERNAL
https://liftpdf.com/guides/what-is-a-password-protected-pdf,https://liftpdf.com/pdf-image-tools,Image Tools,INTERNAL
https://liftpdf.com/guides/what-is-a-password-protected-pdf,https://liftpdf.com/pdf-security,Security,INTERNAL
https://liftpdf.com/guides/what-is-a-password-protected-pdf,https://liftpdf.com/learn,Learning Center,INTERNAL
https://liftpdf.com/guides/what-is-a-password-protected-pdf,https://liftpdf.com/guides,Guides,INTERNAL
https://liftpdf.com/guides/what-is-a-password-protected-pdf,https://liftpdf.com/pdf-glossary,PDF Glossary,INTERNAL
https://liftpdf.com/guides/what-is-a-password-protected-pdf,https://liftpdf.com/help,Help Center,INTERNAL
https://liftpdf.com/guides/what-is-a-password-protected-pdf,https://liftpdf.com/privacy,Privacy,INTERNAL
https://liftpdf.com/guides/what-is-a-password-protected-pdf,https://liftpdf.com/cookies,Cookies,INTERNAL
https://liftpdf.com/guides/what-is-a-password-protected-pdf,https://liftpdf.com/security,Security,INTERNAL
https://liftpdf.com/guides/what-is-a-password-protected-pdf,https://liftpdf.com/about,About,INTERNAL
https://liftpdf.com/guides/what-is-a-password-protected-pdf,https://liftpdf.com/why-liftpdf,Why LiftPDF,INTERNAL
https://liftpdf.com/guides/what-is-a-password-protected-pdf,https://liftpdf.com/terms,Terms,INTERNAL
https://liftpdf.com/guides/what-is-a-password-protected-pdf,https://liftpdf.com/contact,Contact,INTERNAL
https://liftpdf.com/guides/what-is-browser-based-pdf-processing,https://liftpdf.com/,LiftPDF,INTERNAL
https://liftpdf.com/guides/what-is-browser-based-pdf-processing,https://liftpdf.com/pdf-tools,PDF Tools,INTERNAL
https://liftpdf.com/guides/what-is-browser-based-pdf-processing,https://liftpdf.com/learn,Learn,INTERNAL
https://liftpdf.com/guides/what-is-browser-based-pdf-processing,https://liftpdf.com/jpg-to-pdf,Image to PDF,INTERNAL
https://liftpdf.com/guides/what-is-browser-based-pdf-processing,https://liftpdf.com/pdf-converter,Convert,INTERNAL
https://liftpdf.com/guides/what-is-browser-based-pdf-processing,https://liftpdf.com/pdf-editor,Edit,INTERNAL
https://liftpdf.com/guides/what-is-browser-based-pdf-processing,https://liftpdf.com/jpg-to-pdf,Start Now,INTERNAL
https://liftpdf.com/guides/what-is-browser-based-pdf-processing,https://liftpdf.com/pdf-tools,PDF Tools,INTERNAL
https://liftpdf.com/guides/what-is-browser-based-pdf-processing,https://liftpdf.com/learn,Learn,INTERNAL
https://liftpdf.com/guides/what-is-browser-based-pdf-processing,https://liftpdf.com/jpg-to-pdf,Image to PDF,INTERNAL
https://liftpdf.com/guides/what-is-browser-based-pdf-processing,https://liftpdf.com/pdf-converter,Convert,INTERNAL
https://liftpdf.com/guides/what-is-browser-based-pdf-processing,https://liftpdf.com/pdf-editor,Edit,INTERNAL
https://liftpdf.com/guides/what-is-browser-based-pdf-processing,https://liftpdf.com/jpg-to-pdf,Start Now,INTERNAL
https://liftpdf.com/guides/what-is-browser-based-pdf-processing,https://liftpdf.com/pdf-security,Explore PDF tools,INTERNAL
https://liftpdf.com/guides/what-is-browser-based-pdf-processing,https://liftpdf.com/learn/pdf-security,Browse security guides,INTERNAL
https://liftpdf.com/guides/what-is-browser-based-pdf-processing,https://liftpdf.com/pdf-security,Explore PDF tools,INTERNAL
https://liftpdf.com/guides/what-is-browser-based-pdf-processing,https://liftpdf.com/guides/what-is-browser-based-pdf-processing#why-it-matters,Why it matters,INTERNAL
https://liftpdf.com/guides/what-is-browser-based-pdf-processing,https://liftpdf.com/guides/what-is-browser-based-pdf-processing#example-workflow,Example workflow,INTERNAL
https://liftpdf.com/guides/what-is-browser-based-pdf-processing,https://liftpdf.com/guides/what-is-browser-based-pdf-processing#what-stays-local,What stays local,INTERNAL
https://liftpdf.com/guides/what-is-browser-based-pdf-processing,https://liftpdf.com/guides/what-is-browser-based-pdf-processing#faq,FAQ,INTERNAL
https://liftpdf.com/guides/what-is-browser-based-pdf-processing,https://liftpdf.com/pdf-security,Explore PDF tools,INTERNAL
https://liftpdf.com/guides/what-is-browser-based-pdf-processing,https://liftpdf.com/privacy,PrivacyRead LiftPDF privacy information.,INTERNAL
https://liftpdf.com/guides/what-is-browser-based-pdf-processing,https://liftpdf.com/security,SecurityLearn about browser-side PDF security.,INTERNAL
https://liftpdf.com/guides/what-is-browser-based-pdf-processing,https://liftpdf.com/learn,"Learning CenterBrowse PDF tutorials, comparisons and troubleshooting resources.",INTERNAL
https://liftpdf.com/guides/what-is-browser-based-pdf-processing,https://liftpdf.com/pdf-glossary,PDF GlossaryLook up the terms used in this article.,INTERNAL
https://liftpdf.com/guides/what-is-browser-based-pdf-processing,https://liftpdf.com/,LiftPDF,INTERNAL
https://liftpdf.com/guides/what-is-browser-based-pdf-processing,https://liftpdf.com/pdf-tools,All PDF Tools,INTERNAL
https://liftpdf.com/guides/what-is-browser-based-pdf-processing,https://liftpdf.com/jpg-to-pdf,JPG to PDF,INTERNAL
https://liftpdf.com/guides/what-is-browser-based-pdf-processing,https://liftpdf.com/merge-pdf,Merge PDF,INTERNAL
https://liftpdf.com/guides/what-is-browser-based-pdf-processing,https://liftpdf.com/compress-pdf,Compress PDF,INTERNAL
https://liftpdf.com/guides/what-is-browser-based-pdf-processing,https://liftpdf.com/pdf-converter,Convert PDF,INTERNAL
https://liftpdf.com/guides/what-is-browser-based-pdf-processing,https://liftpdf.com/pdf-editor,Edit PDF,INTERNAL
https://liftpdf.com/guides/what-is-browser-based-pdf-processing,https://liftpdf.com/organize-pdf,Organize PDF,INTERNAL
https://liftpdf.com/guides/what-is-browser-based-pdf-processing,https://liftpdf.com/pdf-image-tools,Image Tools,INTERNAL
https://liftpdf.com/guides/what-is-browser-based-pdf-processing,https://liftpdf.com/pdf-security,Security,INTERNAL
https://liftpdf.com/guides/what-is-browser-based-pdf-processing,https://liftpdf.com/learn,Learning Center,INTERNAL
https://liftpdf.com/guides/what-is-browser-based-pdf-processing,https://liftpdf.com/guides,Guides,INTERNAL
https://liftpdf.com/guides/what-is-browser-based-pdf-processing,https://liftpdf.com/pdf-glossary,PDF Glossary,INTERNAL
https://liftpdf.com/guides/what-is-browser-based-pdf-processing,https://liftpdf.com/help,Help Center,INTERNAL
https://liftpdf.com/guides/what-is-browser-based-pdf-processing,https://liftpdf.com/privacy,Privacy,INTERNAL
https://liftpdf.com/guides/what-is-browser-based-pdf-processing,https://liftpdf.com/cookies,Cookies,INTERNAL
https://liftpdf.com/guides/what-is-browser-based-pdf-processing,https://liftpdf.com/security,Security,INTERNAL
https://liftpdf.com/guides/what-is-browser-based-pdf-processing,https://liftpdf.com/about,About,INTERNAL
https://liftpdf.com/guides/what-is-browser-based-pdf-processing,https://liftpdf.com/why-liftpdf,Why LiftPDF,INTERNAL
https://liftpdf.com/guides/what-is-browser-based-pdf-processing,https://liftpdf.com/terms,Terms,INTERNAL
https://liftpdf.com/guides/what-is-browser-based-pdf-processing,https://liftpdf.com/contact,Contact,INTERNAL
https://liftpdf.com/guides/scanned-pdf-vs-searchable-pdf,https://liftpdf.com/,LiftPDF,INTERNAL
https://liftpdf.com/guides/scanned-pdf-vs-searchable-pdf,https://liftpdf.com/pdf-tools,PDF Tools,INTERNAL
https://liftpdf.com/guides/scanned-pdf-vs-searchable-pdf,https://liftpdf.com/learn,Learn,INTERNAL
https://liftpdf.com/guides/scanned-pdf-vs-searchable-pdf,https://liftpdf.com/jpg-to-pdf,Image to PDF,INTERNAL
https://liftpdf.com/guides/scanned-pdf-vs-searchable-pdf,https://liftpdf.com/pdf-converter,Convert,INTERNAL
https://liftpdf.com/guides/scanned-pdf-vs-searchable-pdf,https://liftpdf.com/pdf-editor,Edit,INTERNAL
https://liftpdf.com/guides/scanned-pdf-vs-searchable-pdf,https://liftpdf.com/jpg-to-pdf,Start Now,INTERNAL
https://liftpdf.com/guides/scanned-pdf-vs-searchable-pdf,https://liftpdf.com/pdf-tools,PDF Tools,INTERNAL
https://liftpdf.com/guides/scanned-pdf-vs-searchable-pdf,https://liftpdf.com/learn,Learn,INTERNAL
https://liftpdf.com/guides/scanned-pdf-vs-searchable-pdf,https://liftpdf.com/jpg-to-pdf,Image to PDF,INTERNAL
https://liftpdf.com/guides/scanned-pdf-vs-searchable-pdf,https://liftpdf.com/pdf-converter,Convert,INTERNAL
https://liftpdf.com/guides/scanned-pdf-vs-searchable-pdf,https://liftpdf.com/pdf-editor,Edit,INTERNAL
https://liftpdf.com/guides/scanned-pdf-vs-searchable-pdf,https://liftpdf.com/jpg-to-pdf,Start Now,INTERNAL
https://liftpdf.com/guides/scanned-pdf-vs-searchable-pdf,https://liftpdf.com/pdf-tools,Extract PDF text,INTERNAL
https://liftpdf.com/guides/scanned-pdf-vs-searchable-pdf,https://liftpdf.com/learn/pdf-basics,Browse PDF basics,INTERNAL
https://liftpdf.com/guides/scanned-pdf-vs-searchable-pdf,https://liftpdf.com/pdf-tools,Extract PDF text,INTERNAL
https://liftpdf.com/guides/scanned-pdf-vs-searchable-pdf,https://liftpdf.com/guides/scanned-pdf-vs-searchable-pdf#scanned-pdfs,Scanned PDFs,INTERNAL
https://liftpdf.com/guides/scanned-pdf-vs-searchable-pdf,https://liftpdf.com/guides/scanned-pdf-vs-searchable-pdf#searchable-pdfs,Searchable PDFs,INTERNAL
https://liftpdf.com/guides/scanned-pdf-vs-searchable-pdf,https://liftpdf.com/guides/scanned-pdf-vs-searchable-pdf#why-this-matters-for-tools,Why this matters for tools,INTERNAL
https://liftpdf.com/guides/scanned-pdf-vs-searchable-pdf,https://liftpdf.com/guides/scanned-pdf-vs-searchable-pdf#the-quick-test,The quick test,INTERNAL
https://liftpdf.com/guides/scanned-pdf-vs-searchable-pdf,https://liftpdf.com/guides/scanned-pdf-vs-searchable-pdf#faq,FAQ,INTERNAL
https://liftpdf.com/guides/scanned-pdf-vs-searchable-pdf,https://liftpdf.com/pdf-tools,Extract PDF text,INTERNAL
https://liftpdf.com/guides/scanned-pdf-vs-searchable-pdf,https://liftpdf.com/pdf-to-text,PDF to TextExtract selectable text from PDF files.,INTERNAL
https://liftpdf.com/guides/scanned-pdf-vs-searchable-pdf,https://liftpdf.com/learn/pdf-basics,PDF BasicsLearn core PDF concepts.,INTERNAL
https://liftpdf.com/guides/scanned-pdf-vs-searchable-pdf,https://liftpdf.com/learn,"Learning CenterBrowse PDF tutorials, comparisons and troubleshooting resources.",INTERNAL
https://liftpdf.com/guides/scanned-pdf-vs-searchable-pdf,https://liftpdf.com/pdf-glossary,PDF GlossaryLook up the terms used in this article.,INTERNAL
https://liftpdf.com/guides/scanned-pdf-vs-searchable-pdf,https://liftpdf.com/,LiftPDF,INTERNAL
https://liftpdf.com/guides/scanned-pdf-vs-searchable-pdf,https://liftpdf.com/pdf-tools,All PDF Tools,INTERNAL
https://liftpdf.com/guides/scanned-pdf-vs-searchable-pdf,https://liftpdf.com/jpg-to-pdf,JPG to PDF,INTERNAL
https://liftpdf.com/guides/scanned-pdf-vs-searchable-pdf,https://liftpdf.com/merge-pdf,Merge PDF,INTERNAL
https://liftpdf.com/guides/scanned-pdf-vs-searchable-pdf,https://liftpdf.com/compress-pdf,Compress PDF,INTERNAL
https://liftpdf.com/guides/scanned-pdf-vs-searchable-pdf,https://liftpdf.com/pdf-converter,Convert PDF,INTERNAL
https://liftpdf.com/guides/scanned-pdf-vs-searchable-pdf,https://liftpdf.com/pdf-editor,Edit PDF,INTERNAL
https://liftpdf.com/guides/scanned-pdf-vs-searchable-pdf,https://liftpdf.com/organize-pdf,Organize PDF,INTERNAL
https://liftpdf.com/guides/scanned-pdf-vs-searchable-pdf,https://liftpdf.com/pdf-image-tools,Image Tools,INTERNAL
https://liftpdf.com/guides/scanned-pdf-vs-searchable-pdf,https://liftpdf.com/pdf-security,Security,INTERNAL
https://liftpdf.com/guides/scanned-pdf-vs-searchable-pdf,https://liftpdf.com/learn,Learning Center,INTERNAL
https://liftpdf.com/guides/scanned-pdf-vs-searchable-pdf,https://liftpdf.com/guides,Guides,INTERNAL
https://liftpdf.com/guides/scanned-pdf-vs-searchable-pdf,https://liftpdf.com/pdf-glossary,PDF Glossary,INTERNAL
https://liftpdf.com/guides/scanned-pdf-vs-searchable-pdf,https://liftpdf.com/help,Help Center,INTERNAL
https://liftpdf.com/guides/scanned-pdf-vs-searchable-pdf,https://liftpdf.com/privacy,Privacy,INTERNAL
https://liftpdf.com/guides/scanned-pdf-vs-searchable-pdf,https://liftpdf.com/cookies,Cookies,INTERNAL
https://liftpdf.com/guides/scanned-pdf-vs-searchable-pdf,https://liftpdf.com/security,Security,INTERNAL
https://liftpdf.com/guides/scanned-pdf-vs-searchable-pdf,https://liftpdf.com/about,About,INTERNAL
https://liftpdf.com/guides/scanned-pdf-vs-searchable-pdf,https://liftpdf.com/why-liftpdf,Why LiftPDF,INTERNAL
https://liftpdf.com/guides/scanned-pdf-vs-searchable-pdf,https://liftpdf.com/terms,Terms,INTERNAL
https://liftpdf.com/guides/scanned-pdf-vs-searchable-pdf,https://liftpdf.com/contact,Contact,INTERNAL
https://liftpdf.com/guides/why-is-my-pdf-too-large,https://liftpdf.com/,LiftPDF,INTERNAL
https://liftpdf.com/guides/why-is-my-pdf-too-large,https://liftpdf.com/pdf-tools,PDF Tools,INTERNAL
https://liftpdf.com/guides/why-is-my-pdf-too-large,https://liftpdf.com/learn,Learn,INTERNAL
https://liftpdf.com/guides/why-is-my-pdf-too-large,https://liftpdf.com/jpg-to-pdf,Image to PDF,INTERNAL
https://liftpdf.com/guides/why-is-my-pdf-too-large,https://liftpdf.com/pdf-converter,Convert,INTERNAL
https://liftpdf.com/guides/why-is-my-pdf-too-large,https://liftpdf.com/pdf-editor,Edit,INTERNAL
https://liftpdf.com/guides/why-is-my-pdf-too-large,https://liftpdf.com/jpg-to-pdf,Start Now,INTERNAL
https://liftpdf.com/guides/why-is-my-pdf-too-large,https://liftpdf.com/pdf-tools,PDF Tools,INTERNAL
https://liftpdf.com/guides/why-is-my-pdf-too-large,https://liftpdf.com/learn,Learn,INTERNAL
https://liftpdf.com/guides/why-is-my-pdf-too-large,https://liftpdf.com/jpg-to-pdf,Image to PDF,INTERNAL
https://liftpdf.com/guides/why-is-my-pdf-too-large,https://liftpdf.com/pdf-converter,Convert,INTERNAL
https://liftpdf.com/guides/why-is-my-pdf-too-large,https://liftpdf.com/pdf-editor,Edit,INTERNAL
https://liftpdf.com/guides/why-is-my-pdf-too-large,https://liftpdf.com/jpg-to-pdf,Start Now,INTERNAL
https://liftpdf.com/guides/why-is-my-pdf-too-large,https://liftpdf.com/help,Compress PDF,INTERNAL
https://liftpdf.com/guides/why-is-my-pdf-too-large,https://liftpdf.com/learn/troubleshooting,Browse troubleshooting,INTERNAL
https://liftpdf.com/guides/why-is-my-pdf-too-large,https://liftpdf.com/help,Compress PDF,INTERNAL
https://liftpdf.com/guides/why-is-my-pdf-too-large,https://liftpdf.com/guides/why-is-my-pdf-too-large#quick-answer,Quick answer,INTERNAL
https://liftpdf.com/guides/why-is-my-pdf-too-large,https://liftpdf.com/guides/why-is-my-pdf-too-large#large-pdfs-usually-have-a-visible-cause,Large PDFs usually have a visible cause,INTERNAL
https://liftpdf.com/guides/why-is-my-pdf-too-large,https://liftpdf.com/guides/why-is-my-pdf-too-large#fix-the-structure-before-compression,Fix the structure before compression,INTERNAL
https://liftpdf.com/guides/why-is-my-pdf-too-large,https://liftpdf.com/guides/why-is-my-pdf-too-large#the-most-common-causes,The most common causes,INTERNAL
https://liftpdf.com/guides/why-is-my-pdf-too-large,https://liftpdf.com/guides/why-is-my-pdf-too-large#decision-table,How to reduce size safely,INTERNAL
https://liftpdf.com/guides/why-is-my-pdf-too-large,https://liftpdf.com/guides/why-is-my-pdf-too-large#faq,FAQ,INTERNAL
https://liftpdf.com/guides/why-is-my-pdf-too-large,https://liftpdf.com/help,Compress PDF,INTERNAL
https://liftpdf.com/guides/why-is-my-pdf-too-large,https://liftpdf.com/compress-pdf,Compress PDFReduce PDF file size.,INTERNAL
https://liftpdf.com/guides/why-is-my-pdf-too-large,https://liftpdf.com/guides/how-to-reduce-pdf-file-size-for-email,Reduce PDF size for emailPrepare a smaller email attachment.,INTERNAL
https://liftpdf.com/guides/why-is-my-pdf-too-large,https://liftpdf.com/delete-pages,Delete PagesRemove pages before compression.,INTERNAL
https://liftpdf.com/guides/why-is-my-pdf-too-large,https://liftpdf.com/learn,"Learning CenterBrowse PDF tutorials, comparisons and troubleshooting resources.",INTERNAL
https://liftpdf.com/guides/why-is-my-pdf-too-large,https://liftpdf.com/pdf-glossary,PDF GlossaryLook up the terms used in this article.,INTERNAL
https://liftpdf.com/guides/why-is-my-pdf-too-large,https://liftpdf.com/,LiftPDF,INTERNAL
https://liftpdf.com/guides/why-is-my-pdf-too-large,https://liftpdf.com/pdf-tools,All PDF Tools,INTERNAL
https://liftpdf.com/guides/why-is-my-pdf-too-large,https://liftpdf.com/jpg-to-pdf,JPG to PDF,INTERNAL
https://liftpdf.com/guides/why-is-my-pdf-too-large,https://liftpdf.com/merge-pdf,Merge PDF,INTERNAL
https://liftpdf.com/guides/why-is-my-pdf-too-large,https://liftpdf.com/compress-pdf,Compress PDF,INTERNAL
https://liftpdf.com/guides/why-is-my-pdf-too-large,https://liftpdf.com/pdf-converter,Convert PDF,INTERNAL
https://liftpdf.com/guides/why-is-my-pdf-too-large,https://liftpdf.com/pdf-editor,Edit PDF,INTERNAL
https://liftpdf.com/guides/why-is-my-pdf-too-large,https://liftpdf.com/organize-pdf,Organize PDF,INTERNAL
https://liftpdf.com/guides/why-is-my-pdf-too-large,https://liftpdf.com/pdf-image-tools,Image Tools,INTERNAL
https://liftpdf.com/guides/why-is-my-pdf-too-large,https://liftpdf.com/pdf-security,Security,INTERNAL
https://liftpdf.com/guides/why-is-my-pdf-too-large,https://liftpdf.com/learn,Learning Center,INTERNAL
https://liftpdf.com/guides/why-is-my-pdf-too-large,https://liftpdf.com/guides,Guides,INTERNAL
https://liftpdf.com/guides/why-is-my-pdf-too-large,https://liftpdf.com/pdf-glossary,PDF Glossary,INTERNAL
https://liftpdf.com/guides/why-is-my-pdf-too-large,https://liftpdf.com/help,Help Center,INTERNAL
https://liftpdf.com/guides/why-is-my-pdf-too-large,https://liftpdf.com/privacy,Privacy,INTERNAL
https://liftpdf.com/guides/why-is-my-pdf-too-large,https://liftpdf.com/cookies,Cookies,INTERNAL
https://liftpdf.com/guides/why-is-my-pdf-too-large,https://liftpdf.com/security,Security,INTERNAL
https://liftpdf.com/guides/why-is-my-pdf-too-large,https://liftpdf.com/about,About,INTERNAL
https://liftpdf.com/guides/why-is-my-pdf-too-large,https://liftpdf.com/why-liftpdf,Why LiftPDF,INTERNAL
https://liftpdf.com/guides/why-is-my-pdf-too-large,https://liftpdf.com/terms,Terms,INTERNAL
https://liftpdf.com/guides/why-is-my-pdf-too-large,https://liftpdf.com/contact,Contact,INTERNAL
https://liftpdf.com/guides/how-to-reduce-pdf-file-size-for-email,https://liftpdf.com/,LiftPDF,INTERNAL
https://liftpdf.com/guides/how-to-reduce-pdf-file-size-for-email,https://liftpdf.com/pdf-tools,PDF Tools,INTERNAL
https://liftpdf.com/guides/how-to-reduce-pdf-file-size-for-email,https://liftpdf.com/learn,Learn,INTERNAL
https://liftpdf.com/guides/how-to-reduce-pdf-file-size-for-email,https://liftpdf.com/jpg-to-pdf,Image to PDF,INTERNAL
https://liftpdf.com/guides/how-to-reduce-pdf-file-size-for-email,https://liftpdf.com/pdf-converter,Convert,INTERNAL
https://liftpdf.com/guides/how-to-reduce-pdf-file-size-for-email,https://liftpdf.com/pdf-editor,Edit,INTERNAL
https://liftpdf.com/guides/how-to-reduce-pdf-file-size-for-email,https://liftpdf.com/jpg-to-pdf,Start Now,INTERNAL
https://liftpdf.com/guides/how-to-reduce-pdf-file-size-for-email,https://liftpdf.com/pdf-tools,PDF Tools,INTERNAL
https://liftpdf.com/guides/how-to-reduce-pdf-file-size-for-email,https://liftpdf.com/learn,Learn,INTERNAL
https://liftpdf.com/guides/how-to-reduce-pdf-file-size-for-email,https://liftpdf.com/jpg-to-pdf,Image to PDF,INTERNAL
https://liftpdf.com/guides/how-to-reduce-pdf-file-size-for-email,https://liftpdf.com/pdf-converter,Convert,INTERNAL
https://liftpdf.com/guides/how-to-reduce-pdf-file-size-for-email,https://liftpdf.com/pdf-editor,Edit,INTERNAL
https://liftpdf.com/guides/how-to-reduce-pdf-file-size-for-email,https://liftpdf.com/jpg-to-pdf,Start Now,INTERNAL
https://liftpdf.com/guides/how-to-reduce-pdf-file-size-for-email,https://liftpdf.com/pdf-tools,Compress PDF,INTERNAL
https://liftpdf.com/guides/how-to-reduce-pdf-file-size-for-email,https://liftpdf.com/learn/pdf-basics,Browse PDF basics,INTERNAL
https://liftpdf.com/guides/how-to-reduce-pdf-file-size-for-email,https://liftpdf.com/pdf-tools,Compress PDF,INTERNAL
https://liftpdf.com/guides/how-to-reduce-pdf-file-size-for-email,https://liftpdf.com/guides/how-to-reduce-pdf-file-size-for-email#quick-answer,Quick answer,INTERNAL
https://liftpdf.com/guides/how-to-reduce-pdf-file-size-for-email,https://liftpdf.com/guides/how-to-reduce-pdf-file-size-for-email#why-email-pdfs-get-rejected,Why email PDFs get rejected,INTERNAL
https://liftpdf.com/guides/how-to-reduce-pdf-file-size-for-email,https://liftpdf.com/guides/how-to-reduce-pdf-file-size-for-email#a-clean-email-workflow,A clean email workflow,INTERNAL
https://liftpdf.com/guides/how-to-reduce-pdf-file-size-for-email,https://liftpdf.com/guides/how-to-reduce-pdf-file-size-for-email#faq,FAQ,INTERNAL
https://liftpdf.com/guides/how-to-reduce-pdf-file-size-for-email,https://liftpdf.com/pdf-tools,Compress PDF,INTERNAL
https://liftpdf.com/guides/how-to-reduce-pdf-file-size-for-email,https://liftpdf.com/compress-pdf,Compress PDFReduce PDF size in your browser.,INTERNAL
https://liftpdf.com/guides/how-to-reduce-pdf-file-size-for-email,https://liftpdf.com/delete-pages,Delete PagesRemove pages before compressing.,INTERNAL
https://liftpdf.com/guides/how-to-reduce-pdf-file-size-for-email,https://liftpdf.com/guides/why-is-my-pdf-too-large,Why is my PDF too large?Diagnose what makes a PDF heavy.,INTERNAL
https://liftpdf.com/guides/how-to-reduce-pdf-file-size-for-email,https://liftpdf.com/learn,"Learning CenterBrowse PDF tutorials, comparisons and troubleshooting resources.",INTERNAL
https://liftpdf.com/guides/how-to-reduce-pdf-file-size-for-email,https://liftpdf.com/pdf-glossary,PDF GlossaryLook up the terms used in this article.,INTERNAL
https://liftpdf.com/guides/how-to-reduce-pdf-file-size-for-email,https://liftpdf.com/,LiftPDF,INTERNAL
https://liftpdf.com/guides/how-to-reduce-pdf-file-size-for-email,https://liftpdf.com/pdf-tools,All PDF Tools,INTERNAL
https://liftpdf.com/guides/how-to-reduce-pdf-file-size-for-email,https://liftpdf.com/jpg-to-pdf,JPG to PDF,INTERNAL
https://liftpdf.com/guides/how-to-reduce-pdf-file-size-for-email,https://liftpdf.com/merge-pdf,Merge PDF,INTERNAL
https://liftpdf.com/guides/how-to-reduce-pdf-file-size-for-email,https://liftpdf.com/compress-pdf,Compress PDF,INTERNAL
https://liftpdf.com/guides/how-to-reduce-pdf-file-size-for-email,https://liftpdf.com/pdf-converter,Convert PDF,INTERNAL
https://liftpdf.com/guides/how-to-reduce-pdf-file-size-for-email,https://liftpdf.com/pdf-editor,Edit PDF,INTERNAL
https://liftpdf.com/guides/how-to-reduce-pdf-file-size-for-email,https://liftpdf.com/organize-pdf,Organize PDF,INTERNAL
https://liftpdf.com/guides/how-to-reduce-pdf-file-size-for-email,https://liftpdf.com/pdf-image-tools,Image Tools,INTERNAL
https://liftpdf.com/guides/how-to-reduce-pdf-file-size-for-email,https://liftpdf.com/pdf-security,Security,INTERNAL
https://liftpdf.com/guides/how-to-reduce-pdf-file-size-for-email,https://liftpdf.com/learn,Learning Center,INTERNAL
https://liftpdf.com/guides/how-to-reduce-pdf-file-size-for-email,https://liftpdf.com/guides,Guides,INTERNAL
https://liftpdf.com/guides/how-to-reduce-pdf-file-size-for-email,https://liftpdf.com/pdf-glossary,PDF Glossary,INTERNAL
https://liftpdf.com/guides/how-to-reduce-pdf-file-size-for-email,https://liftpdf.com/help,Help Center,INTERNAL
https://liftpdf.com/guides/how-to-reduce-pdf-file-size-for-email,https://liftpdf.com/privacy,Privacy,INTERNAL
https://liftpdf.com/guides/how-to-reduce-pdf-file-size-for-email,https://liftpdf.com/cookies,Cookies,INTERNAL
https://liftpdf.com/guides/how-to-reduce-pdf-file-size-for-email,https://liftpdf.com/security,Security,INTERNAL
https://liftpdf.com/guides/how-to-reduce-pdf-file-size-for-email,https://liftpdf.com/about,About,INTERNAL
https://liftpdf.com/guides/how-to-reduce-pdf-file-size-for-email,https://liftpdf.com/why-liftpdf,Why LiftPDF,INTERNAL
https://liftpdf.com/guides/how-to-reduce-pdf-file-size-for-email,https://liftpdf.com/terms,Terms,INTERNAL
https://liftpdf.com/guides/how-to-reduce-pdf-file-size-for-email,https://liftpdf.com/contact,Contact,INTERNAL
https://liftpdf.com/guides/how-to-combine-scanned-documents-into-one-pdf,https://liftpdf.com/,LiftPDF,INTERNAL
https://liftpdf.com/guides/how-to-combine-scanned-documents-into-one-pdf,https://liftpdf.com/pdf-tools,PDF Tools,INTERNAL
https://liftpdf.com/guides/how-to-combine-scanned-documents-into-one-pdf,https://liftpdf.com/learn,Learn,INTERNAL
https://liftpdf.com/guides/how-to-combine-scanned-documents-into-one-pdf,https://liftpdf.com/jpg-to-pdf,Image to PDF,INTERNAL
https://liftpdf.com/guides/how-to-combine-scanned-documents-into-one-pdf,https://liftpdf.com/pdf-converter,Convert,INTERNAL
https://liftpdf.com/guides/how-to-combine-scanned-documents-into-one-pdf,https://liftpdf.com/pdf-editor,Edit,INTERNAL
https://liftpdf.com/guides/how-to-combine-scanned-documents-into-one-pdf,https://liftpdf.com/jpg-to-pdf,Start Now,INTERNAL
https://liftpdf.com/guides/how-to-combine-scanned-documents-into-one-pdf,https://liftpdf.com/pdf-tools,PDF Tools,INTERNAL
https://liftpdf.com/guides/how-to-combine-scanned-documents-into-one-pdf,https://liftpdf.com/learn,Learn,INTERNAL
https://liftpdf.com/guides/how-to-combine-scanned-documents-into-one-pdf,https://liftpdf.com/jpg-to-pdf,Image to PDF,INTERNAL
https://liftpdf.com/guides/how-to-combine-scanned-documents-into-one-pdf,https://liftpdf.com/pdf-converter,Convert,INTERNAL
https://liftpdf.com/guides/how-to-combine-scanned-documents-into-one-pdf,https://liftpdf.com/pdf-editor,Edit,INTERNAL
https://liftpdf.com/guides/how-to-combine-scanned-documents-into-one-pdf,https://liftpdf.com/jpg-to-pdf,Start Now,INTERNAL
https://liftpdf.com/guides/how-to-combine-scanned-documents-into-one-pdf,https://liftpdf.com/organize-pdf,Merge PDF,INTERNAL
https://liftpdf.com/guides/how-to-combine-scanned-documents-into-one-pdf,https://liftpdf.com/learn/organize-pdf,Browse organize guides,INTERNAL
https://liftpdf.com/guides/how-to-combine-scanned-documents-into-one-pdf,https://liftpdf.com/organize-pdf,Merge PDF,INTERNAL
https://liftpdf.com/guides/how-to-combine-scanned-documents-into-one-pdf,https://liftpdf.com/guides/how-to-combine-scanned-documents-into-one-pdf#quick-answer,Quick answer,INTERNAL
https://liftpdf.com/guides/how-to-combine-scanned-documents-into-one-pdf,https://liftpdf.com/guides/how-to-combine-scanned-documents-into-one-pdf#scans-can-be-pdfs-or-images,Scans can be PDFs or images,INTERNAL
https://liftpdf.com/guides/how-to-combine-scanned-documents-into-one-pdf,https://liftpdf.com/guides/how-to-combine-scanned-documents-into-one-pdf#order-matters-more-than-format-labels,Order matters more than format labels,INTERNAL
https://liftpdf.com/guides/how-to-combine-scanned-documents-into-one-pdf,https://liftpdf.com/guides/how-to-combine-scanned-documents-into-one-pdf#faq,FAQ,INTERNAL
https://liftpdf.com/guides/how-to-combine-scanned-documents-into-one-pdf,https://liftpdf.com/organize-pdf,Merge PDF,INTERNAL
https://liftpdf.com/guides/how-to-combine-scanned-documents-into-one-pdf,https://liftpdf.com/merge-pdf,Merge PDFCombine scan PDFs into one file.,INTERNAL
https://liftpdf.com/guides/how-to-combine-scanned-documents-into-one-pdf,https://liftpdf.com/images-to-pdf,Images to PDFTurn image scans into a PDF.,INTERNAL
https://liftpdf.com/guides/how-to-combine-scanned-documents-into-one-pdf,https://liftpdf.com/guides/scanned-pdf-vs-searchable-pdf,Scanned vs searchable PDFUnderstand what your scan contains.,INTERNAL
https://liftpdf.com/guides/how-to-combine-scanned-documents-into-one-pdf,https://liftpdf.com/learn,"Learning CenterBrowse PDF tutorials, comparisons and troubleshooting resources.",INTERNAL
https://liftpdf.com/guides/how-to-combine-scanned-documents-into-one-pdf,https://liftpdf.com/pdf-glossary,PDF GlossaryLook up the terms used in this article.,INTERNAL
https://liftpdf.com/guides/how-to-combine-scanned-documents-into-one-pdf,https://liftpdf.com/,LiftPDF,INTERNAL
https://liftpdf.com/guides/how-to-combine-scanned-documents-into-one-pdf,https://liftpdf.com/pdf-tools,All PDF Tools,INTERNAL
https://liftpdf.com/guides/how-to-combine-scanned-documents-into-one-pdf,https://liftpdf.com/jpg-to-pdf,JPG to PDF,INTERNAL
https://liftpdf.com/guides/how-to-combine-scanned-documents-into-one-pdf,https://liftpdf.com/merge-pdf,Merge PDF,INTERNAL
https://liftpdf.com/guides/how-to-combine-scanned-documents-into-one-pdf,https://liftpdf.com/compress-pdf,Compress PDF,INTERNAL
https://liftpdf.com/guides/how-to-combine-scanned-documents-into-one-pdf,https://liftpdf.com/pdf-converter,Convert PDF,INTERNAL
https://liftpdf.com/guides/how-to-combine-scanned-documents-into-one-pdf,https://liftpdf.com/pdf-editor,Edit PDF,INTERNAL
https://liftpdf.com/guides/how-to-combine-scanned-documents-into-one-pdf,https://liftpdf.com/organize-pdf,Organize PDF,INTERNAL
https://liftpdf.com/guides/how-to-combine-scanned-documents-into-one-pdf,https://liftpdf.com/pdf-image-tools,Image Tools,INTERNAL
https://liftpdf.com/guides/how-to-combine-scanned-documents-into-one-pdf,https://liftpdf.com/pdf-security,Security,INTERNAL
https://liftpdf.com/guides/how-to-combine-scanned-documents-into-one-pdf,https://liftpdf.com/learn,Learning Center,INTERNAL
https://liftpdf.com/guides/how-to-combine-scanned-documents-into-one-pdf,https://liftpdf.com/guides,Guides,INTERNAL
https://liftpdf.com/guides/how-to-combine-scanned-documents-into-one-pdf,https://liftpdf.com/pdf-glossary,PDF Glossary,INTERNAL
https://liftpdf.com/guides/how-to-combine-scanned-documents-into-one-pdf,https://liftpdf.com/help,Help Center,INTERNAL
https://liftpdf.com/guides/how-to-combine-scanned-documents-into-one-pdf,https://liftpdf.com/privacy,Privacy,INTERNAL
https://liftpdf.com/guides/how-to-combine-scanned-documents-into-one-pdf,https://liftpdf.com/cookies,Cookies,INTERNAL
https://liftpdf.com/guides/how-to-combine-scanned-documents-into-one-pdf,https://liftpdf.com/security,Security,INTERNAL
https://liftpdf.com/guides/how-to-combine-scanned-documents-into-one-pdf,https://liftpdf.com/about,About,INTERNAL
https://liftpdf.com/guides/how-to-combine-scanned-documents-into-one-pdf,https://liftpdf.com/why-liftpdf,Why LiftPDF,INTERNAL
https://liftpdf.com/guides/how-to-combine-scanned-documents-into-one-pdf,https://liftpdf.com/terms,Terms,INTERNAL
https://liftpdf.com/guides/how-to-combine-scanned-documents-into-one-pdf,https://liftpdf.com/contact,Contact,INTERNAL
https://liftpdf.com/guides/how-to-prepare-a-pdf-for-online-submission,https://liftpdf.com/,LiftPDF,INTERNAL
https://liftpdf.com/guides/how-to-prepare-a-pdf-for-online-submission,https://liftpdf.com/pdf-tools,PDF Tools,INTERNAL
https://liftpdf.com/guides/how-to-prepare-a-pdf-for-online-submission,https://liftpdf.com/learn,Learn,INTERNAL
https://liftpdf.com/guides/how-to-prepare-a-pdf-for-online-submission,https://liftpdf.com/jpg-to-pdf,Image to PDF,INTERNAL
https://liftpdf.com/guides/how-to-prepare-a-pdf-for-online-submission,https://liftpdf.com/pdf-converter,Convert,INTERNAL
https://liftpdf.com/guides/how-to-prepare-a-pdf-for-online-submission,https://liftpdf.com/pdf-editor,Edit,INTERNAL
https://liftpdf.com/guides/how-to-prepare-a-pdf-for-online-submission,https://liftpdf.com/jpg-to-pdf,Start Now,INTERNAL
https://liftpdf.com/guides/how-to-prepare-a-pdf-for-online-submission,https://liftpdf.com/pdf-tools,PDF Tools,INTERNAL
https://liftpdf.com/guides/how-to-prepare-a-pdf-for-online-submission,https://liftpdf.com/learn,Learn,INTERNAL
https://liftpdf.com/guides/how-to-prepare-a-pdf-for-online-submission,https://liftpdf.com/jpg-to-pdf,Image to PDF,INTERNAL
https://liftpdf.com/guides/how-to-prepare-a-pdf-for-online-submission,https://liftpdf.com/pdf-converter,Convert,INTERNAL
https://liftpdf.com/guides/how-to-prepare-a-pdf-for-online-submission,https://liftpdf.com/pdf-editor,Edit,INTERNAL
https://liftpdf.com/guides/how-to-prepare-a-pdf-for-online-submission,https://liftpdf.com/jpg-to-pdf,Start Now,INTERNAL
https://liftpdf.com/guides/how-to-prepare-a-pdf-for-online-submission,https://liftpdf.com/pdf-tools,Browse PDF tools,INTERNAL
https://liftpdf.com/guides/how-to-prepare-a-pdf-for-online-submission,https://liftpdf.com/learn/pdf-basics,Browse PDF basics,INTERNAL
https://liftpdf.com/guides/how-to-prepare-a-pdf-for-online-submission,https://liftpdf.com/pdf-tools,Browse PDF tools,INTERNAL
https://liftpdf.com/guides/how-to-prepare-a-pdf-for-online-submission,https://liftpdf.com/guides/how-to-prepare-a-pdf-for-online-submission#quick-answer,Quick answer,INTERNAL
https://liftpdf.com/guides/how-to-prepare-a-pdf-for-online-submission,https://liftpdf.com/guides/how-to-prepare-a-pdf-for-online-submission#what-online-portals-usually-care-about,What online portals usually care about,INTERNAL
https://liftpdf.com/guides/how-to-prepare-a-pdf-for-online-submission,https://liftpdf.com/guides/how-to-prepare-a-pdf-for-online-submission#submission-checklist,Submission checklist,INTERNAL
https://liftpdf.com/guides/how-to-prepare-a-pdf-for-online-submission,https://liftpdf.com/guides/how-to-prepare-a-pdf-for-online-submission#faq,FAQ,INTERNAL
https://liftpdf.com/guides/how-to-prepare-a-pdf-for-online-submission,https://liftpdf.com/pdf-tools,Browse PDF tools,INTERNAL
https://liftpdf.com/guides/how-to-prepare-a-pdf-for-online-submission,https://liftpdf.com/learn,Learning CenterBrowse related PDF guides and explanations.,INTERNAL
https://liftpdf.com/guides/how-to-prepare-a-pdf-for-online-submission,https://liftpdf.com/pdf-tools,All PDF ToolsChoose the LiftPDF tool that matches your workflow.,INTERNAL
https://liftpdf.com/guides/how-to-prepare-a-pdf-for-online-submission,https://liftpdf.com/pdf-glossary,PDF GlossaryLook up the terms used in this article.,INTERNAL
https://liftpdf.com/guides/how-to-prepare-a-pdf-for-online-submission,https://liftpdf.com/,LiftPDF,INTERNAL
https://liftpdf.com/guides/how-to-prepare-a-pdf-for-online-submission,https://liftpdf.com/pdf-tools,All PDF Tools,INTERNAL
https://liftpdf.com/guides/how-to-prepare-a-pdf-for-online-submission,https://liftpdf.com/jpg-to-pdf,JPG to PDF,INTERNAL
https://liftpdf.com/guides/how-to-prepare-a-pdf-for-online-submission,https://liftpdf.com/merge-pdf,Merge PDF,INTERNAL
https://liftpdf.com/guides/how-to-prepare-a-pdf-for-online-submission,https://liftpdf.com/compress-pdf,Compress PDF,INTERNAL
https://liftpdf.com/guides/how-to-prepare-a-pdf-for-online-submission,https://liftpdf.com/pdf-converter,Convert PDF,INTERNAL
https://liftpdf.com/guides/how-to-prepare-a-pdf-for-online-submission,https://liftpdf.com/pdf-editor,Edit PDF,INTERNAL
https://liftpdf.com/guides/how-to-prepare-a-pdf-for-online-submission,https://liftpdf.com/organize-pdf,Organize PDF,INTERNAL
https://liftpdf.com/guides/how-to-prepare-a-pdf-for-online-submission,https://liftpdf.com/pdf-image-tools,Image Tools,INTERNAL
https://liftpdf.com/guides/how-to-prepare-a-pdf-for-online-submission,https://liftpdf.com/pdf-security,Security,INTERNAL
https://liftpdf.com/guides/how-to-prepare-a-pdf-for-online-submission,https://liftpdf.com/learn,Learning Center,INTERNAL
https://liftpdf.com/guides/how-to-prepare-a-pdf-for-online-submission,https://liftpdf.com/guides,Guides,INTERNAL
https://liftpdf.com/guides/how-to-prepare-a-pdf-for-online-submission,https://liftpdf.com/pdf-glossary,PDF Glossary,INTERNAL
https://liftpdf.com/guides/how-to-prepare-a-pdf-for-online-submission,https://liftpdf.com/help,Help Center,INTERNAL
https://liftpdf.com/guides/how-to-prepare-a-pdf-for-online-submission,https://liftpdf.com/privacy,Privacy,INTERNAL
https://liftpdf.com/guides/how-to-prepare-a-pdf-for-online-submission,https://liftpdf.com/cookies,Cookies,INTERNAL
https://liftpdf.com/guides/how-to-prepare-a-pdf-for-online-submission,https://liftpdf.com/security,Security,INTERNAL
https://liftpdf.com/guides/how-to-prepare-a-pdf-for-online-submission,https://liftpdf.com/about,About,INTERNAL
https://liftpdf.com/guides/how-to-prepare-a-pdf-for-online-submission,https://liftpdf.com/why-liftpdf,Why LiftPDF,INTERNAL
https://liftpdf.com/guides/how-to-prepare-a-pdf-for-online-submission,https://liftpdf.com/terms,Terms,INTERNAL
https://liftpdf.com/guides/how-to-prepare-a-pdf-for-online-submission,https://liftpdf.com/contact,Contact,INTERNAL
https://liftpdf.com/guides/how-to-organize-pdf-pages-before-sending,https://liftpdf.com/,LiftPDF,INTERNAL
https://liftpdf.com/guides/how-to-organize-pdf-pages-before-sending,https://liftpdf.com/pdf-tools,PDF Tools,INTERNAL
https://liftpdf.com/guides/how-to-organize-pdf-pages-before-sending,https://liftpdf.com/learn,Learn,INTERNAL
https://liftpdf.com/guides/how-to-organize-pdf-pages-before-sending,https://liftpdf.com/jpg-to-pdf,Image to PDF,INTERNAL
https://liftpdf.com/guides/how-to-organize-pdf-pages-before-sending,https://liftpdf.com/pdf-converter,Convert,INTERNAL
https://liftpdf.com/guides/how-to-organize-pdf-pages-before-sending,https://liftpdf.com/pdf-editor,Edit,INTERNAL
https://liftpdf.com/guides/how-to-organize-pdf-pages-before-sending,https://liftpdf.com/jpg-to-pdf,Start Now,INTERNAL
https://liftpdf.com/guides/how-to-organize-pdf-pages-before-sending,https://liftpdf.com/pdf-tools,PDF Tools,INTERNAL
https://liftpdf.com/guides/how-to-organize-pdf-pages-before-sending,https://liftpdf.com/learn,Learn,INTERNAL
https://liftpdf.com/guides/how-to-organize-pdf-pages-before-sending,https://liftpdf.com/jpg-to-pdf,Image to PDF,INTERNAL
https://liftpdf.com/guides/how-to-organize-pdf-pages-before-sending,https://liftpdf.com/pdf-converter,Convert,INTERNAL
https://liftpdf.com/guides/how-to-organize-pdf-pages-before-sending,https://liftpdf.com/pdf-editor,Edit,INTERNAL
https://liftpdf.com/guides/how-to-organize-pdf-pages-before-sending,https://liftpdf.com/jpg-to-pdf,Start Now,INTERNAL
https://liftpdf.com/guides/how-to-organize-pdf-pages-before-sending,https://liftpdf.com/organize-pdf,Organize PDF,INTERNAL
https://liftpdf.com/guides/how-to-organize-pdf-pages-before-sending,https://liftpdf.com/learn/organize-pdf,Browse organize guides,INTERNAL
https://liftpdf.com/guides/how-to-organize-pdf-pages-before-sending,https://liftpdf.com/organize-pdf,Organize PDF,INTERNAL
https://liftpdf.com/guides/how-to-organize-pdf-pages-before-sending,https://liftpdf.com/guides/how-to-organize-pdf-pages-before-sending#quick-answer,Quick answer,INTERNAL
https://liftpdf.com/guides/how-to-organize-pdf-pages-before-sending,https://liftpdf.com/guides/how-to-organize-pdf-pages-before-sending#choose-the-smallest-edit,Choose the smallest edit,INTERNAL
https://liftpdf.com/guides/how-to-organize-pdf-pages-before-sending,https://liftpdf.com/guides/how-to-organize-pdf-pages-before-sending#faq,FAQ,INTERNAL
https://liftpdf.com/guides/how-to-organize-pdf-pages-before-sending,https://liftpdf.com/organize-pdf,Organize PDF,INTERNAL
https://liftpdf.com/guides/how-to-organize-pdf-pages-before-sending,https://liftpdf.com/reorder-pages,Reorder PagesMove pages into the right sequence.,INTERNAL
https://liftpdf.com/guides/how-to-organize-pdf-pages-before-sending,https://liftpdf.com/delete-pages,Delete PagesRemove unwanted pages.,INTERNAL
https://liftpdf.com/guides/how-to-organize-pdf-pages-before-sending,https://liftpdf.com/merge-pdf,Merge PDFCombine cleaned PDFs.,INTERNAL
https://liftpdf.com/guides/how-to-organize-pdf-pages-before-sending,https://liftpdf.com/learn,"Learning CenterBrowse PDF tutorials, comparisons and troubleshooting resources.",INTERNAL
https://liftpdf.com/guides/how-to-organize-pdf-pages-before-sending,https://liftpdf.com/pdf-glossary,PDF GlossaryLook up the terms used in this article.,INTERNAL
https://liftpdf.com/guides/how-to-organize-pdf-pages-before-sending,https://liftpdf.com/,LiftPDF,INTERNAL
https://liftpdf.com/guides/how-to-organize-pdf-pages-before-sending,https://liftpdf.com/pdf-tools,All PDF Tools,INTERNAL
https://liftpdf.com/guides/how-to-organize-pdf-pages-before-sending,https://liftpdf.com/jpg-to-pdf,JPG to PDF,INTERNAL
https://liftpdf.com/guides/how-to-organize-pdf-pages-before-sending,https://liftpdf.com/merge-pdf,Merge PDF,INTERNAL
https://liftpdf.com/guides/how-to-organize-pdf-pages-before-sending,https://liftpdf.com/compress-pdf,Compress PDF,INTERNAL
https://liftpdf.com/guides/how-to-organize-pdf-pages-before-sending,https://liftpdf.com/pdf-converter,Convert PDF,INTERNAL
https://liftpdf.com/guides/how-to-organize-pdf-pages-before-sending,https://liftpdf.com/pdf-editor,Edit PDF,INTERNAL
https://liftpdf.com/guides/how-to-organize-pdf-pages-before-sending,https://liftpdf.com/organize-pdf,Organize PDF,INTERNAL
https://liftpdf.com/guides/how-to-organize-pdf-pages-before-sending,https://liftpdf.com/pdf-image-tools,Image Tools,INTERNAL
https://liftpdf.com/guides/how-to-organize-pdf-pages-before-sending,https://liftpdf.com/pdf-security,Security,INTERNAL
https://liftpdf.com/guides/how-to-organize-pdf-pages-before-sending,https://liftpdf.com/learn,Learning Center,INTERNAL
https://liftpdf.com/guides/how-to-organize-pdf-pages-before-sending,https://liftpdf.com/guides,Guides,INTERNAL
https://liftpdf.com/guides/how-to-organize-pdf-pages-before-sending,https://liftpdf.com/pdf-glossary,PDF Glossary,INTERNAL
https://liftpdf.com/guides/how-to-organize-pdf-pages-before-sending,https://liftpdf.com/help,Help Center,INTERNAL
https://liftpdf.com/guides/how-to-organize-pdf-pages-before-sending,https://liftpdf.com/privacy,Privacy,INTERNAL
https://liftpdf.com/guides/how-to-organize-pdf-pages-before-sending,https://liftpdf.com/cookies,Cookies,INTERNAL
https://liftpdf.com/guides/how-to-organize-pdf-pages-before-sending,https://liftpdf.com/security,Security,INTERNAL
https://liftpdf.com/guides/how-to-organize-pdf-pages-before-sending,https://liftpdf.com/about,About,INTERNAL
https://liftpdf.com/guides/how-to-organize-pdf-pages-before-sending,https://liftpdf.com/why-liftpdf,Why LiftPDF,INTERNAL
https://liftpdf.com/guides/how-to-organize-pdf-pages-before-sending,https://liftpdf.com/terms,Terms,INTERNAL
https://liftpdf.com/guides/how-to-organize-pdf-pages-before-sending,https://liftpdf.com/contact,Contact,INTERNAL
https://liftpdf.com/guides/how-to-turn-phone-photos-into-a-pdf,https://liftpdf.com/,LiftPDF,INTERNAL
https://liftpdf.com/guides/how-to-turn-phone-photos-into-a-pdf,https://liftpdf.com/pdf-tools,PDF Tools,INTERNAL
https://liftpdf.com/guides/how-to-turn-phone-photos-into-a-pdf,https://liftpdf.com/learn,Learn,INTERNAL
https://liftpdf.com/guides/how-to-turn-phone-photos-into-a-pdf,https://liftpdf.com/jpg-to-pdf,Image to PDF,INTERNAL
https://liftpdf.com/guides/how-to-turn-phone-photos-into-a-pdf,https://liftpdf.com/pdf-converter,Convert,INTERNAL
https://liftpdf.com/guides/how-to-turn-phone-photos-into-a-pdf,https://liftpdf.com/pdf-editor,Edit,INTERNAL
https://liftpdf.com/guides/how-to-turn-phone-photos-into-a-pdf,https://liftpdf.com/jpg-to-pdf,Start Now,INTERNAL
https://liftpdf.com/guides/how-to-turn-phone-photos-into-a-pdf,https://liftpdf.com/pdf-tools,PDF Tools,INTERNAL
https://liftpdf.com/guides/how-to-turn-phone-photos-into-a-pdf,https://liftpdf.com/learn,Learn,INTERNAL
https://liftpdf.com/guides/how-to-turn-phone-photos-into-a-pdf,https://liftpdf.com/jpg-to-pdf,Image to PDF,INTERNAL
https://liftpdf.com/guides/how-to-turn-phone-photos-into-a-pdf,https://liftpdf.com/pdf-converter,Convert,INTERNAL
https://liftpdf.com/guides/how-to-turn-phone-photos-into-a-pdf,https://liftpdf.com/pdf-editor,Edit,INTERNAL
https://liftpdf.com/guides/how-to-turn-phone-photos-into-a-pdf,https://liftpdf.com/jpg-to-pdf,Start Now,INTERNAL
https://liftpdf.com/guides/how-to-turn-phone-photos-into-a-pdf,https://liftpdf.com/pdf-image-tools,Convert images to PDF,INTERNAL
https://liftpdf.com/guides/how-to-turn-phone-photos-into-a-pdf,https://liftpdf.com/learn/pdf-images,Browse image guides,INTERNAL
https://liftpdf.com/guides/how-to-turn-phone-photos-into-a-pdf,https://liftpdf.com/pdf-image-tools,Convert images to PDF,INTERNAL
https://liftpdf.com/guides/how-to-turn-phone-photos-into-a-pdf,https://liftpdf.com/guides/how-to-turn-phone-photos-into-a-pdf#quick-answer,Quick answer,INTERNAL
https://liftpdf.com/guides/how-to-turn-phone-photos-into-a-pdf,https://liftpdf.com/guides/how-to-turn-phone-photos-into-a-pdf#photo-quality-matters-before-conversion,Photo quality matters before conversion,INTERNAL
https://liftpdf.com/guides/how-to-turn-phone-photos-into-a-pdf,https://liftpdf.com/guides/how-to-turn-phone-photos-into-a-pdf#faq,FAQ,INTERNAL
https://liftpdf.com/guides/how-to-turn-phone-photos-into-a-pdf,https://liftpdf.com/pdf-image-tools,Convert images to PDF,INTERNAL
https://liftpdf.com/guides/how-to-turn-phone-photos-into-a-pdf,https://liftpdf.com/jpg-to-pdf,JPG to PDFConvert phone JPG photos into PDF.,INTERNAL
https://liftpdf.com/guides/how-to-turn-phone-photos-into-a-pdf,https://liftpdf.com/images-to-pdf,Images to PDFCombine mixed image formats.,INTERNAL
https://liftpdf.com/guides/how-to-turn-phone-photos-into-a-pdf,https://liftpdf.com/guides/how-to-keep-pdf-images-sharp,Keep PDF images sharpAvoid blurry output.,INTERNAL
https://liftpdf.com/guides/how-to-turn-phone-photos-into-a-pdf,https://liftpdf.com/learn,"Learning CenterBrowse PDF tutorials, comparisons and troubleshooting resources.",INTERNAL
https://liftpdf.com/guides/how-to-turn-phone-photos-into-a-pdf,https://liftpdf.com/pdf-glossary,PDF GlossaryLook up the terms used in this article.,INTERNAL
https://liftpdf.com/guides/how-to-turn-phone-photos-into-a-pdf,https://liftpdf.com/,LiftPDF,INTERNAL
https://liftpdf.com/guides/how-to-turn-phone-photos-into-a-pdf,https://liftpdf.com/pdf-tools,All PDF Tools,INTERNAL
https://liftpdf.com/guides/how-to-turn-phone-photos-into-a-pdf,https://liftpdf.com/jpg-to-pdf,JPG to PDF,INTERNAL
https://liftpdf.com/guides/how-to-turn-phone-photos-into-a-pdf,https://liftpdf.com/merge-pdf,Merge PDF,INTERNAL
https://liftpdf.com/guides/how-to-turn-phone-photos-into-a-pdf,https://liftpdf.com/compress-pdf,Compress PDF,INTERNAL
https://liftpdf.com/guides/how-to-turn-phone-photos-into-a-pdf,https://liftpdf.com/pdf-converter,Convert PDF,INTERNAL
https://liftpdf.com/guides/how-to-turn-phone-photos-into-a-pdf,https://liftpdf.com/pdf-editor,Edit PDF,INTERNAL
https://liftpdf.com/guides/how-to-turn-phone-photos-into-a-pdf,https://liftpdf.com/organize-pdf,Organize PDF,INTERNAL
https://liftpdf.com/guides/how-to-turn-phone-photos-into-a-pdf,https://liftpdf.com/pdf-image-tools,Image Tools,INTERNAL
https://liftpdf.com/guides/how-to-turn-phone-photos-into-a-pdf,https://liftpdf.com/pdf-security,Security,INTERNAL
https://liftpdf.com/guides/how-to-turn-phone-photos-into-a-pdf,https://liftpdf.com/learn,Learning Center,INTERNAL
https://liftpdf.com/guides/how-to-turn-phone-photos-into-a-pdf,https://liftpdf.com/guides,Guides,INTERNAL
https://liftpdf.com/guides/how-to-turn-phone-photos-into-a-pdf,https://liftpdf.com/pdf-glossary,PDF Glossary,INTERNAL
https://liftpdf.com/guides/how-to-turn-phone-photos-into-a-pdf,https://liftpdf.com/help,Help Center,INTERNAL
https://liftpdf.com/guides/how-to-turn-phone-photos-into-a-pdf,https://liftpdf.com/privacy,Privacy,INTERNAL
https://liftpdf.com/guides/how-to-turn-phone-photos-into-a-pdf,https://liftpdf.com/cookies,Cookies,INTERNAL
https://liftpdf.com/guides/how-to-turn-phone-photos-into-a-pdf,https://liftpdf.com/security,Security,INTERNAL
https://liftpdf.com/guides/how-to-turn-phone-photos-into-a-pdf,https://liftpdf.com/about,About,INTERNAL
https://liftpdf.com/guides/how-to-turn-phone-photos-into-a-pdf,https://liftpdf.com/why-liftpdf,Why LiftPDF,INTERNAL
https://liftpdf.com/guides/how-to-turn-phone-photos-into-a-pdf,https://liftpdf.com/terms,Terms,INTERNAL
https://liftpdf.com/guides/how-to-turn-phone-photos-into-a-pdf,https://liftpdf.com/contact,Contact,INTERNAL
https://liftpdf.com/guides/how-to-keep-pdf-images-sharp,https://liftpdf.com/,LiftPDF,INTERNAL
https://liftpdf.com/guides/how-to-keep-pdf-images-sharp,https://liftpdf.com/pdf-tools,PDF Tools,INTERNAL
https://liftpdf.com/guides/how-to-keep-pdf-images-sharp,https://liftpdf.com/learn,Learn,INTERNAL
https://liftpdf.com/guides/how-to-keep-pdf-images-sharp,https://liftpdf.com/jpg-to-pdf,Image to PDF,INTERNAL
https://liftpdf.com/guides/how-to-keep-pdf-images-sharp,https://liftpdf.com/pdf-converter,Convert,INTERNAL
https://liftpdf.com/guides/how-to-keep-pdf-images-sharp,https://liftpdf.com/pdf-editor,Edit,INTERNAL
https://liftpdf.com/guides/how-to-keep-pdf-images-sharp,https://liftpdf.com/jpg-to-pdf,Start Now,INTERNAL
https://liftpdf.com/guides/how-to-keep-pdf-images-sharp,https://liftpdf.com/pdf-tools,PDF Tools,INTERNAL
https://liftpdf.com/guides/how-to-keep-pdf-images-sharp,https://liftpdf.com/learn,Learn,INTERNAL
https://liftpdf.com/guides/how-to-keep-pdf-images-sharp,https://liftpdf.com/jpg-to-pdf,Image to PDF,INTERNAL
https://liftpdf.com/guides/how-to-keep-pdf-images-sharp,https://liftpdf.com/pdf-converter,Convert,INTERNAL
https://liftpdf.com/guides/how-to-keep-pdf-images-sharp,https://liftpdf.com/pdf-editor,Edit,INTERNAL
https://liftpdf.com/guides/how-to-keep-pdf-images-sharp,https://liftpdf.com/jpg-to-pdf,Start Now,INTERNAL
https://liftpdf.com/guides/how-to-keep-pdf-images-sharp,https://liftpdf.com/pdf-image-tools,Convert JPG to PDF,INTERNAL
https://liftpdf.com/guides/how-to-keep-pdf-images-sharp,https://liftpdf.com/learn/pdf-images,Browse image guides,INTERNAL
https://liftpdf.com/guides/how-to-keep-pdf-images-sharp,https://liftpdf.com/pdf-image-tools,Convert JPG to PDF,INTERNAL
https://liftpdf.com/guides/how-to-keep-pdf-images-sharp,https://liftpdf.com/guides/how-to-keep-pdf-images-sharp#quick-answer,Quick answer,INTERNAL
https://liftpdf.com/guides/how-to-keep-pdf-images-sharp,https://liftpdf.com/guides/how-to-keep-pdf-images-sharp#sharpness-is-mostly-decided-before-export,Sharpness is mostly decided before export,INTERNAL
https://liftpdf.com/guides/how-to-keep-pdf-images-sharp,https://liftpdf.com/guides/how-to-keep-pdf-images-sharp#faq,FAQ,INTERNAL
https://liftpdf.com/guides/how-to-keep-pdf-images-sharp,https://liftpdf.com/pdf-image-tools,Convert JPG to PDF,INTERNAL
https://liftpdf.com/guides/how-to-keep-pdf-images-sharp,https://liftpdf.com/guides/how-to-convert-jpg-to-pdf-without-losing-quality,JPG to PDF quality guideChoose safer conversion settings.,INTERNAL
https://liftpdf.com/guides/how-to-keep-pdf-images-sharp,https://liftpdf.com/guides/why-is-my-jpg-blurry-after-pdf,Why JPG looks blurryDiagnose blurry output.,INTERNAL
https://liftpdf.com/guides/how-to-keep-pdf-images-sharp,https://liftpdf.com/guides/jpg-vs-png,JPG vs PNGPick the right image format.,INTERNAL
https://liftpdf.com/guides/how-to-keep-pdf-images-sharp,https://liftpdf.com/learn,"Learning CenterBrowse PDF tutorials, comparisons and troubleshooting resources.",INTERNAL
https://liftpdf.com/guides/how-to-keep-pdf-images-sharp,https://liftpdf.com/pdf-glossary,PDF GlossaryLook up the terms used in this article.,INTERNAL
https://liftpdf.com/guides/how-to-keep-pdf-images-sharp,https://liftpdf.com/,LiftPDF,INTERNAL
https://liftpdf.com/guides/how-to-keep-pdf-images-sharp,https://liftpdf.com/pdf-tools,All PDF Tools,INTERNAL
https://liftpdf.com/guides/how-to-keep-pdf-images-sharp,https://liftpdf.com/jpg-to-pdf,JPG to PDF,INTERNAL
https://liftpdf.com/guides/how-to-keep-pdf-images-sharp,https://liftpdf.com/merge-pdf,Merge PDF,INTERNAL
https://liftpdf.com/guides/how-to-keep-pdf-images-sharp,https://liftpdf.com/compress-pdf,Compress PDF,INTERNAL
https://liftpdf.com/guides/how-to-keep-pdf-images-sharp,https://liftpdf.com/pdf-converter,Convert PDF,INTERNAL
https://liftpdf.com/guides/how-to-keep-pdf-images-sharp,https://liftpdf.com/pdf-editor,Edit PDF,INTERNAL
https://liftpdf.com/guides/how-to-keep-pdf-images-sharp,https://liftpdf.com/organize-pdf,Organize PDF,INTERNAL
https://liftpdf.com/guides/how-to-keep-pdf-images-sharp,https://liftpdf.com/pdf-image-tools,Image Tools,INTERNAL
https://liftpdf.com/guides/how-to-keep-pdf-images-sharp,https://liftpdf.com/pdf-security,Security,INTERNAL
https://liftpdf.com/guides/how-to-keep-pdf-images-sharp,https://liftpdf.com/learn,Learning Center,INTERNAL
https://liftpdf.com/guides/how-to-keep-pdf-images-sharp,https://liftpdf.com/guides,Guides,INTERNAL
https://liftpdf.com/guides/how-to-keep-pdf-images-sharp,https://liftpdf.com/pdf-glossary,PDF Glossary,INTERNAL
https://liftpdf.com/guides/how-to-keep-pdf-images-sharp,https://liftpdf.com/help,Help Center,INTERNAL
https://liftpdf.com/guides/how-to-keep-pdf-images-sharp,https://liftpdf.com/privacy,Privacy,INTERNAL
https://liftpdf.com/guides/how-to-keep-pdf-images-sharp,https://liftpdf.com/cookies,Cookies,INTERNAL
https://liftpdf.com/guides/how-to-keep-pdf-images-sharp,https://liftpdf.com/security,Security,INTERNAL
https://liftpdf.com/guides/how-to-keep-pdf-images-sharp,https://liftpdf.com/about,About,INTERNAL
https://liftpdf.com/guides/how-to-keep-pdf-images-sharp,https://liftpdf.com/why-liftpdf,Why LiftPDF,INTERNAL
https://liftpdf.com/guides/how-to-keep-pdf-images-sharp,https://liftpdf.com/terms,Terms,INTERNAL
https://liftpdf.com/guides/how-to-keep-pdf-images-sharp,https://liftpdf.com/contact,Contact,INTERNAL
https://liftpdf.com/guides/why-pdf-opens-blank,https://liftpdf.com/,LiftPDF,INTERNAL
https://liftpdf.com/guides/why-pdf-opens-blank,https://liftpdf.com/pdf-tools,PDF Tools,INTERNAL
https://liftpdf.com/guides/why-pdf-opens-blank,https://liftpdf.com/learn,Learn,INTERNAL
https://liftpdf.com/guides/why-pdf-opens-blank,https://liftpdf.com/jpg-to-pdf,Image to PDF,INTERNAL
https://liftpdf.com/guides/why-pdf-opens-blank,https://liftpdf.com/pdf-converter,Convert,INTERNAL
https://liftpdf.com/guides/why-pdf-opens-blank,https://liftpdf.com/pdf-editor,Edit,INTERNAL
https://liftpdf.com/guides/why-pdf-opens-blank,https://liftpdf.com/jpg-to-pdf,Start Now,INTERNAL
https://liftpdf.com/guides/why-pdf-opens-blank,https://liftpdf.com/pdf-tools,PDF Tools,INTERNAL
https://liftpdf.com/guides/why-pdf-opens-blank,https://liftpdf.com/learn,Learn,INTERNAL
https://liftpdf.com/guides/why-pdf-opens-blank,https://liftpdf.com/jpg-to-pdf,Image to PDF,INTERNAL
https://liftpdf.com/guides/why-pdf-opens-blank,https://liftpdf.com/pdf-converter,Convert,INTERNAL
https://liftpdf.com/guides/why-pdf-opens-blank,https://liftpdf.com/pdf-editor,Edit,INTERNAL
https://liftpdf.com/guides/why-pdf-opens-blank,https://liftpdf.com/jpg-to-pdf,Start Now,INTERNAL
https://liftpdf.com/guides/why-pdf-opens-blank,https://liftpdf.com/help,Open Help Center,INTERNAL
https://liftpdf.com/guides/why-pdf-opens-blank,https://liftpdf.com/learn/troubleshooting,Browse troubleshooting,INTERNAL
https://liftpdf.com/guides/why-pdf-opens-blank,https://liftpdf.com/help,Open Help Center,INTERNAL
https://liftpdf.com/guides/why-pdf-opens-blank,https://liftpdf.com/guides/why-pdf-opens-blank#quick-answer,Quick answer,INTERNAL
https://liftpdf.com/guides/why-pdf-opens-blank,https://liftpdf.com/guides/why-pdf-opens-blank#do-not-process-a-broken-looking-pdf-blindly,Do not process a broken-looking PDF blindly,INTERNAL
https://liftpdf.com/guides/why-pdf-opens-blank,https://liftpdf.com/guides/why-pdf-opens-blank#faq,FAQ,INTERNAL
https://liftpdf.com/guides/why-pdf-opens-blank,https://liftpdf.com/help,Open Help Center,INTERNAL
https://liftpdf.com/guides/why-pdf-opens-blank,https://liftpdf.com/help,Help CenterCheck common PDF errors.,INTERNAL
https://liftpdf.com/guides/why-pdf-opens-blank,https://liftpdf.com/unlock-pdf,Unlock PDFUnlock a protected PDF when you know the password.,INTERNAL
https://liftpdf.com/guides/why-pdf-opens-blank,https://liftpdf.com/pdf-to-text,PDF to TextCheck selectable text after the PDF opens correctly.,INTERNAL
https://liftpdf.com/guides/why-pdf-opens-blank,https://liftpdf.com/learn,"Learning CenterBrowse PDF tutorials, comparisons and troubleshooting resources.",INTERNAL
https://liftpdf.com/guides/why-pdf-opens-blank,https://liftpdf.com/pdf-glossary,PDF GlossaryLook up the terms used in this article.,INTERNAL
https://liftpdf.com/guides/why-pdf-opens-blank,https://liftpdf.com/,LiftPDF,INTERNAL
https://liftpdf.com/guides/why-pdf-opens-blank,https://liftpdf.com/pdf-tools,All PDF Tools,INTERNAL
https://liftpdf.com/guides/why-pdf-opens-blank,https://liftpdf.com/jpg-to-pdf,JPG to PDF,INTERNAL
https://liftpdf.com/guides/why-pdf-opens-blank,https://liftpdf.com/merge-pdf,Merge PDF,INTERNAL
https://liftpdf.com/guides/why-pdf-opens-blank,https://liftpdf.com/compress-pdf,Compress PDF,INTERNAL
https://liftpdf.com/guides/why-pdf-opens-blank,https://liftpdf.com/pdf-converter,Convert PDF,INTERNAL
https://liftpdf.com/guides/why-pdf-opens-blank,https://liftpdf.com/pdf-editor,Edit PDF,INTERNAL
https://liftpdf.com/guides/why-pdf-opens-blank,https://liftpdf.com/organize-pdf,Organize PDF,INTERNAL
https://liftpdf.com/guides/why-pdf-opens-blank,https://liftpdf.com/pdf-image-tools,Image Tools,INTERNAL
https://liftpdf.com/guides/why-pdf-opens-blank,https://liftpdf.com/pdf-security,Security,INTERNAL
https://liftpdf.com/guides/why-pdf-opens-blank,https://liftpdf.com/learn,Learning Center,INTERNAL
https://liftpdf.com/guides/why-pdf-opens-blank,https://liftpdf.com/guides,Guides,INTERNAL
https://liftpdf.com/guides/why-pdf-opens-blank,https://liftpdf.com/pdf-glossary,PDF Glossary,INTERNAL
https://liftpdf.com/guides/why-pdf-opens-blank,https://liftpdf.com/help,Help Center,INTERNAL
https://liftpdf.com/guides/why-pdf-opens-blank,https://liftpdf.com/privacy,Privacy,INTERNAL
https://liftpdf.com/guides/why-pdf-opens-blank,https://liftpdf.com/cookies,Cookies,INTERNAL
https://liftpdf.com/guides/why-pdf-opens-blank,https://liftpdf.com/security,Security,INTERNAL
https://liftpdf.com/guides/why-pdf-opens-blank,https://liftpdf.com/about,About,INTERNAL
https://liftpdf.com/guides/why-pdf-opens-blank,https://liftpdf.com/why-liftpdf,Why LiftPDF,INTERNAL
https://liftpdf.com/guides/why-pdf-opens-blank,https://liftpdf.com/terms,Terms,INTERNAL
https://liftpdf.com/guides/why-pdf-opens-blank,https://liftpdf.com/contact,Contact,INTERNAL
https://liftpdf.com/guides/why-a-pdf-is-password-protected,https://liftpdf.com/,LiftPDF,INTERNAL
https://liftpdf.com/guides/why-a-pdf-is-password-protected,https://liftpdf.com/pdf-tools,PDF Tools,INTERNAL
https://liftpdf.com/guides/why-a-pdf-is-password-protected,https://liftpdf.com/learn,Learn,INTERNAL
https://liftpdf.com/guides/why-a-pdf-is-password-protected,https://liftpdf.com/jpg-to-pdf,Image to PDF,INTERNAL
https://liftpdf.com/guides/why-a-pdf-is-password-protected,https://liftpdf.com/pdf-converter,Convert,INTERNAL
https://liftpdf.com/guides/why-a-pdf-is-password-protected,https://liftpdf.com/pdf-editor,Edit,INTERNAL
https://liftpdf.com/guides/why-a-pdf-is-password-protected,https://liftpdf.com/jpg-to-pdf,Start Now,INTERNAL
https://liftpdf.com/guides/why-a-pdf-is-password-protected,https://liftpdf.com/pdf-tools,PDF Tools,INTERNAL
https://liftpdf.com/guides/why-a-pdf-is-password-protected,https://liftpdf.com/learn,Learn,INTERNAL
https://liftpdf.com/guides/why-a-pdf-is-password-protected,https://liftpdf.com/jpg-to-pdf,Image to PDF,INTERNAL
https://liftpdf.com/guides/why-a-pdf-is-password-protected,https://liftpdf.com/pdf-converter,Convert,INTERNAL
https://liftpdf.com/guides/why-a-pdf-is-password-protected,https://liftpdf.com/pdf-editor,Edit,INTERNAL
https://liftpdf.com/guides/why-a-pdf-is-password-protected,https://liftpdf.com/jpg-to-pdf,Start Now,INTERNAL
https://liftpdf.com/guides/why-a-pdf-is-password-protected,https://liftpdf.com/pdf-security,Learn PDF security,INTERNAL
https://liftpdf.com/guides/why-a-pdf-is-password-protected,https://liftpdf.com/learn/pdf-security,Browse security guides,INTERNAL
https://liftpdf.com/guides/why-a-pdf-is-password-protected,https://liftpdf.com/pdf-security,Learn PDF security,INTERNAL
https://liftpdf.com/guides/why-a-pdf-is-password-protected,https://liftpdf.com/guides/why-a-pdf-is-password-protected#quick-answer,Quick answer,INTERNAL
https://liftpdf.com/guides/why-a-pdf-is-password-protected,https://liftpdf.com/guides/why-a-pdf-is-password-protected#why-protection-exists,Why protection exists,INTERNAL
https://liftpdf.com/guides/why-a-pdf-is-password-protected,https://liftpdf.com/guides/why-a-pdf-is-password-protected#faq,FAQ,INTERNAL
https://liftpdf.com/guides/why-a-pdf-is-password-protected,https://liftpdf.com/pdf-security,Learn PDF security,INTERNAL
https://liftpdf.com/guides/why-a-pdf-is-password-protected,https://liftpdf.com/guides/what-is-a-password-protected-pdf,Password-protected PDFs explainedUnderstand real PDF encryption.,INTERNAL
https://liftpdf.com/guides/why-a-pdf-is-password-protected,https://liftpdf.com/protect-pdf,Protect PDFAdd a real opening password.,INTERNAL
https://liftpdf.com/guides/why-a-pdf-is-password-protected,https://liftpdf.com/unlock-pdf,Unlock PDFRemove encryption with the correct password.,INTERNAL
https://liftpdf.com/guides/why-a-pdf-is-password-protected,https://liftpdf.com/learn,"Learning CenterBrowse PDF tutorials, comparisons and troubleshooting resources.",INTERNAL
https://liftpdf.com/guides/why-a-pdf-is-password-protected,https://liftpdf.com/pdf-glossary,PDF GlossaryLook up the terms used in this article.,INTERNAL
https://liftpdf.com/guides/why-a-pdf-is-password-protected,https://liftpdf.com/,LiftPDF,INTERNAL
https://liftpdf.com/guides/why-a-pdf-is-password-protected,https://liftpdf.com/pdf-tools,All PDF Tools,INTERNAL
https://liftpdf.com/guides/why-a-pdf-is-password-protected,https://liftpdf.com/jpg-to-pdf,JPG to PDF,INTERNAL
https://liftpdf.com/guides/why-a-pdf-is-password-protected,https://liftpdf.com/merge-pdf,Merge PDF,INTERNAL
https://liftpdf.com/guides/why-a-pdf-is-password-protected,https://liftpdf.com/compress-pdf,Compress PDF,INTERNAL
https://liftpdf.com/guides/why-a-pdf-is-password-protected,https://liftpdf.com/pdf-converter,Convert PDF,INTERNAL
https://liftpdf.com/guides/why-a-pdf-is-password-protected,https://liftpdf.com/pdf-editor,Edit PDF,INTERNAL
https://liftpdf.com/guides/why-a-pdf-is-password-protected,https://liftpdf.com/organize-pdf,Organize PDF,INTERNAL
https://liftpdf.com/guides/why-a-pdf-is-password-protected,https://liftpdf.com/pdf-image-tools,Image Tools,INTERNAL
https://liftpdf.com/guides/why-a-pdf-is-password-protected,https://liftpdf.com/pdf-security,Security,INTERNAL
https://liftpdf.com/guides/why-a-pdf-is-password-protected,https://liftpdf.com/learn,Learning Center,INTERNAL
https://liftpdf.com/guides/why-a-pdf-is-password-protected,https://liftpdf.com/guides,Guides,INTERNAL
https://liftpdf.com/guides/why-a-pdf-is-password-protected,https://liftpdf.com/pdf-glossary,PDF Glossary,INTERNAL
https://liftpdf.com/guides/why-a-pdf-is-password-protected,https://liftpdf.com/help,Help Center,INTERNAL
https://liftpdf.com/guides/why-a-pdf-is-password-protected,https://liftpdf.com/privacy,Privacy,INTERNAL
https://liftpdf.com/guides/why-a-pdf-is-password-protected,https://liftpdf.com/cookies,Cookies,INTERNAL
https://liftpdf.com/guides/why-a-pdf-is-password-protected,https://liftpdf.com/security,Security,INTERNAL
https://liftpdf.com/guides/why-a-pdf-is-password-protected,https://liftpdf.com/about,About,INTERNAL
https://liftpdf.com/guides/why-a-pdf-is-password-protected,https://liftpdf.com/why-liftpdf,Why LiftPDF,INTERNAL
https://liftpdf.com/guides/why-a-pdf-is-password-protected,https://liftpdf.com/terms,Terms,INTERNAL
https://liftpdf.com/guides/why-a-pdf-is-password-protected,https://liftpdf.com/contact,Contact,INTERNAL
https://liftpdf.com/guides/pdf-vs-jpg,https://liftpdf.com/,LiftPDF,INTERNAL
https://liftpdf.com/guides/pdf-vs-jpg,https://liftpdf.com/pdf-tools,PDF Tools,INTERNAL
https://liftpdf.com/guides/pdf-vs-jpg,https://liftpdf.com/learn,Learn,INTERNAL
https://liftpdf.com/guides/pdf-vs-jpg,https://liftpdf.com/jpg-to-pdf,Image to PDF,INTERNAL
https://liftpdf.com/guides/pdf-vs-jpg,https://liftpdf.com/pdf-converter,Convert,INTERNAL
https://liftpdf.com/guides/pdf-vs-jpg,https://liftpdf.com/pdf-editor,Edit,INTERNAL
https://liftpdf.com/guides/pdf-vs-jpg,https://liftpdf.com/jpg-to-pdf,Start Now,INTERNAL
https://liftpdf.com/guides/pdf-vs-jpg,https://liftpdf.com/pdf-tools,PDF Tools,INTERNAL
https://liftpdf.com/guides/pdf-vs-jpg,https://liftpdf.com/learn,Learn,INTERNAL
https://liftpdf.com/guides/pdf-vs-jpg,https://liftpdf.com/jpg-to-pdf,Image to PDF,INTERNAL
https://liftpdf.com/guides/pdf-vs-jpg,https://liftpdf.com/pdf-converter,Convert,INTERNAL
https://liftpdf.com/guides/pdf-vs-jpg,https://liftpdf.com/pdf-editor,Edit,INTERNAL
https://liftpdf.com/guides/pdf-vs-jpg,https://liftpdf.com/jpg-to-pdf,Start Now,INTERNAL
https://liftpdf.com/guides/pdf-vs-jpg,https://liftpdf.com/learn/comparisons,Convert JPG to PDF,INTERNAL
https://liftpdf.com/guides/pdf-vs-jpg,https://liftpdf.com/pdf-tools,Browse PDF tools,INTERNAL
https://liftpdf.com/guides/pdf-vs-jpg,https://liftpdf.com/learn/comparisons,Convert JPG to PDF,INTERNAL
https://liftpdf.com/guides/pdf-vs-jpg,https://liftpdf.com/guides/pdf-vs-jpg#quick-answer,Quick answer,INTERNAL
https://liftpdf.com/guides/pdf-vs-jpg,https://liftpdf.com/guides/pdf-vs-jpg#the-practical-difference,The practical difference,INTERNAL
https://liftpdf.com/guides/pdf-vs-jpg,https://liftpdf.com/guides/pdf-vs-jpg#faq,FAQ,INTERNAL
https://liftpdf.com/guides/pdf-vs-jpg,https://liftpdf.com/learn/comparisons,Convert JPG to PDF,INTERNAL
https://liftpdf.com/guides/pdf-vs-jpg,https://liftpdf.com/jpg-to-pdf,JPG to PDFTurn JPG images into PDF.,INTERNAL
https://liftpdf.com/guides/pdf-vs-jpg,https://liftpdf.com/pdf-to-jpg,PDF to JPGExport PDF pages as JPG.,INTERNAL
https://liftpdf.com/guides/pdf-vs-jpg,https://liftpdf.com/guides/jpg-vs-png,JPG vs PNGCompare image formats.,INTERNAL
https://liftpdf.com/guides/pdf-vs-jpg,https://liftpdf.com/learn,"Learning CenterBrowse PDF tutorials, comparisons and troubleshooting resources.",INTERNAL
https://liftpdf.com/guides/pdf-vs-jpg,https://liftpdf.com/pdf-glossary,PDF GlossaryLook up the terms used in this article.,INTERNAL
https://liftpdf.com/guides/pdf-vs-jpg,https://liftpdf.com/,LiftPDF,INTERNAL
https://liftpdf.com/guides/pdf-vs-jpg,https://liftpdf.com/pdf-tools,All PDF Tools,INTERNAL
https://liftpdf.com/guides/pdf-vs-jpg,https://liftpdf.com/jpg-to-pdf,JPG to PDF,INTERNAL
https://liftpdf.com/guides/pdf-vs-jpg,https://liftpdf.com/merge-pdf,Merge PDF,INTERNAL
https://liftpdf.com/guides/pdf-vs-jpg,https://liftpdf.com/compress-pdf,Compress PDF,INTERNAL
https://liftpdf.com/guides/pdf-vs-jpg,https://liftpdf.com/pdf-converter,Convert PDF,INTERNAL
https://liftpdf.com/guides/pdf-vs-jpg,https://liftpdf.com/pdf-editor,Edit PDF,INTERNAL
https://liftpdf.com/guides/pdf-vs-jpg,https://liftpdf.com/organize-pdf,Organize PDF,INTERNAL
https://liftpdf.com/guides/pdf-vs-jpg,https://liftpdf.com/pdf-image-tools,Image Tools,INTERNAL
https://liftpdf.com/guides/pdf-vs-jpg,https://liftpdf.com/pdf-security,Security,INTERNAL
https://liftpdf.com/guides/pdf-vs-jpg,https://liftpdf.com/learn,Learning Center,INTERNAL
https://liftpdf.com/guides/pdf-vs-jpg,https://liftpdf.com/guides,Guides,INTERNAL
https://liftpdf.com/guides/pdf-vs-jpg,https://liftpdf.com/pdf-glossary,PDF Glossary,INTERNAL
https://liftpdf.com/guides/pdf-vs-jpg,https://liftpdf.com/help,Help Center,INTERNAL
https://liftpdf.com/guides/pdf-vs-jpg,https://liftpdf.com/privacy,Privacy,INTERNAL
https://liftpdf.com/guides/pdf-vs-jpg,https://liftpdf.com/cookies,Cookies,INTERNAL
https://liftpdf.com/guides/pdf-vs-jpg,https://liftpdf.com/security,Security,INTERNAL
https://liftpdf.com/guides/pdf-vs-jpg,https://liftpdf.com/about,About,INTERNAL
https://liftpdf.com/guides/pdf-vs-jpg,https://liftpdf.com/why-liftpdf,Why LiftPDF,INTERNAL
https://liftpdf.com/guides/pdf-vs-jpg,https://liftpdf.com/terms,Terms,INTERNAL
https://liftpdf.com/guides/pdf-vs-jpg,https://liftpdf.com/contact,Contact,INTERNAL
https://liftpdf.com/guides/pdf-vs-png,https://liftpdf.com/,LiftPDF,INTERNAL
https://liftpdf.com/guides/pdf-vs-png,https://liftpdf.com/pdf-tools,PDF Tools,INTERNAL
https://liftpdf.com/guides/pdf-vs-png,https://liftpdf.com/learn,Learn,INTERNAL
https://liftpdf.com/guides/pdf-vs-png,https://liftpdf.com/jpg-to-pdf,Image to PDF,INTERNAL
https://liftpdf.com/guides/pdf-vs-png,https://liftpdf.com/pdf-converter,Convert,INTERNAL
https://liftpdf.com/guides/pdf-vs-png,https://liftpdf.com/pdf-editor,Edit,INTERNAL
https://liftpdf.com/guides/pdf-vs-png,https://liftpdf.com/jpg-to-pdf,Start Now,INTERNAL
https://liftpdf.com/guides/pdf-vs-png,https://liftpdf.com/pdf-tools,PDF Tools,INTERNAL
https://liftpdf.com/guides/pdf-vs-png,https://liftpdf.com/learn,Learn,INTERNAL
https://liftpdf.com/guides/pdf-vs-png,https://liftpdf.com/jpg-to-pdf,Image to PDF,INTERNAL
https://liftpdf.com/guides/pdf-vs-png,https://liftpdf.com/pdf-converter,Convert,INTERNAL
https://liftpdf.com/guides/pdf-vs-png,https://liftpdf.com/pdf-editor,Edit,INTERNAL
https://liftpdf.com/guides/pdf-vs-png,https://liftpdf.com/jpg-to-pdf,Start Now,INTERNAL
https://liftpdf.com/guides/pdf-vs-png,https://liftpdf.com/learn/comparisons,Convert PNG to PDF,INTERNAL
https://liftpdf.com/guides/pdf-vs-png,https://liftpdf.com/pdf-tools,Browse PDF tools,INTERNAL
https://liftpdf.com/guides/pdf-vs-png,https://liftpdf.com/learn/comparisons,Convert PNG to PDF,INTERNAL
https://liftpdf.com/guides/pdf-vs-png,https://liftpdf.com/guides/pdf-vs-png#quick-answer,Quick answer,INTERNAL
https://liftpdf.com/guides/pdf-vs-png,https://liftpdf.com/guides/pdf-vs-png#screenshots-versus-documents,Screenshots versus documents,INTERNAL
https://liftpdf.com/guides/pdf-vs-png,https://liftpdf.com/guides/pdf-vs-png#faq,FAQ,INTERNAL
https://liftpdf.com/guides/pdf-vs-png,https://liftpdf.com/learn/comparisons,Convert PNG to PDF,INTERNAL
https://liftpdf.com/guides/pdf-vs-png,https://liftpdf.com/png-to-pdf,PNG to PDFConvert PNG files to PDF.,INTERNAL
https://liftpdf.com/guides/pdf-vs-png,https://liftpdf.com/guides/png-vs-pdf,PNG vs PDFCompare PNG and PDF more directly.,INTERNAL
https://liftpdf.com/guides/pdf-vs-png,https://liftpdf.com/pdf-image-tools,PDF Image ToolsChoose image and PDF workflows.,INTERNAL
https://liftpdf.com/guides/pdf-vs-png,https://liftpdf.com/learn,"Learning CenterBrowse PDF tutorials, comparisons and troubleshooting resources.",INTERNAL
https://liftpdf.com/guides/pdf-vs-png,https://liftpdf.com/pdf-glossary,PDF GlossaryLook up the terms used in this article.,INTERNAL
https://liftpdf.com/guides/pdf-vs-png,https://liftpdf.com/,LiftPDF,INTERNAL
https://liftpdf.com/guides/pdf-vs-png,https://liftpdf.com/pdf-tools,All PDF Tools,INTERNAL
https://liftpdf.com/guides/pdf-vs-png,https://liftpdf.com/jpg-to-pdf,JPG to PDF,INTERNAL
https://liftpdf.com/guides/pdf-vs-png,https://liftpdf.com/merge-pdf,Merge PDF,INTERNAL
https://liftpdf.com/guides/pdf-vs-png,https://liftpdf.com/compress-pdf,Compress PDF,INTERNAL
https://liftpdf.com/guides/pdf-vs-png,https://liftpdf.com/pdf-converter,Convert PDF,INTERNAL
https://liftpdf.com/guides/pdf-vs-png,https://liftpdf.com/pdf-editor,Edit PDF,INTERNAL
https://liftpdf.com/guides/pdf-vs-png,https://liftpdf.com/organize-pdf,Organize PDF,INTERNAL
https://liftpdf.com/guides/pdf-vs-png,https://liftpdf.com/pdf-image-tools,Image Tools,INTERNAL
https://liftpdf.com/guides/pdf-vs-png,https://liftpdf.com/pdf-security,Security,INTERNAL
https://liftpdf.com/guides/pdf-vs-png,https://liftpdf.com/learn,Learning Center,INTERNAL
https://liftpdf.com/guides/pdf-vs-png,https://liftpdf.com/guides,Guides,INTERNAL
https://liftpdf.com/guides/pdf-vs-png,https://liftpdf.com/pdf-glossary,PDF Glossary,INTERNAL
https://liftpdf.com/guides/pdf-vs-png,https://liftpdf.com/help,Help Center,INTERNAL
https://liftpdf.com/guides/pdf-vs-png,https://liftpdf.com/privacy,Privacy,INTERNAL
https://liftpdf.com/guides/pdf-vs-png,https://liftpdf.com/cookies,Cookies,INTERNAL
https://liftpdf.com/guides/pdf-vs-png,https://liftpdf.com/security,Security,INTERNAL
https://liftpdf.com/guides/pdf-vs-png,https://liftpdf.com/about,About,INTERNAL
https://liftpdf.com/guides/pdf-vs-png,https://liftpdf.com/why-liftpdf,Why LiftPDF,INTERNAL
https://liftpdf.com/guides/pdf-vs-png,https://liftpdf.com/terms,Terms,INTERNAL
https://liftpdf.com/guides/pdf-vs-png,https://liftpdf.com/contact,Contact,INTERNAL
https://liftpdf.com/guides/how-to-compress-pdf-without-losing-quality,https://liftpdf.com/,LiftPDF,INTERNAL
https://liftpdf.com/guides/how-to-compress-pdf-without-losing-quality,https://liftpdf.com/pdf-tools,PDF Tools,INTERNAL
https://liftpdf.com/guides/how-to-compress-pdf-without-losing-quality,https://liftpdf.com/learn,Learn,INTERNAL
https://liftpdf.com/guides/how-to-compress-pdf-without-losing-quality,https://liftpdf.com/jpg-to-pdf,Image to PDF,INTERNAL
https://liftpdf.com/guides/how-to-compress-pdf-without-losing-quality,https://liftpdf.com/pdf-converter,Convert,INTERNAL
https://liftpdf.com/guides/how-to-compress-pdf-without-losing-quality,https://liftpdf.com/pdf-editor,Edit,INTERNAL
https://liftpdf.com/guides/how-to-compress-pdf-without-losing-quality,https://liftpdf.com/jpg-to-pdf,Start Now,INTERNAL
https://liftpdf.com/guides/how-to-compress-pdf-without-losing-quality,https://liftpdf.com/pdf-tools,PDF Tools,INTERNAL
https://liftpdf.com/guides/how-to-compress-pdf-without-losing-quality,https://liftpdf.com/learn,Learn,INTERNAL
https://liftpdf.com/guides/how-to-compress-pdf-without-losing-quality,https://liftpdf.com/jpg-to-pdf,Image to PDF,INTERNAL
https://liftpdf.com/guides/how-to-compress-pdf-without-losing-quality,https://liftpdf.com/pdf-converter,Convert,INTERNAL
https://liftpdf.com/guides/how-to-compress-pdf-without-losing-quality,https://liftpdf.com/pdf-editor,Edit,INTERNAL
https://liftpdf.com/guides/how-to-compress-pdf-without-losing-quality,https://liftpdf.com/jpg-to-pdf,Start Now,INTERNAL
https://liftpdf.com/guides/how-to-compress-pdf-without-losing-quality,https://liftpdf.com/pdf-tools,Compress PDF,INTERNAL
https://liftpdf.com/guides/how-to-compress-pdf-without-losing-quality,https://liftpdf.com/learn/pdf-basics,Browse PDF basics,INTERNAL
https://liftpdf.com/guides/how-to-compress-pdf-without-losing-quality,https://liftpdf.com/pdf-tools,Compress PDF,INTERNAL
https://liftpdf.com/guides/how-to-compress-pdf-without-losing-quality,https://liftpdf.com/guides/how-to-compress-pdf-without-losing-quality#quick-answer,Quick answer,INTERNAL
https://liftpdf.com/guides/how-to-compress-pdf-without-losing-quality,https://liftpdf.com/guides/how-to-compress-pdf-without-losing-quality#quality-loss-depends-on-what-the-pdf-contains,Quality loss depends on what the PDF contains,INTERNAL
https://liftpdf.com/guides/how-to-compress-pdf-without-losing-quality,https://liftpdf.com/guides/how-to-compress-pdf-without-losing-quality#compress-after-the-document-is-final,Compress after the document is final,INTERNAL
https://liftpdf.com/guides/how-to-compress-pdf-without-losing-quality,https://liftpdf.com/guides/how-to-compress-pdf-without-losing-quality#decision-table,Compression safety checklist,INTERNAL
https://liftpdf.com/guides/how-to-compress-pdf-without-losing-quality,https://liftpdf.com/guides/how-to-compress-pdf-without-losing-quality#faq,FAQ,INTERNAL
https://liftpdf.com/guides/how-to-compress-pdf-without-losing-quality,https://liftpdf.com/pdf-tools,Compress PDF,INTERNAL
https://liftpdf.com/guides/how-to-compress-pdf-without-losing-quality,https://liftpdf.com/compress-pdf,Compress PDFReduce PDF size in your browser.,INTERNAL
https://liftpdf.com/guides/how-to-compress-pdf-without-losing-quality,https://liftpdf.com/guides/why-is-my-pdf-too-large,Why is my PDF too large?Find the cause before compressing.,INTERNAL
https://liftpdf.com/guides/how-to-compress-pdf-without-losing-quality,https://liftpdf.com/guides/how-to-reduce-pdf-file-size-for-email,Reduce PDF size for emailPrepare files for attachment limits.,INTERNAL
https://liftpdf.com/guides/how-to-compress-pdf-without-losing-quality,https://liftpdf.com/learn,"Learning CenterBrowse PDF tutorials, comparisons and troubleshooting resources.",INTERNAL
https://liftpdf.com/guides/how-to-compress-pdf-without-losing-quality,https://liftpdf.com/pdf-glossary,PDF GlossaryLook up the terms used in this article.,INTERNAL
https://liftpdf.com/guides/how-to-compress-pdf-without-losing-quality,https://liftpdf.com/,LiftPDF,INTERNAL
https://liftpdf.com/guides/how-to-compress-pdf-without-losing-quality,https://liftpdf.com/pdf-tools,All PDF Tools,INTERNAL
https://liftpdf.com/guides/how-to-compress-pdf-without-losing-quality,https://liftpdf.com/jpg-to-pdf,JPG to PDF,INTERNAL
https://liftpdf.com/guides/how-to-compress-pdf-without-losing-quality,https://liftpdf.com/merge-pdf,Merge PDF,INTERNAL
https://liftpdf.com/guides/how-to-compress-pdf-without-losing-quality,https://liftpdf.com/compress-pdf,Compress PDF,INTERNAL
https://liftpdf.com/guides/how-to-compress-pdf-without-losing-quality,https://liftpdf.com/pdf-converter,Convert PDF,INTERNAL
https://liftpdf.com/guides/how-to-compress-pdf-without-losing-quality,https://liftpdf.com/pdf-editor,Edit PDF,INTERNAL
https://liftpdf.com/guides/how-to-compress-pdf-without-losing-quality,https://liftpdf.com/organize-pdf,Organize PDF,INTERNAL
https://liftpdf.com/guides/how-to-compress-pdf-without-losing-quality,https://liftpdf.com/pdf-image-tools,Image Tools,INTERNAL
https://liftpdf.com/guides/how-to-compress-pdf-without-losing-quality,https://liftpdf.com/pdf-security,Security,INTERNAL
https://liftpdf.com/guides/how-to-compress-pdf-without-losing-quality,https://liftpdf.com/learn,Learning Center,INTERNAL
https://liftpdf.com/guides/how-to-compress-pdf-without-losing-quality,https://liftpdf.com/guides,Guides,INTERNAL
https://liftpdf.com/guides/how-to-compress-pdf-without-losing-quality,https://liftpdf.com/pdf-glossary,PDF Glossary,INTERNAL
https://liftpdf.com/guides/how-to-compress-pdf-without-losing-quality,https://liftpdf.com/help,Help Center,INTERNAL
https://liftpdf.com/guides/how-to-compress-pdf-without-losing-quality,https://liftpdf.com/privacy,Privacy,INTERNAL
https://liftpdf.com/guides/how-to-compress-pdf-without-losing-quality,https://liftpdf.com/cookies,Cookies,INTERNAL
https://liftpdf.com/guides/how-to-compress-pdf-without-losing-quality,https://liftpdf.com/security,Security,INTERNAL
https://liftpdf.com/guides/how-to-compress-pdf-without-losing-quality,https://liftpdf.com/about,About,INTERNAL
https://liftpdf.com/guides/how-to-compress-pdf-without-losing-quality,https://liftpdf.com/why-liftpdf,Why LiftPDF,INTERNAL
https://liftpdf.com/guides/how-to-compress-pdf-without-losing-quality,https://liftpdf.com/terms,Terms,INTERNAL
https://liftpdf.com/guides/how-to-compress-pdf-without-losing-quality,https://liftpdf.com/contact,Contact,INTERNAL
https://liftpdf.com/guides/compress-pdf-for-email,https://liftpdf.com/,LiftPDF,INTERNAL
https://liftpdf.com/guides/compress-pdf-for-email,https://liftpdf.com/pdf-tools,PDF Tools,INTERNAL
https://liftpdf.com/guides/compress-pdf-for-email,https://liftpdf.com/learn,Learn,INTERNAL
https://liftpdf.com/guides/compress-pdf-for-email,https://liftpdf.com/jpg-to-pdf,Image to PDF,INTERNAL
https://liftpdf.com/guides/compress-pdf-for-email,https://liftpdf.com/pdf-converter,Convert,INTERNAL
https://liftpdf.com/guides/compress-pdf-for-email,https://liftpdf.com/pdf-editor,Edit,INTERNAL
https://liftpdf.com/guides/compress-pdf-for-email,https://liftpdf.com/jpg-to-pdf,Start Now,INTERNAL
https://liftpdf.com/guides/compress-pdf-for-email,https://liftpdf.com/pdf-tools,PDF Tools,INTERNAL
https://liftpdf.com/guides/compress-pdf-for-email,https://liftpdf.com/learn,Learn,INTERNAL
https://liftpdf.com/guides/compress-pdf-for-email,https://liftpdf.com/jpg-to-pdf,Image to PDF,INTERNAL
https://liftpdf.com/guides/compress-pdf-for-email,https://liftpdf.com/pdf-converter,Convert,INTERNAL
https://liftpdf.com/guides/compress-pdf-for-email,https://liftpdf.com/pdf-editor,Edit,INTERNAL
https://liftpdf.com/guides/compress-pdf-for-email,https://liftpdf.com/jpg-to-pdf,Start Now,INTERNAL
https://liftpdf.com/guides/compress-pdf-for-email,https://liftpdf.com/pdf-tools,Compress PDF,INTERNAL
https://liftpdf.com/guides/compress-pdf-for-email,https://liftpdf.com/learn/pdf-basics,Browse PDF basics,INTERNAL
https://liftpdf.com/guides/compress-pdf-for-email,https://liftpdf.com/pdf-tools,Compress PDF,INTERNAL
https://liftpdf.com/guides/compress-pdf-for-email,https://liftpdf.com/guides/compress-pdf-for-email#quick-answer,Quick answer,INTERNAL
https://liftpdf.com/guides/compress-pdf-for-email,https://liftpdf.com/guides/compress-pdf-for-email#email-limits-are-not-the-only-goal,Email limits are not the only goal,INTERNAL
https://liftpdf.com/guides/compress-pdf-for-email,https://liftpdf.com/guides/compress-pdf-for-email#when-to-split-instead-of-compress,When to split instead of compress,INTERNAL
https://liftpdf.com/guides/compress-pdf-for-email,https://liftpdf.com/guides/compress-pdf-for-email#faq,FAQ,INTERNAL
https://liftpdf.com/guides/compress-pdf-for-email,https://liftpdf.com/pdf-tools,Compress PDF,INTERNAL
https://liftpdf.com/guides/compress-pdf-for-email,https://liftpdf.com/compress-pdf,Compress PDFCreate a smaller PDF file.,INTERNAL
https://liftpdf.com/guides/compress-pdf-for-email,https://liftpdf.com/extract-pages,Extract PagesSend only the required pages.,INTERNAL
https://liftpdf.com/guides/compress-pdf-for-email,https://liftpdf.com/guides/how-to-prepare-a-pdf-for-online-submission,How to prepare a PDF for online submissionCheck a PDF before uploading or emailing it.,INTERNAL
https://liftpdf.com/guides/compress-pdf-for-email,https://liftpdf.com/learn,"Learning CenterBrowse PDF tutorials, comparisons and troubleshooting resources.",INTERNAL
https://liftpdf.com/guides/compress-pdf-for-email,https://liftpdf.com/pdf-glossary,PDF GlossaryLook up the terms used in this article.,INTERNAL
https://liftpdf.com/guides/compress-pdf-for-email,https://liftpdf.com/,LiftPDF,INTERNAL
https://liftpdf.com/guides/compress-pdf-for-email,https://liftpdf.com/pdf-tools,All PDF Tools,INTERNAL
https://liftpdf.com/guides/compress-pdf-for-email,https://liftpdf.com/jpg-to-pdf,JPG to PDF,INTERNAL
https://liftpdf.com/guides/compress-pdf-for-email,https://liftpdf.com/merge-pdf,Merge PDF,INTERNAL
https://liftpdf.com/guides/compress-pdf-for-email,https://liftpdf.com/compress-pdf,Compress PDF,INTERNAL
https://liftpdf.com/guides/compress-pdf-for-email,https://liftpdf.com/pdf-converter,Convert PDF,INTERNAL
https://liftpdf.com/guides/compress-pdf-for-email,https://liftpdf.com/pdf-editor,Edit PDF,INTERNAL
https://liftpdf.com/guides/compress-pdf-for-email,https://liftpdf.com/organize-pdf,Organize PDF,INTERNAL
https://liftpdf.com/guides/compress-pdf-for-email,https://liftpdf.com/pdf-image-tools,Image Tools,INTERNAL
https://liftpdf.com/guides/compress-pdf-for-email,https://liftpdf.com/pdf-security,Security,INTERNAL
https://liftpdf.com/guides/compress-pdf-for-email,https://liftpdf.com/learn,Learning Center,INTERNAL
https://liftpdf.com/guides/compress-pdf-for-email,https://liftpdf.com/guides,Guides,INTERNAL
https://liftpdf.com/guides/compress-pdf-for-email,https://liftpdf.com/pdf-glossary,PDF Glossary,INTERNAL
https://liftpdf.com/guides/compress-pdf-for-email,https://liftpdf.com/help,Help Center,INTERNAL
https://liftpdf.com/guides/compress-pdf-for-email,https://liftpdf.com/privacy,Privacy,INTERNAL
https://liftpdf.com/guides/compress-pdf-for-email,https://liftpdf.com/cookies,Cookies,INTERNAL
https://liftpdf.com/guides/compress-pdf-for-email,https://liftpdf.com/security,Security,INTERNAL
https://liftpdf.com/guides/compress-pdf-for-email,https://liftpdf.com/about,About,INTERNAL
https://liftpdf.com/guides/compress-pdf-for-email,https://liftpdf.com/why-liftpdf,Why LiftPDF,INTERNAL
https://liftpdf.com/guides/compress-pdf-for-email,https://liftpdf.com/terms,Terms,INTERNAL
https://liftpdf.com/guides/compress-pdf-for-email,https://liftpdf.com/contact,Contact,INTERNAL
https://liftpdf.com/guides/reduce-scanned-pdf-size,https://liftpdf.com/,LiftPDF,INTERNAL
https://liftpdf.com/guides/reduce-scanned-pdf-size,https://liftpdf.com/pdf-tools,PDF Tools,INTERNAL
https://liftpdf.com/guides/reduce-scanned-pdf-size,https://liftpdf.com/learn,Learn,INTERNAL
https://liftpdf.com/guides/reduce-scanned-pdf-size,https://liftpdf.com/jpg-to-pdf,Image to PDF,INTERNAL
https://liftpdf.com/guides/reduce-scanned-pdf-size,https://liftpdf.com/pdf-converter,Convert,INTERNAL
https://liftpdf.com/guides/reduce-scanned-pdf-size,https://liftpdf.com/pdf-editor,Edit,INTERNAL
https://liftpdf.com/guides/reduce-scanned-pdf-size,https://liftpdf.com/jpg-to-pdf,Start Now,INTERNAL
https://liftpdf.com/guides/reduce-scanned-pdf-size,https://liftpdf.com/pdf-tools,PDF Tools,INTERNAL
https://liftpdf.com/guides/reduce-scanned-pdf-size,https://liftpdf.com/learn,Learn,INTERNAL
https://liftpdf.com/guides/reduce-scanned-pdf-size,https://liftpdf.com/jpg-to-pdf,Image to PDF,INTERNAL
https://liftpdf.com/guides/reduce-scanned-pdf-size,https://liftpdf.com/pdf-converter,Convert,INTERNAL
https://liftpdf.com/guides/reduce-scanned-pdf-size,https://liftpdf.com/pdf-editor,Edit,INTERNAL
https://liftpdf.com/guides/reduce-scanned-pdf-size,https://liftpdf.com/jpg-to-pdf,Start Now,INTERNAL
https://liftpdf.com/guides/reduce-scanned-pdf-size,https://liftpdf.com/help,Compress PDF,INTERNAL
https://liftpdf.com/guides/reduce-scanned-pdf-size,https://liftpdf.com/learn/troubleshooting,Browse troubleshooting,INTERNAL
https://liftpdf.com/guides/reduce-scanned-pdf-size,https://liftpdf.com/help,Compress PDF,INTERNAL
https://liftpdf.com/guides/reduce-scanned-pdf-size,https://liftpdf.com/guides/reduce-scanned-pdf-size#quick-answer,Quick answer,INTERNAL
https://liftpdf.com/guides/reduce-scanned-pdf-size,https://liftpdf.com/guides/reduce-scanned-pdf-size#why-scans-are-heavy,Why scans are heavy,INTERNAL
https://liftpdf.com/guides/reduce-scanned-pdf-size,https://liftpdf.com/guides/reduce-scanned-pdf-size#ocr-is-a-different-problem,OCR is a different problem,INTERNAL
https://liftpdf.com/guides/reduce-scanned-pdf-size,https://liftpdf.com/guides/reduce-scanned-pdf-size#faq,FAQ,INTERNAL
https://liftpdf.com/guides/reduce-scanned-pdf-size,https://liftpdf.com/help,Compress PDF,INTERNAL
https://liftpdf.com/guides/reduce-scanned-pdf-size,https://liftpdf.com/compress-pdf,Compress PDFReduce PDF size locally in your browser.,INTERNAL
https://liftpdf.com/guides/reduce-scanned-pdf-size,https://liftpdf.com/guides/scanned-pdf-vs-searchable-pdf,Scanned vs searchable PDFUnderstand image-only PDFs.,INTERNAL
https://liftpdf.com/guides/reduce-scanned-pdf-size,https://liftpdf.com/pdf-to-text,PDF to TextExtract selectable text when it exists.,INTERNAL
https://liftpdf.com/guides/reduce-scanned-pdf-size,https://liftpdf.com/learn,"Learning CenterBrowse PDF tutorials, comparisons and troubleshooting resources.",INTERNAL
https://liftpdf.com/guides/reduce-scanned-pdf-size,https://liftpdf.com/pdf-glossary,PDF GlossaryLook up the terms used in this article.,INTERNAL
https://liftpdf.com/guides/reduce-scanned-pdf-size,https://liftpdf.com/,LiftPDF,INTERNAL
https://liftpdf.com/guides/reduce-scanned-pdf-size,https://liftpdf.com/pdf-tools,All PDF Tools,INTERNAL
https://liftpdf.com/guides/reduce-scanned-pdf-size,https://liftpdf.com/jpg-to-pdf,JPG to PDF,INTERNAL
https://liftpdf.com/guides/reduce-scanned-pdf-size,https://liftpdf.com/merge-pdf,Merge PDF,INTERNAL
https://liftpdf.com/guides/reduce-scanned-pdf-size,https://liftpdf.com/compress-pdf,Compress PDF,INTERNAL
https://liftpdf.com/guides/reduce-scanned-pdf-size,https://liftpdf.com/pdf-converter,Convert PDF,INTERNAL
https://liftpdf.com/guides/reduce-scanned-pdf-size,https://liftpdf.com/pdf-editor,Edit PDF,INTERNAL
https://liftpdf.com/guides/reduce-scanned-pdf-size,https://liftpdf.com/organize-pdf,Organize PDF,INTERNAL
https://liftpdf.com/guides/reduce-scanned-pdf-size,https://liftpdf.com/pdf-image-tools,Image Tools,INTERNAL
https://liftpdf.com/guides/reduce-scanned-pdf-size,https://liftpdf.com/pdf-security,Security,INTERNAL
https://liftpdf.com/guides/reduce-scanned-pdf-size,https://liftpdf.com/learn,Learning Center,INTERNAL
https://liftpdf.com/guides/reduce-scanned-pdf-size,https://liftpdf.com/guides,Guides,INTERNAL
https://liftpdf.com/guides/reduce-scanned-pdf-size,https://liftpdf.com/pdf-glossary,PDF Glossary,INTERNAL
https://liftpdf.com/guides/reduce-scanned-pdf-size,https://liftpdf.com/help,Help Center,INTERNAL
https://liftpdf.com/guides/reduce-scanned-pdf-size,https://liftpdf.com/privacy,Privacy,INTERNAL
https://liftpdf.com/guides/reduce-scanned-pdf-size,https://liftpdf.com/cookies,Cookies,INTERNAL
https://liftpdf.com/guides/reduce-scanned-pdf-size,https://liftpdf.com/security,Security,INTERNAL
https://liftpdf.com/guides/reduce-scanned-pdf-size,https://liftpdf.com/about,About,INTERNAL
https://liftpdf.com/guides/reduce-scanned-pdf-size,https://liftpdf.com/why-liftpdf,Why LiftPDF,INTERNAL
https://liftpdf.com/guides/reduce-scanned-pdf-size,https://liftpdf.com/terms,Terms,INTERNAL
https://liftpdf.com/guides/reduce-scanned-pdf-size,https://liftpdf.com/contact,Contact,INTERNAL
https://liftpdf.com/guides/pdf-compression-vs-optimization,https://liftpdf.com/,LiftPDF,INTERNAL
https://liftpdf.com/guides/pdf-compression-vs-optimization,https://liftpdf.com/pdf-tools,PDF Tools,INTERNAL
https://liftpdf.com/guides/pdf-compression-vs-optimization,https://liftpdf.com/learn,Learn,INTERNAL
https://liftpdf.com/guides/pdf-compression-vs-optimization,https://liftpdf.com/jpg-to-pdf,Image to PDF,INTERNAL
https://liftpdf.com/guides/pdf-compression-vs-optimization,https://liftpdf.com/pdf-converter,Convert,INTERNAL
https://liftpdf.com/guides/pdf-compression-vs-optimization,https://liftpdf.com/pdf-editor,Edit,INTERNAL
https://liftpdf.com/guides/pdf-compression-vs-optimization,https://liftpdf.com/jpg-to-pdf,Start Now,INTERNAL
https://liftpdf.com/guides/pdf-compression-vs-optimization,https://liftpdf.com/pdf-tools,PDF Tools,INTERNAL
https://liftpdf.com/guides/pdf-compression-vs-optimization,https://liftpdf.com/learn,Learn,INTERNAL
https://liftpdf.com/guides/pdf-compression-vs-optimization,https://liftpdf.com/jpg-to-pdf,Image to PDF,INTERNAL
https://liftpdf.com/guides/pdf-compression-vs-optimization,https://liftpdf.com/pdf-converter,Convert,INTERNAL
https://liftpdf.com/guides/pdf-compression-vs-optimization,https://liftpdf.com/pdf-editor,Edit,INTERNAL
https://liftpdf.com/guides/pdf-compression-vs-optimization,https://liftpdf.com/jpg-to-pdf,Start Now,INTERNAL
https://liftpdf.com/guides/pdf-compression-vs-optimization,https://liftpdf.com/learn/comparisons,Compress PDF,INTERNAL
https://liftpdf.com/guides/pdf-compression-vs-optimization,https://liftpdf.com/pdf-tools,Browse PDF tools,INTERNAL
https://liftpdf.com/guides/pdf-compression-vs-optimization,https://liftpdf.com/learn/comparisons,Compress PDF,INTERNAL
https://liftpdf.com/guides/pdf-compression-vs-optimization,https://liftpdf.com/guides/pdf-compression-vs-optimization#quick-answer,Quick answer,INTERNAL
https://liftpdf.com/guides/pdf-compression-vs-optimization,https://liftpdf.com/guides/pdf-compression-vs-optimization#why-the-terms-get-mixed,Why the terms get mixed,INTERNAL
https://liftpdf.com/guides/pdf-compression-vs-optimization,https://liftpdf.com/guides/pdf-compression-vs-optimization#what-liftpdf-does-honestly,What LiftPDF does honestly,INTERNAL
https://liftpdf.com/guides/pdf-compression-vs-optimization,https://liftpdf.com/guides/pdf-compression-vs-optimization#decision-table,Compression or optimization?,INTERNAL
https://liftpdf.com/guides/pdf-compression-vs-optimization,https://liftpdf.com/guides/pdf-compression-vs-optimization#faq,FAQ,INTERNAL
https://liftpdf.com/guides/pdf-compression-vs-optimization,https://liftpdf.com/learn/comparisons,Compress PDF,INTERNAL
https://liftpdf.com/guides/pdf-compression-vs-optimization,https://liftpdf.com/guides/what-is-pdf-compression,What is PDF compression?Learn the core concept first.,INTERNAL
https://liftpdf.com/guides/pdf-compression-vs-optimization,https://liftpdf.com/compress-pdf,Compress PDFTry browser-side PDF compression.,INTERNAL
https://liftpdf.com/guides/pdf-compression-vs-optimization,https://liftpdf.com/guides/why-is-my-pdf-too-large,Why is my PDF too large?Diagnose file size causes.,INTERNAL
https://liftpdf.com/guides/pdf-compression-vs-optimization,https://liftpdf.com/learn,"Learning CenterBrowse PDF tutorials, comparisons and troubleshooting resources.",INTERNAL
https://liftpdf.com/guides/pdf-compression-vs-optimization,https://liftpdf.com/pdf-glossary,PDF GlossaryLook up the terms used in this article.,INTERNAL
https://liftpdf.com/guides/pdf-compression-vs-optimization,https://liftpdf.com/,LiftPDF,INTERNAL
https://liftpdf.com/guides/pdf-compression-vs-optimization,https://liftpdf.com/pdf-tools,All PDF Tools,INTERNAL
https://liftpdf.com/guides/pdf-compression-vs-optimization,https://liftpdf.com/jpg-to-pdf,JPG to PDF,INTERNAL
https://liftpdf.com/guides/pdf-compression-vs-optimization,https://liftpdf.com/merge-pdf,Merge PDF,INTERNAL
https://liftpdf.com/guides/pdf-compression-vs-optimization,https://liftpdf.com/compress-pdf,Compress PDF,INTERNAL
https://liftpdf.com/guides/pdf-compression-vs-optimization,https://liftpdf.com/pdf-converter,Convert PDF,INTERNAL
https://liftpdf.com/guides/pdf-compression-vs-optimization,https://liftpdf.com/pdf-editor,Edit PDF,INTERNAL
https://liftpdf.com/guides/pdf-compression-vs-optimization,https://liftpdf.com/organize-pdf,Organize PDF,INTERNAL
https://liftpdf.com/guides/pdf-compression-vs-optimization,https://liftpdf.com/pdf-image-tools,Image Tools,INTERNAL
https://liftpdf.com/guides/pdf-compression-vs-optimization,https://liftpdf.com/pdf-security,Security,INTERNAL
https://liftpdf.com/guides/pdf-compression-vs-optimization,https://liftpdf.com/learn,Learning Center,INTERNAL
https://liftpdf.com/guides/pdf-compression-vs-optimization,https://liftpdf.com/guides,Guides,INTERNAL
https://liftpdf.com/guides/pdf-compression-vs-optimization,https://liftpdf.com/pdf-glossary,PDF Glossary,INTERNAL
https://liftpdf.com/guides/pdf-compression-vs-optimization,https://liftpdf.com/help,Help Center,INTERNAL
https://liftpdf.com/guides/pdf-compression-vs-optimization,https://liftpdf.com/privacy,Privacy,INTERNAL
https://liftpdf.com/guides/pdf-compression-vs-optimization,https://liftpdf.com/cookies,Cookies,INTERNAL
https://liftpdf.com/guides/pdf-compression-vs-optimization,https://liftpdf.com/security,Security,INTERNAL
https://liftpdf.com/guides/pdf-compression-vs-optimization,https://liftpdf.com/about,About,INTERNAL
https://liftpdf.com/guides/pdf-compression-vs-optimization,https://liftpdf.com/why-liftpdf,Why LiftPDF,INTERNAL
https://liftpdf.com/guides/pdf-compression-vs-optimization,https://liftpdf.com/terms,Terms,INTERNAL
https://liftpdf.com/guides/pdf-compression-vs-optimization,https://liftpdf.com/contact,Contact,INTERNAL
https://liftpdf.com/guides/how-to-convert-pdf-to-jpg,https://liftpdf.com/,LiftPDF,INTERNAL
https://liftpdf.com/guides/how-to-convert-pdf-to-jpg,https://liftpdf.com/pdf-tools,PDF Tools,INTERNAL
https://liftpdf.com/guides/how-to-convert-pdf-to-jpg,https://liftpdf.com/learn,Learn,INTERNAL
https://liftpdf.com/guides/how-to-convert-pdf-to-jpg,https://liftpdf.com/jpg-to-pdf,Image to PDF,INTERNAL
https://liftpdf.com/guides/how-to-convert-pdf-to-jpg,https://liftpdf.com/pdf-converter,Convert,INTERNAL
https://liftpdf.com/guides/how-to-convert-pdf-to-jpg,https://liftpdf.com/pdf-editor,Edit,INTERNAL
https://liftpdf.com/guides/how-to-convert-pdf-to-jpg,https://liftpdf.com/jpg-to-pdf,Start Now,INTERNAL
https://liftpdf.com/guides/how-to-convert-pdf-to-jpg,https://liftpdf.com/pdf-tools,PDF Tools,INTERNAL
https://liftpdf.com/guides/how-to-convert-pdf-to-jpg,https://liftpdf.com/learn,Learn,INTERNAL
https://liftpdf.com/guides/how-to-convert-pdf-to-jpg,https://liftpdf.com/jpg-to-pdf,Image to PDF,INTERNAL
https://liftpdf.com/guides/how-to-convert-pdf-to-jpg,https://liftpdf.com/pdf-converter,Convert,INTERNAL
https://liftpdf.com/guides/how-to-convert-pdf-to-jpg,https://liftpdf.com/pdf-editor,Edit,INTERNAL
https://liftpdf.com/guides/how-to-convert-pdf-to-jpg,https://liftpdf.com/jpg-to-pdf,Start Now,INTERNAL
https://liftpdf.com/guides/how-to-convert-pdf-to-jpg,https://liftpdf.com/pdf-converter,Convert PDF to JPG,INTERNAL
https://liftpdf.com/guides/how-to-convert-pdf-to-jpg,https://liftpdf.com/learn/convert-pdf,Browse conversion guides,INTERNAL
https://liftpdf.com/guides/how-to-convert-pdf-to-jpg,https://liftpdf.com/pdf-converter,Convert PDF to JPG,INTERNAL
https://liftpdf.com/guides/how-to-convert-pdf-to-jpg,https://liftpdf.com/guides/how-to-convert-pdf-to-jpg#quick-answer,Quick answer,INTERNAL
https://liftpdf.com/guides/how-to-convert-pdf-to-jpg,https://liftpdf.com/guides/how-to-convert-pdf-to-jpg#when-jpg-is-the-right-output,When JPG is the right output,INTERNAL
https://liftpdf.com/guides/how-to-convert-pdf-to-jpg,https://liftpdf.com/guides/how-to-convert-pdf-to-jpg#one-page-versus-many-pages,One page versus many pages,INTERNAL
https://liftpdf.com/guides/how-to-convert-pdf-to-jpg,https://liftpdf.com/guides/how-to-convert-pdf-to-jpg#faq,FAQ,INTERNAL
https://liftpdf.com/guides/how-to-convert-pdf-to-jpg,https://liftpdf.com/pdf-converter,Convert PDF to JPG,INTERNAL
https://liftpdf.com/guides/how-to-convert-pdf-to-jpg,https://liftpdf.com/pdf-to-jpg,PDF to JPGExport PDF pages as JPG images.,INTERNAL
https://liftpdf.com/guides/how-to-convert-pdf-to-jpg,https://liftpdf.com/pdf-to-png,PDF to PNGUse PNG for sharper screenshots or text-heavy pages.,INTERNAL
https://liftpdf.com/guides/how-to-convert-pdf-to-jpg,https://liftpdf.com/guides/pdf-vs-jpg,PDF vs JPGChoose the right format.,INTERNAL
https://liftpdf.com/guides/how-to-convert-pdf-to-jpg,https://liftpdf.com/learn,"Learning CenterBrowse PDF tutorials, comparisons and troubleshooting resources.",INTERNAL
https://liftpdf.com/guides/how-to-convert-pdf-to-jpg,https://liftpdf.com/pdf-glossary,PDF GlossaryLook up the terms used in this article.,INTERNAL
https://liftpdf.com/guides/how-to-convert-pdf-to-jpg,https://liftpdf.com/,LiftPDF,INTERNAL
https://liftpdf.com/guides/how-to-convert-pdf-to-jpg,https://liftpdf.com/pdf-tools,All PDF Tools,INTERNAL
https://liftpdf.com/guides/how-to-convert-pdf-to-jpg,https://liftpdf.com/jpg-to-pdf,JPG to PDF,INTERNAL
https://liftpdf.com/guides/how-to-convert-pdf-to-jpg,https://liftpdf.com/merge-pdf,Merge PDF,INTERNAL
https://liftpdf.com/guides/how-to-convert-pdf-to-jpg,https://liftpdf.com/compress-pdf,Compress PDF,INTERNAL
https://liftpdf.com/guides/how-to-convert-pdf-to-jpg,https://liftpdf.com/pdf-converter,Convert PDF,INTERNAL
https://liftpdf.com/guides/how-to-convert-pdf-to-jpg,https://liftpdf.com/pdf-editor,Edit PDF,INTERNAL
https://liftpdf.com/guides/how-to-convert-pdf-to-jpg,https://liftpdf.com/organize-pdf,Organize PDF,INTERNAL
https://liftpdf.com/guides/how-to-convert-pdf-to-jpg,https://liftpdf.com/pdf-image-tools,Image Tools,INTERNAL
https://liftpdf.com/guides/how-to-convert-pdf-to-jpg,https://liftpdf.com/pdf-security,Security,INTERNAL
https://liftpdf.com/guides/how-to-convert-pdf-to-jpg,https://liftpdf.com/learn,Learning Center,INTERNAL
https://liftpdf.com/guides/how-to-convert-pdf-to-jpg,https://liftpdf.com/guides,Guides,INTERNAL
https://liftpdf.com/guides/how-to-convert-pdf-to-jpg,https://liftpdf.com/pdf-glossary,PDF Glossary,INTERNAL
https://liftpdf.com/guides/how-to-convert-pdf-to-jpg,https://liftpdf.com/help,Help Center,INTERNAL
https://liftpdf.com/guides/how-to-convert-pdf-to-jpg,https://liftpdf.com/privacy,Privacy,INTERNAL
https://liftpdf.com/guides/how-to-convert-pdf-to-jpg,https://liftpdf.com/cookies,Cookies,INTERNAL
https://liftpdf.com/guides/how-to-convert-pdf-to-jpg,https://liftpdf.com/security,Security,INTERNAL
https://liftpdf.com/guides/how-to-convert-pdf-to-jpg,https://liftpdf.com/about,About,INTERNAL
https://liftpdf.com/guides/how-to-convert-pdf-to-jpg,https://liftpdf.com/why-liftpdf,Why LiftPDF,INTERNAL
https://liftpdf.com/guides/how-to-convert-pdf-to-jpg,https://liftpdf.com/terms,Terms,INTERNAL
https://liftpdf.com/guides/how-to-convert-pdf-to-jpg,https://liftpdf.com/contact,Contact,INTERNAL
https://liftpdf.com/guides/how-to-convert-pdf-to-png,https://liftpdf.com/,LiftPDF,INTERNAL
https://liftpdf.com/guides/how-to-convert-pdf-to-png,https://liftpdf.com/pdf-tools,PDF Tools,INTERNAL
https://liftpdf.com/guides/how-to-convert-pdf-to-png,https://liftpdf.com/learn,Learn,INTERNAL
https://liftpdf.com/guides/how-to-convert-pdf-to-png,https://liftpdf.com/jpg-to-pdf,Image to PDF,INTERNAL
https://liftpdf.com/guides/how-to-convert-pdf-to-png,https://liftpdf.com/pdf-converter,Convert,INTERNAL
https://liftpdf.com/guides/how-to-convert-pdf-to-png,https://liftpdf.com/pdf-editor,Edit,INTERNAL
https://liftpdf.com/guides/how-to-convert-pdf-to-png,https://liftpdf.com/jpg-to-pdf,Start Now,INTERNAL
https://liftpdf.com/guides/how-to-convert-pdf-to-png,https://liftpdf.com/pdf-tools,PDF Tools,INTERNAL
https://liftpdf.com/guides/how-to-convert-pdf-to-png,https://liftpdf.com/learn,Learn,INTERNAL
https://liftpdf.com/guides/how-to-convert-pdf-to-png,https://liftpdf.com/jpg-to-pdf,Image to PDF,INTERNAL
https://liftpdf.com/guides/how-to-convert-pdf-to-png,https://liftpdf.com/pdf-converter,Convert,INTERNAL
https://liftpdf.com/guides/how-to-convert-pdf-to-png,https://liftpdf.com/pdf-editor,Edit,INTERNAL
https://liftpdf.com/guides/how-to-convert-pdf-to-png,https://liftpdf.com/jpg-to-pdf,Start Now,INTERNAL
https://liftpdf.com/guides/how-to-convert-pdf-to-png,https://liftpdf.com/pdf-converter,Convert PDF to PNG,INTERNAL
https://liftpdf.com/guides/how-to-convert-pdf-to-png,https://liftpdf.com/learn/convert-pdf,Browse conversion guides,INTERNAL
https://liftpdf.com/guides/how-to-convert-pdf-to-png,https://liftpdf.com/pdf-converter,Convert PDF to PNG,INTERNAL
https://liftpdf.com/guides/how-to-convert-pdf-to-png,https://liftpdf.com/guides/how-to-convert-pdf-to-png#quick-answer,Quick answer,INTERNAL
https://liftpdf.com/guides/how-to-convert-pdf-to-png,https://liftpdf.com/guides/how-to-convert-pdf-to-png#when-png-is-better-than-jpg,When PNG is better than JPG,INTERNAL
https://liftpdf.com/guides/how-to-convert-pdf-to-png,https://liftpdf.com/guides/how-to-convert-pdf-to-png#png-output-is-still-an-image,PNG output is still an image,INTERNAL
https://liftpdf.com/guides/how-to-convert-pdf-to-png,https://liftpdf.com/guides/how-to-convert-pdf-to-png#faq,FAQ,INTERNAL
https://liftpdf.com/guides/how-to-convert-pdf-to-png,https://liftpdf.com/pdf-converter,Convert PDF to PNG,INTERNAL
https://liftpdf.com/guides/how-to-convert-pdf-to-png,https://liftpdf.com/pdf-to-png,PDF to PNGExport PDF pages as PNG files.,INTERNAL
https://liftpdf.com/guides/how-to-convert-pdf-to-png,https://liftpdf.com/pdf-to-jpg,PDF to JPGUse JPG for smaller photo-like exports.,INTERNAL
https://liftpdf.com/guides/how-to-convert-pdf-to-png,https://liftpdf.com/guides/pdf-vs-png,PDF vs PNGCompare the formats.,INTERNAL
https://liftpdf.com/guides/how-to-convert-pdf-to-png,https://liftpdf.com/learn,"Learning CenterBrowse PDF tutorials, comparisons and troubleshooting resources.",INTERNAL
https://liftpdf.com/guides/how-to-convert-pdf-to-png,https://liftpdf.com/pdf-glossary,PDF GlossaryLook up the terms used in this article.,INTERNAL
https://liftpdf.com/guides/how-to-convert-pdf-to-png,https://liftpdf.com/,LiftPDF,INTERNAL
https://liftpdf.com/guides/how-to-convert-pdf-to-png,https://liftpdf.com/pdf-tools,All PDF Tools,INTERNAL
https://liftpdf.com/guides/how-to-convert-pdf-to-png,https://liftpdf.com/jpg-to-pdf,JPG to PDF,INTERNAL
https://liftpdf.com/guides/how-to-convert-pdf-to-png,https://liftpdf.com/merge-pdf,Merge PDF,INTERNAL
https://liftpdf.com/guides/how-to-convert-pdf-to-png,https://liftpdf.com/compress-pdf,Compress PDF,INTERNAL
https://liftpdf.com/guides/how-to-convert-pdf-to-png,https://liftpdf.com/pdf-converter,Convert PDF,INTERNAL
https://liftpdf.com/guides/how-to-convert-pdf-to-png,https://liftpdf.com/pdf-editor,Edit PDF,INTERNAL
https://liftpdf.com/guides/how-to-convert-pdf-to-png,https://liftpdf.com/organize-pdf,Organize PDF,INTERNAL
https://liftpdf.com/guides/how-to-convert-pdf-to-png,https://liftpdf.com/pdf-image-tools,Image Tools,INTERNAL
https://liftpdf.com/guides/how-to-convert-pdf-to-png,https://liftpdf.com/pdf-security,Security,INTERNAL
https://liftpdf.com/guides/how-to-convert-pdf-to-png,https://liftpdf.com/learn,Learning Center,INTERNAL
https://liftpdf.com/guides/how-to-convert-pdf-to-png,https://liftpdf.com/guides,Guides,INTERNAL
https://liftpdf.com/guides/how-to-convert-pdf-to-png,https://liftpdf.com/pdf-glossary,PDF Glossary,INTERNAL
https://liftpdf.com/guides/how-to-convert-pdf-to-png,https://liftpdf.com/help,Help Center,INTERNAL
https://liftpdf.com/guides/how-to-convert-pdf-to-png,https://liftpdf.com/privacy,Privacy,INTERNAL
https://liftpdf.com/guides/how-to-convert-pdf-to-png,https://liftpdf.com/cookies,Cookies,INTERNAL
https://liftpdf.com/guides/how-to-convert-pdf-to-png,https://liftpdf.com/security,Security,INTERNAL
https://liftpdf.com/guides/how-to-convert-pdf-to-png,https://liftpdf.com/about,About,INTERNAL
https://liftpdf.com/guides/how-to-convert-pdf-to-png,https://liftpdf.com/why-liftpdf,Why LiftPDF,INTERNAL
https://liftpdf.com/guides/how-to-convert-pdf-to-png,https://liftpdf.com/terms,Terms,INTERNAL
https://liftpdf.com/guides/how-to-convert-pdf-to-png,https://liftpdf.com/contact,Contact,INTERNAL
https://liftpdf.com/guides/pdf-to-jpg-vs-pdf-to-png,https://liftpdf.com/,LiftPDF,INTERNAL
https://liftpdf.com/guides/pdf-to-jpg-vs-pdf-to-png,https://liftpdf.com/pdf-tools,PDF Tools,INTERNAL
https://liftpdf.com/guides/pdf-to-jpg-vs-pdf-to-png,https://liftpdf.com/learn,Learn,INTERNAL
https://liftpdf.com/guides/pdf-to-jpg-vs-pdf-to-png,https://liftpdf.com/jpg-to-pdf,Image to PDF,INTERNAL
https://liftpdf.com/guides/pdf-to-jpg-vs-pdf-to-png,https://liftpdf.com/pdf-converter,Convert,INTERNAL
https://liftpdf.com/guides/pdf-to-jpg-vs-pdf-to-png,https://liftpdf.com/pdf-editor,Edit,INTERNAL
https://liftpdf.com/guides/pdf-to-jpg-vs-pdf-to-png,https://liftpdf.com/jpg-to-pdf,Start Now,INTERNAL
https://liftpdf.com/guides/pdf-to-jpg-vs-pdf-to-png,https://liftpdf.com/pdf-tools,PDF Tools,INTERNAL
https://liftpdf.com/guides/pdf-to-jpg-vs-pdf-to-png,https://liftpdf.com/learn,Learn,INTERNAL
https://liftpdf.com/guides/pdf-to-jpg-vs-pdf-to-png,https://liftpdf.com/jpg-to-pdf,Image to PDF,INTERNAL
https://liftpdf.com/guides/pdf-to-jpg-vs-pdf-to-png,https://liftpdf.com/pdf-converter,Convert,INTERNAL
https://liftpdf.com/guides/pdf-to-jpg-vs-pdf-to-png,https://liftpdf.com/pdf-editor,Edit,INTERNAL
https://liftpdf.com/guides/pdf-to-jpg-vs-pdf-to-png,https://liftpdf.com/jpg-to-pdf,Start Now,INTERNAL
https://liftpdf.com/guides/pdf-to-jpg-vs-pdf-to-png,https://liftpdf.com/learn/comparisons,Compare PDF image tools,INTERNAL
https://liftpdf.com/guides/pdf-to-jpg-vs-pdf-to-png,https://liftpdf.com/pdf-tools,Browse PDF tools,INTERNAL
https://liftpdf.com/guides/pdf-to-jpg-vs-pdf-to-png,https://liftpdf.com/learn/comparisons,Compare PDF image tools,INTERNAL
https://liftpdf.com/guides/pdf-to-jpg-vs-pdf-to-png,https://liftpdf.com/guides/pdf-to-jpg-vs-pdf-to-png#quick-answer,Quick answer,INTERNAL
https://liftpdf.com/guides/pdf-to-jpg-vs-pdf-to-png,https://liftpdf.com/guides/pdf-to-jpg-vs-pdf-to-png#the-decision-is-about-the-page-content,The decision is about the page content,INTERNAL
https://liftpdf.com/guides/pdf-to-jpg-vs-pdf-to-png,https://liftpdf.com/guides/pdf-to-jpg-vs-pdf-to-png#file-size-expectations,File size expectations,INTERNAL
https://liftpdf.com/guides/pdf-to-jpg-vs-pdf-to-png,https://liftpdf.com/guides/pdf-to-jpg-vs-pdf-to-png#decision-table,JPG or PNG output?,INTERNAL
https://liftpdf.com/guides/pdf-to-jpg-vs-pdf-to-png,https://liftpdf.com/guides/pdf-to-jpg-vs-pdf-to-png#faq,FAQ,INTERNAL
https://liftpdf.com/guides/pdf-to-jpg-vs-pdf-to-png,https://liftpdf.com/learn/comparisons,Compare PDF image tools,INTERNAL
https://liftpdf.com/guides/pdf-to-jpg-vs-pdf-to-png,https://liftpdf.com/pdf-to-jpg,PDF to JPGExport lighter page images.,INTERNAL
https://liftpdf.com/guides/pdf-to-jpg-vs-pdf-to-png,https://liftpdf.com/pdf-to-png,PDF to PNGExport sharper page images.,INTERNAL
https://liftpdf.com/guides/pdf-to-jpg-vs-pdf-to-png,https://liftpdf.com/pdf-image-tools,PDF Image ToolsChoose an image workflow.,INTERNAL
https://liftpdf.com/guides/pdf-to-jpg-vs-pdf-to-png,https://liftpdf.com/learn,"Learning CenterBrowse PDF tutorials, comparisons and troubleshooting resources.",INTERNAL
https://liftpdf.com/guides/pdf-to-jpg-vs-pdf-to-png,https://liftpdf.com/pdf-glossary,PDF GlossaryLook up the terms used in this article.,INTERNAL
https://liftpdf.com/guides/pdf-to-jpg-vs-pdf-to-png,https://liftpdf.com/,LiftPDF,INTERNAL
https://liftpdf.com/guides/pdf-to-jpg-vs-pdf-to-png,https://liftpdf.com/pdf-tools,All PDF Tools,INTERNAL
https://liftpdf.com/guides/pdf-to-jpg-vs-pdf-to-png,https://liftpdf.com/jpg-to-pdf,JPG to PDF,INTERNAL
https://liftpdf.com/guides/pdf-to-jpg-vs-pdf-to-png,https://liftpdf.com/merge-pdf,Merge PDF,INTERNAL
https://liftpdf.com/guides/pdf-to-jpg-vs-pdf-to-png,https://liftpdf.com/compress-pdf,Compress PDF,INTERNAL
https://liftpdf.com/guides/pdf-to-jpg-vs-pdf-to-png,https://liftpdf.com/pdf-converter,Convert PDF,INTERNAL
https://liftpdf.com/guides/pdf-to-jpg-vs-pdf-to-png,https://liftpdf.com/pdf-editor,Edit PDF,INTERNAL
https://liftpdf.com/guides/pdf-to-jpg-vs-pdf-to-png,https://liftpdf.com/organize-pdf,Organize PDF,INTERNAL
https://liftpdf.com/guides/pdf-to-jpg-vs-pdf-to-png,https://liftpdf.com/pdf-image-tools,Image Tools,INTERNAL
https://liftpdf.com/guides/pdf-to-jpg-vs-pdf-to-png,https://liftpdf.com/pdf-security,Security,INTERNAL
https://liftpdf.com/guides/pdf-to-jpg-vs-pdf-to-png,https://liftpdf.com/learn,Learning Center,INTERNAL
https://liftpdf.com/guides/pdf-to-jpg-vs-pdf-to-png,https://liftpdf.com/guides,Guides,INTERNAL
https://liftpdf.com/guides/pdf-to-jpg-vs-pdf-to-png,https://liftpdf.com/pdf-glossary,PDF Glossary,INTERNAL
https://liftpdf.com/guides/pdf-to-jpg-vs-pdf-to-png,https://liftpdf.com/help,Help Center,INTERNAL
https://liftpdf.com/guides/pdf-to-jpg-vs-pdf-to-png,https://liftpdf.com/privacy,Privacy,INTERNAL
https://liftpdf.com/guides/pdf-to-jpg-vs-pdf-to-png,https://liftpdf.com/cookies,Cookies,INTERNAL
https://liftpdf.com/guides/pdf-to-jpg-vs-pdf-to-png,https://liftpdf.com/security,Security,INTERNAL
https://liftpdf.com/guides/pdf-to-jpg-vs-pdf-to-png,https://liftpdf.com/about,About,INTERNAL
https://liftpdf.com/guides/pdf-to-jpg-vs-pdf-to-png,https://liftpdf.com/why-liftpdf,Why LiftPDF,INTERNAL
https://liftpdf.com/guides/pdf-to-jpg-vs-pdf-to-png,https://liftpdf.com/terms,Terms,INTERNAL
https://liftpdf.com/guides/pdf-to-jpg-vs-pdf-to-png,https://liftpdf.com/contact,Contact,INTERNAL
https://liftpdf.com/guides/why-are-pdf-to-jpg-images-blurry,https://liftpdf.com/,LiftPDF,INTERNAL
https://liftpdf.com/guides/why-are-pdf-to-jpg-images-blurry,https://liftpdf.com/pdf-tools,PDF Tools,INTERNAL
https://liftpdf.com/guides/why-are-pdf-to-jpg-images-blurry,https://liftpdf.com/learn,Learn,INTERNAL
https://liftpdf.com/guides/why-are-pdf-to-jpg-images-blurry,https://liftpdf.com/jpg-to-pdf,Image to PDF,INTERNAL
https://liftpdf.com/guides/why-are-pdf-to-jpg-images-blurry,https://liftpdf.com/pdf-converter,Convert,INTERNAL
https://liftpdf.com/guides/why-are-pdf-to-jpg-images-blurry,https://liftpdf.com/pdf-editor,Edit,INTERNAL
https://liftpdf.com/guides/why-are-pdf-to-jpg-images-blurry,https://liftpdf.com/jpg-to-pdf,Start Now,INTERNAL
https://liftpdf.com/guides/why-are-pdf-to-jpg-images-blurry,https://liftpdf.com/pdf-tools,PDF Tools,INTERNAL
https://liftpdf.com/guides/why-are-pdf-to-jpg-images-blurry,https://liftpdf.com/learn,Learn,INTERNAL
https://liftpdf.com/guides/why-are-pdf-to-jpg-images-blurry,https://liftpdf.com/jpg-to-pdf,Image to PDF,INTERNAL
https://liftpdf.com/guides/why-are-pdf-to-jpg-images-blurry,https://liftpdf.com/pdf-converter,Convert,INTERNAL
https://liftpdf.com/guides/why-are-pdf-to-jpg-images-blurry,https://liftpdf.com/pdf-editor,Edit,INTERNAL
https://liftpdf.com/guides/why-are-pdf-to-jpg-images-blurry,https://liftpdf.com/jpg-to-pdf,Start Now,INTERNAL
https://liftpdf.com/guides/why-are-pdf-to-jpg-images-blurry,https://liftpdf.com/help,Convert PDF to JPG,INTERNAL
https://liftpdf.com/guides/why-are-pdf-to-jpg-images-blurry,https://liftpdf.com/learn/troubleshooting,Browse troubleshooting,INTERNAL
https://liftpdf.com/guides/why-are-pdf-to-jpg-images-blurry,https://liftpdf.com/help,Convert PDF to JPG,INTERNAL
https://liftpdf.com/guides/why-are-pdf-to-jpg-images-blurry,https://liftpdf.com/guides/why-are-pdf-to-jpg-images-blurry#quick-answer,Quick answer,INTERNAL
https://liftpdf.com/guides/why-are-pdf-to-jpg-images-blurry,https://liftpdf.com/guides/why-are-pdf-to-jpg-images-blurry#jpg-is-not-always-the-sharpest-output,JPG is not always the sharpest output,INTERNAL
https://liftpdf.com/guides/why-are-pdf-to-jpg-images-blurry,https://liftpdf.com/guides/why-are-pdf-to-jpg-images-blurry#scanned-pdfs-have-their-own-limits,Scanned PDFs have their own limits,INTERNAL
https://liftpdf.com/guides/why-are-pdf-to-jpg-images-blurry,https://liftpdf.com/guides/why-are-pdf-to-jpg-images-blurry#faq,FAQ,INTERNAL
https://liftpdf.com/guides/why-are-pdf-to-jpg-images-blurry,https://liftpdf.com/help,Convert PDF to JPG,INTERNAL
https://liftpdf.com/guides/why-are-pdf-to-jpg-images-blurry,https://liftpdf.com/pdf-to-jpg,PDF to JPGExport PDF pages as JPG.,INTERNAL
https://liftpdf.com/guides/why-are-pdf-to-jpg-images-blurry,https://liftpdf.com/pdf-to-png,PDF to PNGTry PNG for sharper graphics.,INTERNAL
https://liftpdf.com/guides/why-are-pdf-to-jpg-images-blurry,https://liftpdf.com/guides/pdf-to-jpg-vs-pdf-to-png,PDF to JPG vs PNGChoose the output format.,INTERNAL
https://liftpdf.com/guides/why-are-pdf-to-jpg-images-blurry,https://liftpdf.com/learn,"Learning CenterBrowse PDF tutorials, comparisons and troubleshooting resources.",INTERNAL
https://liftpdf.com/guides/why-are-pdf-to-jpg-images-blurry,https://liftpdf.com/pdf-glossary,PDF GlossaryLook up the terms used in this article.,INTERNAL
https://liftpdf.com/guides/why-are-pdf-to-jpg-images-blurry,https://liftpdf.com/,LiftPDF,INTERNAL
https://liftpdf.com/guides/why-are-pdf-to-jpg-images-blurry,https://liftpdf.com/pdf-tools,All PDF Tools,INTERNAL
https://liftpdf.com/guides/why-are-pdf-to-jpg-images-blurry,https://liftpdf.com/jpg-to-pdf,JPG to PDF,INTERNAL
https://liftpdf.com/guides/why-are-pdf-to-jpg-images-blurry,https://liftpdf.com/merge-pdf,Merge PDF,INTERNAL
https://liftpdf.com/guides/why-are-pdf-to-jpg-images-blurry,https://liftpdf.com/compress-pdf,Compress PDF,INTERNAL
https://liftpdf.com/guides/why-are-pdf-to-jpg-images-blurry,https://liftpdf.com/pdf-converter,Convert PDF,INTERNAL
https://liftpdf.com/guides/why-are-pdf-to-jpg-images-blurry,https://liftpdf.com/pdf-editor,Edit PDF,INTERNAL
https://liftpdf.com/guides/why-are-pdf-to-jpg-images-blurry,https://liftpdf.com/organize-pdf,Organize PDF,INTERNAL
https://liftpdf.com/guides/why-are-pdf-to-jpg-images-blurry,https://liftpdf.com/pdf-image-tools,Image Tools,INTERNAL
https://liftpdf.com/guides/why-are-pdf-to-jpg-images-blurry,https://liftpdf.com/pdf-security,Security,INTERNAL
https://liftpdf.com/guides/why-are-pdf-to-jpg-images-blurry,https://liftpdf.com/learn,Learning Center,INTERNAL
https://liftpdf.com/guides/why-are-pdf-to-jpg-images-blurry,https://liftpdf.com/guides,Guides,INTERNAL
https://liftpdf.com/guides/why-are-pdf-to-jpg-images-blurry,https://liftpdf.com/pdf-glossary,PDF Glossary,INTERNAL
https://liftpdf.com/guides/why-are-pdf-to-jpg-images-blurry,https://liftpdf.com/help,Help Center,INTERNAL
https://liftpdf.com/guides/why-are-pdf-to-jpg-images-blurry,https://liftpdf.com/privacy,Privacy,INTERNAL
https://liftpdf.com/guides/why-are-pdf-to-jpg-images-blurry,https://liftpdf.com/cookies,Cookies,INTERNAL
https://liftpdf.com/guides/why-are-pdf-to-jpg-images-blurry,https://liftpdf.com/security,Security,INTERNAL
https://liftpdf.com/guides/why-are-pdf-to-jpg-images-blurry,https://liftpdf.com/about,About,INTERNAL
https://liftpdf.com/guides/why-are-pdf-to-jpg-images-blurry,https://liftpdf.com/why-liftpdf,Why LiftPDF,INTERNAL
https://liftpdf.com/guides/why-are-pdf-to-jpg-images-blurry,https://liftpdf.com/terms,Terms,INTERNAL
https://liftpdf.com/guides/why-are-pdf-to-jpg-images-blurry,https://liftpdf.com/contact,Contact,INTERNAL
https://liftpdf.com/guides/how-to-copy-text-from-pdf,https://liftpdf.com/,LiftPDF,INTERNAL
https://liftpdf.com/guides/how-to-copy-text-from-pdf,https://liftpdf.com/pdf-tools,PDF Tools,INTERNAL
https://liftpdf.com/guides/how-to-copy-text-from-pdf,https://liftpdf.com/learn,Learn,INTERNAL
https://liftpdf.com/guides/how-to-copy-text-from-pdf,https://liftpdf.com/jpg-to-pdf,Image to PDF,INTERNAL
https://liftpdf.com/guides/how-to-copy-text-from-pdf,https://liftpdf.com/pdf-converter,Convert,INTERNAL
https://liftpdf.com/guides/how-to-copy-text-from-pdf,https://liftpdf.com/pdf-editor,Edit,INTERNAL
https://liftpdf.com/guides/how-to-copy-text-from-pdf,https://liftpdf.com/jpg-to-pdf,Start Now,INTERNAL
https://liftpdf.com/guides/how-to-copy-text-from-pdf,https://liftpdf.com/pdf-tools,PDF Tools,INTERNAL
https://liftpdf.com/guides/how-to-copy-text-from-pdf,https://liftpdf.com/learn,Learn,INTERNAL
https://liftpdf.com/guides/how-to-copy-text-from-pdf,https://liftpdf.com/jpg-to-pdf,Image to PDF,INTERNAL
https://liftpdf.com/guides/how-to-copy-text-from-pdf,https://liftpdf.com/pdf-converter,Convert,INTERNAL
https://liftpdf.com/guides/how-to-copy-text-from-pdf,https://liftpdf.com/pdf-editor,Edit,INTERNAL
https://liftpdf.com/guides/how-to-copy-text-from-pdf,https://liftpdf.com/jpg-to-pdf,Start Now,INTERNAL
https://liftpdf.com/guides/how-to-copy-text-from-pdf,https://liftpdf.com/pdf-converter,Extract PDF text,INTERNAL
https://liftpdf.com/guides/how-to-copy-text-from-pdf,https://liftpdf.com/learn/convert-pdf,Browse conversion guides,INTERNAL
https://liftpdf.com/guides/how-to-copy-text-from-pdf,https://liftpdf.com/pdf-converter,Extract PDF text,INTERNAL
https://liftpdf.com/guides/how-to-copy-text-from-pdf,https://liftpdf.com/guides/how-to-copy-text-from-pdf#quick-answer,Quick answer,INTERNAL
https://liftpdf.com/guides/how-to-copy-text-from-pdf,https://liftpdf.com/guides/how-to-copy-text-from-pdf#selectable-text-versus-image-text,Selectable text versus image text,INTERNAL
https://liftpdf.com/guides/how-to-copy-text-from-pdf,https://liftpdf.com/guides/how-to-copy-text-from-pdf#copying-is-not-the-same-as-converting-to-word,Copying is not the same as converting to Word,INTERNAL
https://liftpdf.com/guides/how-to-copy-text-from-pdf,https://liftpdf.com/guides/how-to-copy-text-from-pdf#decision-table,Can the text be copied?,INTERNAL
https://liftpdf.com/guides/how-to-copy-text-from-pdf,https://liftpdf.com/guides/how-to-copy-text-from-pdf#faq,FAQ,INTERNAL
https://liftpdf.com/guides/how-to-copy-text-from-pdf,https://liftpdf.com/pdf-converter,Extract PDF text,INTERNAL
https://liftpdf.com/guides/how-to-copy-text-from-pdf,https://liftpdf.com/pdf-to-text,PDF to TextExtract selectable text.,INTERNAL
https://liftpdf.com/guides/how-to-copy-text-from-pdf,https://liftpdf.com/guides/scanned-pdf-vs-searchable-pdf,Scanned vs searchable PDFUnderstand why OCR may be needed.,INTERNAL
https://liftpdf.com/guides/how-to-copy-text-from-pdf,https://liftpdf.com/guides/why-cant-i-copy-text-from-pdf,Why can't I copy text?Troubleshoot copy failures.,INTERNAL
https://liftpdf.com/guides/how-to-copy-text-from-pdf,https://liftpdf.com/learn,"Learning CenterBrowse PDF tutorials, comparisons and troubleshooting resources.",INTERNAL
https://liftpdf.com/guides/how-to-copy-text-from-pdf,https://liftpdf.com/pdf-glossary,PDF GlossaryLook up the terms used in this article.,INTERNAL
https://liftpdf.com/guides/how-to-copy-text-from-pdf,https://liftpdf.com/,LiftPDF,INTERNAL
https://liftpdf.com/guides/how-to-copy-text-from-pdf,https://liftpdf.com/pdf-tools,All PDF Tools,INTERNAL
https://liftpdf.com/guides/how-to-copy-text-from-pdf,https://liftpdf.com/jpg-to-pdf,JPG to PDF,INTERNAL
https://liftpdf.com/guides/how-to-copy-text-from-pdf,https://liftpdf.com/merge-pdf,Merge PDF,INTERNAL
https://liftpdf.com/guides/how-to-copy-text-from-pdf,https://liftpdf.com/compress-pdf,Compress PDF,INTERNAL
https://liftpdf.com/guides/how-to-copy-text-from-pdf,https://liftpdf.com/pdf-converter,Convert PDF,INTERNAL
https://liftpdf.com/guides/how-to-copy-text-from-pdf,https://liftpdf.com/pdf-editor,Edit PDF,INTERNAL
https://liftpdf.com/guides/how-to-copy-text-from-pdf,https://liftpdf.com/organize-pdf,Organize PDF,INTERNAL
https://liftpdf.com/guides/how-to-copy-text-from-pdf,https://liftpdf.com/pdf-image-tools,Image Tools,INTERNAL
https://liftpdf.com/guides/how-to-copy-text-from-pdf,https://liftpdf.com/pdf-security,Security,INTERNAL
https://liftpdf.com/guides/how-to-copy-text-from-pdf,https://liftpdf.com/learn,Learning Center,INTERNAL
https://liftpdf.com/guides/how-to-copy-text-from-pdf,https://liftpdf.com/guides,Guides,INTERNAL
https://liftpdf.com/guides/how-to-copy-text-from-pdf,https://liftpdf.com/pdf-glossary,PDF Glossary,INTERNAL
https://liftpdf.com/guides/how-to-copy-text-from-pdf,https://liftpdf.com/help,Help Center,INTERNAL
https://liftpdf.com/guides/how-to-copy-text-from-pdf,https://liftpdf.com/privacy,Privacy,INTERNAL
https://liftpdf.com/guides/how-to-copy-text-from-pdf,https://liftpdf.com/cookies,Cookies,INTERNAL
https://liftpdf.com/guides/how-to-copy-text-from-pdf,https://liftpdf.com/security,Security,INTERNAL
https://liftpdf.com/guides/how-to-copy-text-from-pdf,https://liftpdf.com/about,About,INTERNAL
https://liftpdf.com/guides/how-to-copy-text-from-pdf,https://liftpdf.com/why-liftpdf,Why LiftPDF,INTERNAL
https://liftpdf.com/guides/how-to-copy-text-from-pdf,https://liftpdf.com/terms,Terms,INTERNAL
https://liftpdf.com/guides/how-to-copy-text-from-pdf,https://liftpdf.com/contact,Contact,INTERNAL
https://liftpdf.com/guides/why-cant-i-copy-text-from-pdf,https://liftpdf.com/,LiftPDF,INTERNAL
https://liftpdf.com/guides/why-cant-i-copy-text-from-pdf,https://liftpdf.com/pdf-tools,PDF Tools,INTERNAL
https://liftpdf.com/guides/why-cant-i-copy-text-from-pdf,https://liftpdf.com/learn,Learn,INTERNAL
https://liftpdf.com/guides/why-cant-i-copy-text-from-pdf,https://liftpdf.com/jpg-to-pdf,Image to PDF,INTERNAL
https://liftpdf.com/guides/why-cant-i-copy-text-from-pdf,https://liftpdf.com/pdf-converter,Convert,INTERNAL
https://liftpdf.com/guides/why-cant-i-copy-text-from-pdf,https://liftpdf.com/pdf-editor,Edit,INTERNAL
https://liftpdf.com/guides/why-cant-i-copy-text-from-pdf,https://liftpdf.com/jpg-to-pdf,Start Now,INTERNAL
https://liftpdf.com/guides/why-cant-i-copy-text-from-pdf,https://liftpdf.com/pdf-tools,PDF Tools,INTERNAL
https://liftpdf.com/guides/why-cant-i-copy-text-from-pdf,https://liftpdf.com/learn,Learn,INTERNAL
https://liftpdf.com/guides/why-cant-i-copy-text-from-pdf,https://liftpdf.com/jpg-to-pdf,Image to PDF,INTERNAL
https://liftpdf.com/guides/why-cant-i-copy-text-from-pdf,https://liftpdf.com/pdf-converter,Convert,INTERNAL
https://liftpdf.com/guides/why-cant-i-copy-text-from-pdf,https://liftpdf.com/pdf-editor,Edit,INTERNAL
https://liftpdf.com/guides/why-cant-i-copy-text-from-pdf,https://liftpdf.com/jpg-to-pdf,Start Now,INTERNAL
https://liftpdf.com/guides/why-cant-i-copy-text-from-pdf,https://liftpdf.com/help,Try PDF to Text,INTERNAL
https://liftpdf.com/guides/why-cant-i-copy-text-from-pdf,https://liftpdf.com/learn/troubleshooting,Browse troubleshooting,INTERNAL
https://liftpdf.com/guides/why-cant-i-copy-text-from-pdf,https://liftpdf.com/help,Try PDF to Text,INTERNAL
https://liftpdf.com/guides/why-cant-i-copy-text-from-pdf,https://liftpdf.com/guides/why-cant-i-copy-text-from-pdf#quick-answer,Quick answer,INTERNAL
https://liftpdf.com/guides/why-cant-i-copy-text-from-pdf,https://liftpdf.com/guides/why-cant-i-copy-text-from-pdf#the-pdf-may-not-contain-text,The PDF may not contain text,INTERNAL
https://liftpdf.com/guides/why-cant-i-copy-text-from-pdf,https://liftpdf.com/guides/why-cant-i-copy-text-from-pdf#protection-can-block-workflows,Protection can block workflows,INTERNAL
https://liftpdf.com/guides/why-cant-i-copy-text-from-pdf,https://liftpdf.com/guides/why-cant-i-copy-text-from-pdf#faq,FAQ,INTERNAL
https://liftpdf.com/guides/why-cant-i-copy-text-from-pdf,https://liftpdf.com/help,Try PDF to Text,INTERNAL
https://liftpdf.com/guides/why-cant-i-copy-text-from-pdf,https://liftpdf.com/pdf-to-text,PDF to TextExtract text that already exists.,INTERNAL
https://liftpdf.com/guides/why-cant-i-copy-text-from-pdf,https://liftpdf.com/unlock-pdf,Unlock PDFUnlock with the correct password.,INTERNAL
https://liftpdf.com/guides/why-cant-i-copy-text-from-pdf,https://liftpdf.com/guides/scanned-pdf-vs-searchable-pdf,Scanned PDF guideLearn how image-only pages behave.,INTERNAL
https://liftpdf.com/guides/why-cant-i-copy-text-from-pdf,https://liftpdf.com/learn,"Learning CenterBrowse PDF tutorials, comparisons and troubleshooting resources.",INTERNAL
https://liftpdf.com/guides/why-cant-i-copy-text-from-pdf,https://liftpdf.com/pdf-glossary,PDF GlossaryLook up the terms used in this article.,INTERNAL
https://liftpdf.com/guides/why-cant-i-copy-text-from-pdf,https://liftpdf.com/,LiftPDF,INTERNAL
https://liftpdf.com/guides/why-cant-i-copy-text-from-pdf,https://liftpdf.com/pdf-tools,All PDF Tools,INTERNAL
https://liftpdf.com/guides/why-cant-i-copy-text-from-pdf,https://liftpdf.com/jpg-to-pdf,JPG to PDF,INTERNAL
https://liftpdf.com/guides/why-cant-i-copy-text-from-pdf,https://liftpdf.com/merge-pdf,Merge PDF,INTERNAL
https://liftpdf.com/guides/why-cant-i-copy-text-from-pdf,https://liftpdf.com/compress-pdf,Compress PDF,INTERNAL
https://liftpdf.com/guides/why-cant-i-copy-text-from-pdf,https://liftpdf.com/pdf-converter,Convert PDF,INTERNAL
https://liftpdf.com/guides/why-cant-i-copy-text-from-pdf,https://liftpdf.com/pdf-editor,Edit PDF,INTERNAL
https://liftpdf.com/guides/why-cant-i-copy-text-from-pdf,https://liftpdf.com/organize-pdf,Organize PDF,INTERNAL
https://liftpdf.com/guides/why-cant-i-copy-text-from-pdf,https://liftpdf.com/pdf-image-tools,Image Tools,INTERNAL
https://liftpdf.com/guides/why-cant-i-copy-text-from-pdf,https://liftpdf.com/pdf-security,Security,INTERNAL
https://liftpdf.com/guides/why-cant-i-copy-text-from-pdf,https://liftpdf.com/learn,Learning Center,INTERNAL
https://liftpdf.com/guides/why-cant-i-copy-text-from-pdf,https://liftpdf.com/guides,Guides,INTERNAL
https://liftpdf.com/guides/why-cant-i-copy-text-from-pdf,https://liftpdf.com/pdf-glossary,PDF Glossary,INTERNAL
https://liftpdf.com/guides/why-cant-i-copy-text-from-pdf,https://liftpdf.com/help,Help Center,INTERNAL
https://liftpdf.com/guides/why-cant-i-copy-text-from-pdf,https://liftpdf.com/privacy,Privacy,INTERNAL
https://liftpdf.com/guides/why-cant-i-copy-text-from-pdf,https://liftpdf.com/cookies,Cookies,INTERNAL
https://liftpdf.com/guides/why-cant-i-copy-text-from-pdf,https://liftpdf.com/security,Security,INTERNAL
https://liftpdf.com/guides/why-cant-i-copy-text-from-pdf,https://liftpdf.com/about,About,INTERNAL
https://liftpdf.com/guides/why-cant-i-copy-text-from-pdf,https://liftpdf.com/why-liftpdf,Why LiftPDF,INTERNAL
https://liftpdf.com/guides/why-cant-i-copy-text-from-pdf,https://liftpdf.com/terms,Terms,INTERNAL
https://liftpdf.com/guides/why-cant-i-copy-text-from-pdf,https://liftpdf.com/contact,Contact,INTERNAL
https://liftpdf.com/guides/how-to-tell-if-pdf-is-scanned,https://liftpdf.com/,LiftPDF,INTERNAL
https://liftpdf.com/guides/how-to-tell-if-pdf-is-scanned,https://liftpdf.com/pdf-tools,PDF Tools,INTERNAL
https://liftpdf.com/guides/how-to-tell-if-pdf-is-scanned,https://liftpdf.com/learn,Learn,INTERNAL
https://liftpdf.com/guides/how-to-tell-if-pdf-is-scanned,https://liftpdf.com/jpg-to-pdf,Image to PDF,INTERNAL
https://liftpdf.com/guides/how-to-tell-if-pdf-is-scanned,https://liftpdf.com/pdf-converter,Convert,INTERNAL
https://liftpdf.com/guides/how-to-tell-if-pdf-is-scanned,https://liftpdf.com/pdf-editor,Edit,INTERNAL
https://liftpdf.com/guides/how-to-tell-if-pdf-is-scanned,https://liftpdf.com/jpg-to-pdf,Start Now,INTERNAL
https://liftpdf.com/guides/how-to-tell-if-pdf-is-scanned,https://liftpdf.com/pdf-tools,PDF Tools,INTERNAL
https://liftpdf.com/guides/how-to-tell-if-pdf-is-scanned,https://liftpdf.com/learn,Learn,INTERNAL
https://liftpdf.com/guides/how-to-tell-if-pdf-is-scanned,https://liftpdf.com/jpg-to-pdf,Image to PDF,INTERNAL
https://liftpdf.com/guides/how-to-tell-if-pdf-is-scanned,https://liftpdf.com/pdf-converter,Convert,INTERNAL
https://liftpdf.com/guides/how-to-tell-if-pdf-is-scanned,https://liftpdf.com/pdf-editor,Edit,INTERNAL
https://liftpdf.com/guides/how-to-tell-if-pdf-is-scanned,https://liftpdf.com/jpg-to-pdf,Start Now,INTERNAL
https://liftpdf.com/guides/how-to-tell-if-pdf-is-scanned,https://liftpdf.com/pdf-tools,Check PDF text,INTERNAL
https://liftpdf.com/guides/how-to-tell-if-pdf-is-scanned,https://liftpdf.com/learn/pdf-basics,Browse PDF basics,INTERNAL
https://liftpdf.com/guides/how-to-tell-if-pdf-is-scanned,https://liftpdf.com/pdf-tools,Check PDF text,INTERNAL
https://liftpdf.com/guides/how-to-tell-if-pdf-is-scanned,https://liftpdf.com/guides/how-to-tell-if-pdf-is-scanned#quick-answer,Quick answer,INTERNAL
https://liftpdf.com/guides/how-to-tell-if-pdf-is-scanned,https://liftpdf.com/guides/how-to-tell-if-pdf-is-scanned#simple-tests-that-work,Simple tests that work,INTERNAL
https://liftpdf.com/guides/how-to-tell-if-pdf-is-scanned,https://liftpdf.com/guides/how-to-tell-if-pdf-is-scanned#why-it-matters,Why it matters,INTERNAL
https://liftpdf.com/guides/how-to-tell-if-pdf-is-scanned,https://liftpdf.com/guides/how-to-tell-if-pdf-is-scanned#faq,FAQ,INTERNAL
https://liftpdf.com/guides/how-to-tell-if-pdf-is-scanned,https://liftpdf.com/pdf-tools,Check PDF text,INTERNAL
https://liftpdf.com/guides/how-to-tell-if-pdf-is-scanned,https://liftpdf.com/guides/scanned-pdf-vs-searchable-pdf,Scanned vs searchable PDFCompare both file types.,INTERNAL
https://liftpdf.com/guides/how-to-tell-if-pdf-is-scanned,https://liftpdf.com/pdf-to-text,PDF to TextExtract selectable text.,INTERNAL
https://liftpdf.com/guides/how-to-tell-if-pdf-is-scanned,https://liftpdf.com/guides/reduce-scanned-pdf-size,Reduce scanned PDF sizeHandle large scan files.,INTERNAL
https://liftpdf.com/guides/how-to-tell-if-pdf-is-scanned,https://liftpdf.com/learn,"Learning CenterBrowse PDF tutorials, comparisons and troubleshooting resources.",INTERNAL
https://liftpdf.com/guides/how-to-tell-if-pdf-is-scanned,https://liftpdf.com/pdf-glossary,PDF GlossaryLook up the terms used in this article.,INTERNAL
https://liftpdf.com/guides/how-to-tell-if-pdf-is-scanned,https://liftpdf.com/,LiftPDF,INTERNAL
https://liftpdf.com/guides/how-to-tell-if-pdf-is-scanned,https://liftpdf.com/pdf-tools,All PDF Tools,INTERNAL
https://liftpdf.com/guides/how-to-tell-if-pdf-is-scanned,https://liftpdf.com/jpg-to-pdf,JPG to PDF,INTERNAL
https://liftpdf.com/guides/how-to-tell-if-pdf-is-scanned,https://liftpdf.com/merge-pdf,Merge PDF,INTERNAL
https://liftpdf.com/guides/how-to-tell-if-pdf-is-scanned,https://liftpdf.com/compress-pdf,Compress PDF,INTERNAL
https://liftpdf.com/guides/how-to-tell-if-pdf-is-scanned,https://liftpdf.com/pdf-converter,Convert PDF,INTERNAL
https://liftpdf.com/guides/how-to-tell-if-pdf-is-scanned,https://liftpdf.com/pdf-editor,Edit PDF,INTERNAL
https://liftpdf.com/guides/how-to-tell-if-pdf-is-scanned,https://liftpdf.com/organize-pdf,Organize PDF,INTERNAL
https://liftpdf.com/guides/how-to-tell-if-pdf-is-scanned,https://liftpdf.com/pdf-image-tools,Image Tools,INTERNAL
https://liftpdf.com/guides/how-to-tell-if-pdf-is-scanned,https://liftpdf.com/pdf-security,Security,INTERNAL
https://liftpdf.com/guides/how-to-tell-if-pdf-is-scanned,https://liftpdf.com/learn,Learning Center,INTERNAL
https://liftpdf.com/guides/how-to-tell-if-pdf-is-scanned,https://liftpdf.com/guides,Guides,INTERNAL
https://liftpdf.com/guides/how-to-tell-if-pdf-is-scanned,https://liftpdf.com/pdf-glossary,PDF Glossary,INTERNAL
https://liftpdf.com/guides/how-to-tell-if-pdf-is-scanned,https://liftpdf.com/help,Help Center,INTERNAL
https://liftpdf.com/guides/how-to-tell-if-pdf-is-scanned,https://liftpdf.com/privacy,Privacy,INTERNAL
https://liftpdf.com/guides/how-to-tell-if-pdf-is-scanned,https://liftpdf.com/cookies,Cookies,INTERNAL
https://liftpdf.com/guides/how-to-tell-if-pdf-is-scanned,https://liftpdf.com/security,Security,INTERNAL
https://liftpdf.com/guides/how-to-tell-if-pdf-is-scanned,https://liftpdf.com/about,About,INTERNAL
https://liftpdf.com/guides/how-to-tell-if-pdf-is-scanned,https://liftpdf.com/why-liftpdf,Why LiftPDF,INTERNAL
https://liftpdf.com/guides/how-to-tell-if-pdf-is-scanned,https://liftpdf.com/terms,Terms,INTERNAL
https://liftpdf.com/guides/how-to-tell-if-pdf-is-scanned,https://liftpdf.com/contact,Contact,INTERNAL
https://liftpdf.com/guides/protect-pdf-before-sending,https://liftpdf.com/,LiftPDF,INTERNAL
https://liftpdf.com/guides/protect-pdf-before-sending,https://liftpdf.com/pdf-tools,PDF Tools,INTERNAL
https://liftpdf.com/guides/protect-pdf-before-sending,https://liftpdf.com/learn,Learn,INTERNAL
https://liftpdf.com/guides/protect-pdf-before-sending,https://liftpdf.com/jpg-to-pdf,Image to PDF,INTERNAL
https://liftpdf.com/guides/protect-pdf-before-sending,https://liftpdf.com/pdf-converter,Convert,INTERNAL
https://liftpdf.com/guides/protect-pdf-before-sending,https://liftpdf.com/pdf-editor,Edit,INTERNAL
https://liftpdf.com/guides/protect-pdf-before-sending,https://liftpdf.com/jpg-to-pdf,Start Now,INTERNAL
https://liftpdf.com/guides/protect-pdf-before-sending,https://liftpdf.com/pdf-tools,PDF Tools,INTERNAL
https://liftpdf.com/guides/protect-pdf-before-sending,https://liftpdf.com/learn,Learn,INTERNAL
https://liftpdf.com/guides/protect-pdf-before-sending,https://liftpdf.com/jpg-to-pdf,Image to PDF,INTERNAL
https://liftpdf.com/guides/protect-pdf-before-sending,https://liftpdf.com/pdf-converter,Convert,INTERNAL
https://liftpdf.com/guides/protect-pdf-before-sending,https://liftpdf.com/pdf-editor,Edit,INTERNAL
https://liftpdf.com/guides/protect-pdf-before-sending,https://liftpdf.com/jpg-to-pdf,Start Now,INTERNAL
https://liftpdf.com/guides/protect-pdf-before-sending,https://liftpdf.com/pdf-security,Protect PDF,INTERNAL
https://liftpdf.com/guides/protect-pdf-before-sending,https://liftpdf.com/learn/pdf-security,Browse security guides,INTERNAL
https://liftpdf.com/guides/protect-pdf-before-sending,https://liftpdf.com/pdf-security,Protect PDF,INTERNAL
https://liftpdf.com/guides/protect-pdf-before-sending,https://liftpdf.com/guides/protect-pdf-before-sending#quick-answer,Quick answer,INTERNAL
https://liftpdf.com/guides/protect-pdf-before-sending,https://liftpdf.com/guides/protect-pdf-before-sending#protection-is-useful-not-magic,"Protection is useful, not magic",INTERNAL
https://liftpdf.com/guides/protect-pdf-before-sending,https://liftpdf.com/guides/protect-pdf-before-sending#what-to-check-before-sending,What to check before sending,INTERNAL
https://liftpdf.com/guides/protect-pdf-before-sending,https://liftpdf.com/guides/protect-pdf-before-sending#faq,FAQ,INTERNAL
https://liftpdf.com/guides/protect-pdf-before-sending,https://liftpdf.com/pdf-security,Protect PDF,INTERNAL
https://liftpdf.com/guides/protect-pdf-before-sending,https://liftpdf.com/protect-pdf,Protect PDFAdd a real opening password.,INTERNAL
https://liftpdf.com/guides/protect-pdf-before-sending,https://liftpdf.com/guides/what-is-a-password-protected-pdf,What is a password-protected PDF?Understand PDF encryption.,INTERNAL
https://liftpdf.com/guides/protect-pdf-before-sending,https://liftpdf.com/unlock-pdf,Unlock PDFRemove protection later with the correct password.,INTERNAL
https://liftpdf.com/guides/protect-pdf-before-sending,https://liftpdf.com/learn,"Learning CenterBrowse PDF tutorials, comparisons and troubleshooting resources.",INTERNAL
https://liftpdf.com/guides/protect-pdf-before-sending,https://liftpdf.com/pdf-glossary,PDF GlossaryLook up the terms used in this article.,INTERNAL
https://liftpdf.com/guides/protect-pdf-before-sending,https://liftpdf.com/,LiftPDF,INTERNAL
https://liftpdf.com/guides/protect-pdf-before-sending,https://liftpdf.com/pdf-tools,All PDF Tools,INTERNAL
https://liftpdf.com/guides/protect-pdf-before-sending,https://liftpdf.com/jpg-to-pdf,JPG to PDF,INTERNAL
https://liftpdf.com/guides/protect-pdf-before-sending,https://liftpdf.com/merge-pdf,Merge PDF,INTERNAL
https://liftpdf.com/guides/protect-pdf-before-sending,https://liftpdf.com/compress-pdf,Compress PDF,INTERNAL
https://liftpdf.com/guides/protect-pdf-before-sending,https://liftpdf.com/pdf-converter,Convert PDF,INTERNAL
https://liftpdf.com/guides/protect-pdf-before-sending,https://liftpdf.com/pdf-editor,Edit PDF,INTERNAL
https://liftpdf.com/guides/protect-pdf-before-sending,https://liftpdf.com/organize-pdf,Organize PDF,INTERNAL
https://liftpdf.com/guides/protect-pdf-before-sending,https://liftpdf.com/pdf-image-tools,Image Tools,INTERNAL
https://liftpdf.com/guides/protect-pdf-before-sending,https://liftpdf.com/pdf-security,Security,INTERNAL
https://liftpdf.com/guides/protect-pdf-before-sending,https://liftpdf.com/learn,Learning Center,INTERNAL
https://liftpdf.com/guides/protect-pdf-before-sending,https://liftpdf.com/guides,Guides,INTERNAL
https://liftpdf.com/guides/protect-pdf-before-sending,https://liftpdf.com/pdf-glossary,PDF Glossary,INTERNAL
https://liftpdf.com/guides/protect-pdf-before-sending,https://liftpdf.com/help,Help Center,INTERNAL
https://liftpdf.com/guides/protect-pdf-before-sending,https://liftpdf.com/privacy,Privacy,INTERNAL
https://liftpdf.com/guides/protect-pdf-before-sending,https://liftpdf.com/cookies,Cookies,INTERNAL
https://liftpdf.com/guides/protect-pdf-before-sending,https://liftpdf.com/security,Security,INTERNAL
https://liftpdf.com/guides/protect-pdf-before-sending,https://liftpdf.com/about,About,INTERNAL
https://liftpdf.com/guides/protect-pdf-before-sending,https://liftpdf.com/why-liftpdf,Why LiftPDF,INTERNAL
https://liftpdf.com/guides/protect-pdf-before-sending,https://liftpdf.com/terms,Terms,INTERNAL
https://liftpdf.com/guides/protect-pdf-before-sending,https://liftpdf.com/contact,Contact,INTERNAL
https://liftpdf.com/guides/unlock-pdf-with-known-password,https://liftpdf.com/,LiftPDF,INTERNAL
https://liftpdf.com/guides/unlock-pdf-with-known-password,https://liftpdf.com/pdf-tools,PDF Tools,INTERNAL
https://liftpdf.com/guides/unlock-pdf-with-known-password,https://liftpdf.com/learn,Learn,INTERNAL
https://liftpdf.com/guides/unlock-pdf-with-known-password,https://liftpdf.com/jpg-to-pdf,Image to PDF,INTERNAL
https://liftpdf.com/guides/unlock-pdf-with-known-password,https://liftpdf.com/pdf-converter,Convert,INTERNAL
https://liftpdf.com/guides/unlock-pdf-with-known-password,https://liftpdf.com/pdf-editor,Edit,INTERNAL
https://liftpdf.com/guides/unlock-pdf-with-known-password,https://liftpdf.com/jpg-to-pdf,Start Now,INTERNAL
https://liftpdf.com/guides/unlock-pdf-with-known-password,https://liftpdf.com/pdf-tools,PDF Tools,INTERNAL
https://liftpdf.com/guides/unlock-pdf-with-known-password,https://liftpdf.com/learn,Learn,INTERNAL
https://liftpdf.com/guides/unlock-pdf-with-known-password,https://liftpdf.com/jpg-to-pdf,Image to PDF,INTERNAL
https://liftpdf.com/guides/unlock-pdf-with-known-password,https://liftpdf.com/pdf-converter,Convert,INTERNAL
https://liftpdf.com/guides/unlock-pdf-with-known-password,https://liftpdf.com/pdf-editor,Edit,INTERNAL
https://liftpdf.com/guides/unlock-pdf-with-known-password,https://liftpdf.com/jpg-to-pdf,Start Now,INTERNAL
https://liftpdf.com/guides/unlock-pdf-with-known-password,https://liftpdf.com/pdf-security,Unlock PDF,INTERNAL
https://liftpdf.com/guides/unlock-pdf-with-known-password,https://liftpdf.com/learn/pdf-security,Browse security guides,INTERNAL
https://liftpdf.com/guides/unlock-pdf-with-known-password,https://liftpdf.com/pdf-security,Unlock PDF,INTERNAL
https://liftpdf.com/guides/unlock-pdf-with-known-password,https://liftpdf.com/guides/unlock-pdf-with-known-password#quick-answer,Quick answer,INTERNAL
https://liftpdf.com/guides/unlock-pdf-with-known-password,https://liftpdf.com/guides/unlock-pdf-with-known-password#unlocking-is-not-password-recovery,Unlocking is not password recovery,INTERNAL
https://liftpdf.com/guides/unlock-pdf-with-known-password,https://liftpdf.com/guides/unlock-pdf-with-known-password#when-unlocking-helps,When unlocking helps,INTERNAL
https://liftpdf.com/guides/unlock-pdf-with-known-password,https://liftpdf.com/guides/unlock-pdf-with-known-password#faq,FAQ,INTERNAL
https://liftpdf.com/guides/unlock-pdf-with-known-password,https://liftpdf.com/pdf-security,Unlock PDF,INTERNAL
https://liftpdf.com/guides/unlock-pdf-with-known-password,https://liftpdf.com/unlock-pdf,Unlock PDFRemove encryption with the known password.,INTERNAL
https://liftpdf.com/guides/unlock-pdf-with-known-password,https://liftpdf.com/protect-pdf,Protect PDFProtect a PDF again if needed.,INTERNAL
https://liftpdf.com/guides/unlock-pdf-with-known-password,https://liftpdf.com/guides/why-a-pdf-is-password-protected,Why a PDF is password protectedUnderstand why restrictions exist.,INTERNAL
https://liftpdf.com/guides/unlock-pdf-with-known-password,https://liftpdf.com/learn,"Learning CenterBrowse PDF tutorials, comparisons and troubleshooting resources.",INTERNAL
https://liftpdf.com/guides/unlock-pdf-with-known-password,https://liftpdf.com/pdf-glossary,PDF GlossaryLook up the terms used in this article.,INTERNAL
https://liftpdf.com/guides/unlock-pdf-with-known-password,https://liftpdf.com/,LiftPDF,INTERNAL
https://liftpdf.com/guides/unlock-pdf-with-known-password,https://liftpdf.com/pdf-tools,All PDF Tools,INTERNAL
https://liftpdf.com/guides/unlock-pdf-with-known-password,https://liftpdf.com/jpg-to-pdf,JPG to PDF,INTERNAL
https://liftpdf.com/guides/unlock-pdf-with-known-password,https://liftpdf.com/merge-pdf,Merge PDF,INTERNAL
https://liftpdf.com/guides/unlock-pdf-with-known-password,https://liftpdf.com/compress-pdf,Compress PDF,INTERNAL
https://liftpdf.com/guides/unlock-pdf-with-known-password,https://liftpdf.com/pdf-converter,Convert PDF,INTERNAL
https://liftpdf.com/guides/unlock-pdf-with-known-password,https://liftpdf.com/pdf-editor,Edit PDF,INTERNAL
https://liftpdf.com/guides/unlock-pdf-with-known-password,https://liftpdf.com/organize-pdf,Organize PDF,INTERNAL
https://liftpdf.com/guides/unlock-pdf-with-known-password,https://liftpdf.com/pdf-image-tools,Image Tools,INTERNAL
https://liftpdf.com/guides/unlock-pdf-with-known-password,https://liftpdf.com/pdf-security,Security,INTERNAL
https://liftpdf.com/guides/unlock-pdf-with-known-password,https://liftpdf.com/learn,Learning Center,INTERNAL
https://liftpdf.com/guides/unlock-pdf-with-known-password,https://liftpdf.com/guides,Guides,INTERNAL
https://liftpdf.com/guides/unlock-pdf-with-known-password,https://liftpdf.com/pdf-glossary,PDF Glossary,INTERNAL
https://liftpdf.com/guides/unlock-pdf-with-known-password,https://liftpdf.com/help,Help Center,INTERNAL
https://liftpdf.com/guides/unlock-pdf-with-known-password,https://liftpdf.com/privacy,Privacy,INTERNAL
https://liftpdf.com/guides/unlock-pdf-with-known-password,https://liftpdf.com/cookies,Cookies,INTERNAL
https://liftpdf.com/guides/unlock-pdf-with-known-password,https://liftpdf.com/security,Security,INTERNAL
https://liftpdf.com/guides/unlock-pdf-with-known-password,https://liftpdf.com/about,About,INTERNAL
https://liftpdf.com/guides/unlock-pdf-with-known-password,https://liftpdf.com/why-liftpdf,Why LiftPDF,INTERNAL
https://liftpdf.com/guides/unlock-pdf-with-known-password,https://liftpdf.com/terms,Terms,INTERNAL
https://liftpdf.com/guides/unlock-pdf-with-known-password,https://liftpdf.com/contact,Contact,INTERNAL
https://liftpdf.com/guides/password-protected-pdf-not-opening,https://liftpdf.com/,LiftPDF,INTERNAL
https://liftpdf.com/guides/password-protected-pdf-not-opening,https://liftpdf.com/pdf-tools,PDF Tools,INTERNAL
https://liftpdf.com/guides/password-protected-pdf-not-opening,https://liftpdf.com/learn,Learn,INTERNAL
https://liftpdf.com/guides/password-protected-pdf-not-opening,https://liftpdf.com/jpg-to-pdf,Image to PDF,INTERNAL
https://liftpdf.com/guides/password-protected-pdf-not-opening,https://liftpdf.com/pdf-converter,Convert,INTERNAL
https://liftpdf.com/guides/password-protected-pdf-not-opening,https://liftpdf.com/pdf-editor,Edit,INTERNAL
https://liftpdf.com/guides/password-protected-pdf-not-opening,https://liftpdf.com/jpg-to-pdf,Start Now,INTERNAL
https://liftpdf.com/guides/password-protected-pdf-not-opening,https://liftpdf.com/pdf-tools,PDF Tools,INTERNAL
https://liftpdf.com/guides/password-protected-pdf-not-opening,https://liftpdf.com/learn,Learn,INTERNAL
https://liftpdf.com/guides/password-protected-pdf-not-opening,https://liftpdf.com/jpg-to-pdf,Image to PDF,INTERNAL
https://liftpdf.com/guides/password-protected-pdf-not-opening,https://liftpdf.com/pdf-converter,Convert,INTERNAL
https://liftpdf.com/guides/password-protected-pdf-not-opening,https://liftpdf.com/pdf-editor,Edit,INTERNAL
https://liftpdf.com/guides/password-protected-pdf-not-opening,https://liftpdf.com/jpg-to-pdf,Start Now,INTERNAL
https://liftpdf.com/guides/password-protected-pdf-not-opening,https://liftpdf.com/help,Unlock PDF,INTERNAL
https://liftpdf.com/guides/password-protected-pdf-not-opening,https://liftpdf.com/learn/troubleshooting,Browse troubleshooting,INTERNAL
https://liftpdf.com/guides/password-protected-pdf-not-opening,https://liftpdf.com/help,Unlock PDF,INTERNAL
https://liftpdf.com/guides/password-protected-pdf-not-opening,https://liftpdf.com/guides/password-protected-pdf-not-opening#quick-answer,Quick answer,INTERNAL
https://liftpdf.com/guides/password-protected-pdf-not-opening,https://liftpdf.com/guides/password-protected-pdf-not-opening#start-with-the-simplest-causes,Start with the simplest causes,INTERNAL
https://liftpdf.com/guides/password-protected-pdf-not-opening,https://liftpdf.com/guides/password-protected-pdf-not-opening#do-not-bypass-protection,Do not bypass protection,INTERNAL
https://liftpdf.com/guides/password-protected-pdf-not-opening,https://liftpdf.com/guides/password-protected-pdf-not-opening#faq,FAQ,INTERNAL
https://liftpdf.com/guides/password-protected-pdf-not-opening,https://liftpdf.com/help,Unlock PDF,INTERNAL
https://liftpdf.com/guides/password-protected-pdf-not-opening,https://liftpdf.com/unlock-pdf,Unlock PDFUnlock when you know the password.,INTERNAL
https://liftpdf.com/guides/password-protected-pdf-not-opening,https://liftpdf.com/guides/why-pdf-opens-blank,Why a PDF opens blankTroubleshoot rendering problems.,INTERNAL
https://liftpdf.com/guides/password-protected-pdf-not-opening,https://liftpdf.com/learn/pdf-security,PDF SecurityLearn how PDF protection works.,INTERNAL
https://liftpdf.com/guides/password-protected-pdf-not-opening,https://liftpdf.com/learn,"Learning CenterBrowse PDF tutorials, comparisons and troubleshooting resources.",INTERNAL
https://liftpdf.com/guides/password-protected-pdf-not-opening,https://liftpdf.com/pdf-glossary,PDF GlossaryLook up the terms used in this article.,INTERNAL
https://liftpdf.com/guides/password-protected-pdf-not-opening,https://liftpdf.com/,LiftPDF,INTERNAL
https://liftpdf.com/guides/password-protected-pdf-not-opening,https://liftpdf.com/pdf-tools,All PDF Tools,INTERNAL
https://liftpdf.com/guides/password-protected-pdf-not-opening,https://liftpdf.com/jpg-to-pdf,JPG to PDF,INTERNAL
https://liftpdf.com/guides/password-protected-pdf-not-opening,https://liftpdf.com/merge-pdf,Merge PDF,INTERNAL
https://liftpdf.com/guides/password-protected-pdf-not-opening,https://liftpdf.com/compress-pdf,Compress PDF,INTERNAL
https://liftpdf.com/guides/password-protected-pdf-not-opening,https://liftpdf.com/pdf-converter,Convert PDF,INTERNAL
https://liftpdf.com/guides/password-protected-pdf-not-opening,https://liftpdf.com/pdf-editor,Edit PDF,INTERNAL
https://liftpdf.com/guides/password-protected-pdf-not-opening,https://liftpdf.com/organize-pdf,Organize PDF,INTERNAL
https://liftpdf.com/guides/password-protected-pdf-not-opening,https://liftpdf.com/pdf-image-tools,Image Tools,INTERNAL
https://liftpdf.com/guides/password-protected-pdf-not-opening,https://liftpdf.com/pdf-security,Security,INTERNAL
https://liftpdf.com/guides/password-protected-pdf-not-opening,https://liftpdf.com/learn,Learning Center,INTERNAL
https://liftpdf.com/guides/password-protected-pdf-not-opening,https://liftpdf.com/guides,Guides,INTERNAL
https://liftpdf.com/guides/password-protected-pdf-not-opening,https://liftpdf.com/pdf-glossary,PDF Glossary,INTERNAL
https://liftpdf.com/guides/password-protected-pdf-not-opening,https://liftpdf.com/help,Help Center,INTERNAL
https://liftpdf.com/guides/password-protected-pdf-not-opening,https://liftpdf.com/privacy,Privacy,INTERNAL
https://liftpdf.com/guides/password-protected-pdf-not-opening,https://liftpdf.com/cookies,Cookies,INTERNAL
https://liftpdf.com/guides/password-protected-pdf-not-opening,https://liftpdf.com/security,Security,INTERNAL
https://liftpdf.com/guides/password-protected-pdf-not-opening,https://liftpdf.com/about,About,INTERNAL
https://liftpdf.com/guides/password-protected-pdf-not-opening,https://liftpdf.com/why-liftpdf,Why LiftPDF,INTERNAL
https://liftpdf.com/guides/password-protected-pdf-not-opening,https://liftpdf.com/terms,Terms,INTERNAL
https://liftpdf.com/guides/password-protected-pdf-not-opening,https://liftpdf.com/contact,Contact,INTERNAL
https://liftpdf.com/guides/make-pdf-smaller-for-upload,https://liftpdf.com/,LiftPDF,INTERNAL
https://liftpdf.com/guides/make-pdf-smaller-for-upload,https://liftpdf.com/pdf-tools,PDF Tools,INTERNAL
https://liftpdf.com/guides/make-pdf-smaller-for-upload,https://liftpdf.com/learn,Learn,INTERNAL
https://liftpdf.com/guides/make-pdf-smaller-for-upload,https://liftpdf.com/jpg-to-pdf,Image to PDF,INTERNAL
https://liftpdf.com/guides/make-pdf-smaller-for-upload,https://liftpdf.com/pdf-converter,Convert,INTERNAL
https://liftpdf.com/guides/make-pdf-smaller-for-upload,https://liftpdf.com/pdf-editor,Edit,INTERNAL
https://liftpdf.com/guides/make-pdf-smaller-for-upload,https://liftpdf.com/jpg-to-pdf,Start Now,INTERNAL
https://liftpdf.com/guides/make-pdf-smaller-for-upload,https://liftpdf.com/pdf-tools,PDF Tools,INTERNAL
https://liftpdf.com/guides/make-pdf-smaller-for-upload,https://liftpdf.com/learn,Learn,INTERNAL
https://liftpdf.com/guides/make-pdf-smaller-for-upload,https://liftpdf.com/jpg-to-pdf,Image to PDF,INTERNAL
https://liftpdf.com/guides/make-pdf-smaller-for-upload,https://liftpdf.com/pdf-converter,Convert,INTERNAL
https://liftpdf.com/guides/make-pdf-smaller-for-upload,https://liftpdf.com/pdf-editor,Edit,INTERNAL
https://liftpdf.com/guides/make-pdf-smaller-for-upload,https://liftpdf.com/jpg-to-pdf,Start Now,INTERNAL
https://liftpdf.com/guides/make-pdf-smaller-for-upload,https://liftpdf.com/pdf-tools,Compress PDF,INTERNAL
https://liftpdf.com/guides/make-pdf-smaller-for-upload,https://liftpdf.com/learn/pdf-basics,Browse PDF basics,INTERNAL
https://liftpdf.com/guides/make-pdf-smaller-for-upload,https://liftpdf.com/pdf-tools,Compress PDF,INTERNAL
https://liftpdf.com/guides/make-pdf-smaller-for-upload,https://liftpdf.com/guides/make-pdf-smaller-for-upload#quick-answer,Quick answer,INTERNAL
https://liftpdf.com/guides/make-pdf-smaller-for-upload,https://liftpdf.com/guides/make-pdf-smaller-for-upload#start-with-the-portal-requirement,Start with the portal requirement,INTERNAL
https://liftpdf.com/guides/make-pdf-smaller-for-upload,https://liftpdf.com/guides/make-pdf-smaller-for-upload#do-not-sacrifice-readability,Do not sacrifice readability,INTERNAL
https://liftpdf.com/guides/make-pdf-smaller-for-upload,https://liftpdf.com/guides/make-pdf-smaller-for-upload#faq,FAQ,INTERNAL
https://liftpdf.com/guides/make-pdf-smaller-for-upload,https://liftpdf.com/pdf-tools,Compress PDF,INTERNAL
https://liftpdf.com/guides/make-pdf-smaller-for-upload,https://liftpdf.com/compress-pdf,Compress PDFReduce file size in your browser.,INTERNAL
https://liftpdf.com/guides/make-pdf-smaller-for-upload,https://liftpdf.com/delete-pages,Delete PagesRemove pages before compression.,INTERNAL
https://liftpdf.com/guides/make-pdf-smaller-for-upload,https://liftpdf.com/guides/how-to-prepare-a-pdf-for-online-submission,Prepare a PDF for online submissionUse a full pre-upload checklist.,INTERNAL
https://liftpdf.com/guides/make-pdf-smaller-for-upload,https://liftpdf.com/learn,"Learning CenterBrowse PDF tutorials, comparisons and troubleshooting resources.",INTERNAL
https://liftpdf.com/guides/make-pdf-smaller-for-upload,https://liftpdf.com/pdf-glossary,PDF GlossaryLook up the terms used in this article.,INTERNAL
https://liftpdf.com/guides/make-pdf-smaller-for-upload,https://liftpdf.com/,LiftPDF,INTERNAL
https://liftpdf.com/guides/make-pdf-smaller-for-upload,https://liftpdf.com/pdf-tools,All PDF Tools,INTERNAL
https://liftpdf.com/guides/make-pdf-smaller-for-upload,https://liftpdf.com/jpg-to-pdf,JPG to PDF,INTERNAL
https://liftpdf.com/guides/make-pdf-smaller-for-upload,https://liftpdf.com/merge-pdf,Merge PDF,INTERNAL
https://liftpdf.com/guides/make-pdf-smaller-for-upload,https://liftpdf.com/compress-pdf,Compress PDF,INTERNAL
https://liftpdf.com/guides/make-pdf-smaller-for-upload,https://liftpdf.com/pdf-converter,Convert PDF,INTERNAL
https://liftpdf.com/guides/make-pdf-smaller-for-upload,https://liftpdf.com/pdf-editor,Edit PDF,INTERNAL
https://liftpdf.com/guides/make-pdf-smaller-for-upload,https://liftpdf.com/organize-pdf,Organize PDF,INTERNAL
https://liftpdf.com/guides/make-pdf-smaller-for-upload,https://liftpdf.com/pdf-image-tools,Image Tools,INTERNAL
https://liftpdf.com/guides/make-pdf-smaller-for-upload,https://liftpdf.com/pdf-security,Security,INTERNAL
https://liftpdf.com/guides/make-pdf-smaller-for-upload,https://liftpdf.com/learn,Learning Center,INTERNAL
https://liftpdf.com/guides/make-pdf-smaller-for-upload,https://liftpdf.com/guides,Guides,INTERNAL
https://liftpdf.com/guides/make-pdf-smaller-for-upload,https://liftpdf.com/pdf-glossary,PDF Glossary,INTERNAL
https://liftpdf.com/guides/make-pdf-smaller-for-upload,https://liftpdf.com/help,Help Center,INTERNAL
https://liftpdf.com/guides/make-pdf-smaller-for-upload,https://liftpdf.com/privacy,Privacy,INTERNAL
https://liftpdf.com/guides/make-pdf-smaller-for-upload,https://liftpdf.com/cookies,Cookies,INTERNAL
https://liftpdf.com/guides/make-pdf-smaller-for-upload,https://liftpdf.com/security,Security,INTERNAL
https://liftpdf.com/guides/make-pdf-smaller-for-upload,https://liftpdf.com/about,About,INTERNAL
https://liftpdf.com/guides/make-pdf-smaller-for-upload,https://liftpdf.com/why-liftpdf,Why LiftPDF,INTERNAL
https://liftpdf.com/guides/make-pdf-smaller-for-upload,https://liftpdf.com/terms,Terms,INTERNAL
https://liftpdf.com/guides/make-pdf-smaller-for-upload,https://liftpdf.com/contact,Contact,INTERNAL
https://liftpdf.com/guides/pdf-file-size-limit-explained,https://liftpdf.com/,LiftPDF,INTERNAL
https://liftpdf.com/guides/pdf-file-size-limit-explained,https://liftpdf.com/pdf-tools,PDF Tools,INTERNAL
https://liftpdf.com/guides/pdf-file-size-limit-explained,https://liftpdf.com/learn,Learn,INTERNAL
https://liftpdf.com/guides/pdf-file-size-limit-explained,https://liftpdf.com/jpg-to-pdf,Image to PDF,INTERNAL
https://liftpdf.com/guides/pdf-file-size-limit-explained,https://liftpdf.com/pdf-converter,Convert,INTERNAL
https://liftpdf.com/guides/pdf-file-size-limit-explained,https://liftpdf.com/pdf-editor,Edit,INTERNAL
https://liftpdf.com/guides/pdf-file-size-limit-explained,https://liftpdf.com/jpg-to-pdf,Start Now,INTERNAL
https://liftpdf.com/guides/pdf-file-size-limit-explained,https://liftpdf.com/pdf-tools,PDF Tools,INTERNAL
https://liftpdf.com/guides/pdf-file-size-limit-explained,https://liftpdf.com/learn,Learn,INTERNAL
https://liftpdf.com/guides/pdf-file-size-limit-explained,https://liftpdf.com/jpg-to-pdf,Image to PDF,INTERNAL
https://liftpdf.com/guides/pdf-file-size-limit-explained,https://liftpdf.com/pdf-converter,Convert,INTERNAL
https://liftpdf.com/guides/pdf-file-size-limit-explained,https://liftpdf.com/pdf-editor,Edit,INTERNAL
https://liftpdf.com/guides/pdf-file-size-limit-explained,https://liftpdf.com/jpg-to-pdf,Start Now,INTERNAL
https://liftpdf.com/guides/pdf-file-size-limit-explained,https://liftpdf.com/pdf-tools,Reduce PDF size,INTERNAL
https://liftpdf.com/guides/pdf-file-size-limit-explained,https://liftpdf.com/learn/pdf-basics,Browse PDF basics,INTERNAL
https://liftpdf.com/guides/pdf-file-size-limit-explained,https://liftpdf.com/pdf-tools,Reduce PDF size,INTERNAL
https://liftpdf.com/guides/pdf-file-size-limit-explained,https://liftpdf.com/guides/pdf-file-size-limit-explained#quick-answer,Quick answer,INTERNAL
https://liftpdf.com/guides/pdf-file-size-limit-explained,https://liftpdf.com/guides/pdf-file-size-limit-explained#why-limits-vary,Why limits vary,INTERNAL
https://liftpdf.com/guides/pdf-file-size-limit-explained,https://liftpdf.com/guides/pdf-file-size-limit-explained#how-to-respond-to-a-size-error,How to respond to a size error,INTERNAL
https://liftpdf.com/guides/pdf-file-size-limit-explained,https://liftpdf.com/guides/pdf-file-size-limit-explained#faq,FAQ,INTERNAL
https://liftpdf.com/guides/pdf-file-size-limit-explained,https://liftpdf.com/pdf-tools,Reduce PDF size,INTERNAL
https://liftpdf.com/guides/pdf-file-size-limit-explained,https://liftpdf.com/guides/why-is-my-pdf-too-large,Why is my PDF too large?Diagnose the cause.,INTERNAL
https://liftpdf.com/guides/pdf-file-size-limit-explained,https://liftpdf.com/compress-pdf,Compress PDFCreate a smaller PDF.,INTERNAL
https://liftpdf.com/guides/pdf-file-size-limit-explained,https://liftpdf.com/guides/make-pdf-smaller-for-upload,Make PDF smaller for uploadFollow an upload-ready workflow.,INTERNAL
https://liftpdf.com/guides/pdf-file-size-limit-explained,https://liftpdf.com/learn,"Learning CenterBrowse PDF tutorials, comparisons and troubleshooting resources.",INTERNAL
https://liftpdf.com/guides/pdf-file-size-limit-explained,https://liftpdf.com/pdf-glossary,PDF GlossaryLook up the terms used in this article.,INTERNAL
https://liftpdf.com/guides/pdf-file-size-limit-explained,https://liftpdf.com/,LiftPDF,INTERNAL
https://liftpdf.com/guides/pdf-file-size-limit-explained,https://liftpdf.com/pdf-tools,All PDF Tools,INTERNAL
https://liftpdf.com/guides/pdf-file-size-limit-explained,https://liftpdf.com/jpg-to-pdf,JPG to PDF,INTERNAL
https://liftpdf.com/guides/pdf-file-size-limit-explained,https://liftpdf.com/merge-pdf,Merge PDF,INTERNAL
https://liftpdf.com/guides/pdf-file-size-limit-explained,https://liftpdf.com/compress-pdf,Compress PDF,INTERNAL
https://liftpdf.com/guides/pdf-file-size-limit-explained,https://liftpdf.com/pdf-converter,Convert PDF,INTERNAL
https://liftpdf.com/guides/pdf-file-size-limit-explained,https://liftpdf.com/pdf-editor,Edit PDF,INTERNAL
https://liftpdf.com/guides/pdf-file-size-limit-explained,https://liftpdf.com/organize-pdf,Organize PDF,INTERNAL
https://liftpdf.com/guides/pdf-file-size-limit-explained,https://liftpdf.com/pdf-image-tools,Image Tools,INTERNAL
https://liftpdf.com/guides/pdf-file-size-limit-explained,https://liftpdf.com/pdf-security,Security,INTERNAL
https://liftpdf.com/guides/pdf-file-size-limit-explained,https://liftpdf.com/learn,Learning Center,INTERNAL
https://liftpdf.com/guides/pdf-file-size-limit-explained,https://liftpdf.com/guides,Guides,INTERNAL
https://liftpdf.com/guides/pdf-file-size-limit-explained,https://liftpdf.com/pdf-glossary,PDF Glossary,INTERNAL
https://liftpdf.com/guides/pdf-file-size-limit-explained,https://liftpdf.com/help,Help Center,INTERNAL
https://liftpdf.com/guides/pdf-file-size-limit-explained,https://liftpdf.com/privacy,Privacy,INTERNAL
https://liftpdf.com/guides/pdf-file-size-limit-explained,https://liftpdf.com/cookies,Cookies,INTERNAL
https://liftpdf.com/guides/pdf-file-size-limit-explained,https://liftpdf.com/security,Security,INTERNAL
https://liftpdf.com/guides/pdf-file-size-limit-explained,https://liftpdf.com/about,About,INTERNAL
https://liftpdf.com/guides/pdf-file-size-limit-explained,https://liftpdf.com/why-liftpdf,Why LiftPDF,INTERNAL
https://liftpdf.com/guides/pdf-file-size-limit-explained,https://liftpdf.com/terms,Terms,INTERNAL
https://liftpdf.com/guides/pdf-file-size-limit-explained,https://liftpdf.com/contact,Contact,INTERNAL
https://liftpdf.com/guides/convert-receipts-to-pdf,https://liftpdf.com/,LiftPDF,INTERNAL
https://liftpdf.com/guides/convert-receipts-to-pdf,https://liftpdf.com/pdf-tools,PDF Tools,INTERNAL
https://liftpdf.com/guides/convert-receipts-to-pdf,https://liftpdf.com/learn,Learn,INTERNAL
https://liftpdf.com/guides/convert-receipts-to-pdf,https://liftpdf.com/jpg-to-pdf,Image to PDF,INTERNAL
https://liftpdf.com/guides/convert-receipts-to-pdf,https://liftpdf.com/pdf-converter,Convert,INTERNAL
https://liftpdf.com/guides/convert-receipts-to-pdf,https://liftpdf.com/pdf-editor,Edit,INTERNAL
https://liftpdf.com/guides/convert-receipts-to-pdf,https://liftpdf.com/jpg-to-pdf,Start Now,INTERNAL
https://liftpdf.com/guides/convert-receipts-to-pdf,https://liftpdf.com/pdf-tools,PDF Tools,INTERNAL
https://liftpdf.com/guides/convert-receipts-to-pdf,https://liftpdf.com/learn,Learn,INTERNAL
https://liftpdf.com/guides/convert-receipts-to-pdf,https://liftpdf.com/jpg-to-pdf,Image to PDF,INTERNAL
https://liftpdf.com/guides/convert-receipts-to-pdf,https://liftpdf.com/pdf-converter,Convert,INTERNAL
https://liftpdf.com/guides/convert-receipts-to-pdf,https://liftpdf.com/pdf-editor,Edit,INTERNAL
https://liftpdf.com/guides/convert-receipts-to-pdf,https://liftpdf.com/jpg-to-pdf,Start Now,INTERNAL
https://liftpdf.com/guides/convert-receipts-to-pdf,https://liftpdf.com/pdf-image-tools,Convert images to PDF,INTERNAL
https://liftpdf.com/guides/convert-receipts-to-pdf,https://liftpdf.com/learn/pdf-images,Browse image guides,INTERNAL
https://liftpdf.com/guides/convert-receipts-to-pdf,https://liftpdf.com/pdf-image-tools,Convert images to PDF,INTERNAL
https://liftpdf.com/guides/convert-receipts-to-pdf,https://liftpdf.com/guides/convert-receipts-to-pdf#quick-answer,Quick answer,INTERNAL
https://liftpdf.com/guides/convert-receipts-to-pdf,https://liftpdf.com/guides/convert-receipts-to-pdf#receipts-need-clarity-more-than-beauty,Receipts need clarity more than beauty,INTERNAL
https://liftpdf.com/guides/convert-receipts-to-pdf,https://liftpdf.com/guides/convert-receipts-to-pdf#order-and-naming-matter,Order and naming matter,INTERNAL
https://liftpdf.com/guides/convert-receipts-to-pdf,https://liftpdf.com/guides/convert-receipts-to-pdf#faq,FAQ,INTERNAL
https://liftpdf.com/guides/convert-receipts-to-pdf,https://liftpdf.com/pdf-image-tools,Convert images to PDF,INTERNAL
https://liftpdf.com/guides/convert-receipts-to-pdf,https://liftpdf.com/images-to-pdf,Images to PDFCombine receipt images into one PDF.,INTERNAL
https://liftpdf.com/guides/convert-receipts-to-pdf,https://liftpdf.com/jpg-to-pdf,JPG to PDFConvert JPG receipt photos.,INTERNAL
https://liftpdf.com/guides/convert-receipts-to-pdf,https://liftpdf.com/compress-pdf,Compress PDFReduce the final PDF if needed.,INTERNAL
https://liftpdf.com/guides/convert-receipts-to-pdf,https://liftpdf.com/learn,"Learning CenterBrowse PDF tutorials, comparisons and troubleshooting resources.",INTERNAL
https://liftpdf.com/guides/convert-receipts-to-pdf,https://liftpdf.com/pdf-glossary,PDF GlossaryLook up the terms used in this article.,INTERNAL
https://liftpdf.com/guides/convert-receipts-to-pdf,https://liftpdf.com/,LiftPDF,INTERNAL
https://liftpdf.com/guides/convert-receipts-to-pdf,https://liftpdf.com/pdf-tools,All PDF Tools,INTERNAL
https://liftpdf.com/guides/convert-receipts-to-pdf,https://liftpdf.com/jpg-to-pdf,JPG to PDF,INTERNAL
https://liftpdf.com/guides/convert-receipts-to-pdf,https://liftpdf.com/merge-pdf,Merge PDF,INTERNAL
https://liftpdf.com/guides/convert-receipts-to-pdf,https://liftpdf.com/compress-pdf,Compress PDF,INTERNAL
https://liftpdf.com/guides/convert-receipts-to-pdf,https://liftpdf.com/pdf-converter,Convert PDF,INTERNAL
https://liftpdf.com/guides/convert-receipts-to-pdf,https://liftpdf.com/pdf-editor,Edit PDF,INTERNAL
https://liftpdf.com/guides/convert-receipts-to-pdf,https://liftpdf.com/organize-pdf,Organize PDF,INTERNAL
https://liftpdf.com/guides/convert-receipts-to-pdf,https://liftpdf.com/pdf-image-tools,Image Tools,INTERNAL
https://liftpdf.com/guides/convert-receipts-to-pdf,https://liftpdf.com/pdf-security,Security,INTERNAL
https://liftpdf.com/guides/convert-receipts-to-pdf,https://liftpdf.com/learn,Learning Center,INTERNAL
https://liftpdf.com/guides/convert-receipts-to-pdf,https://liftpdf.com/guides,Guides,INTERNAL
https://liftpdf.com/guides/convert-receipts-to-pdf,https://liftpdf.com/pdf-glossary,PDF Glossary,INTERNAL
https://liftpdf.com/guides/convert-receipts-to-pdf,https://liftpdf.com/help,Help Center,INTERNAL
https://liftpdf.com/guides/convert-receipts-to-pdf,https://liftpdf.com/privacy,Privacy,INTERNAL
https://liftpdf.com/guides/convert-receipts-to-pdf,https://liftpdf.com/cookies,Cookies,INTERNAL
https://liftpdf.com/guides/convert-receipts-to-pdf,https://liftpdf.com/security,Security,INTERNAL
https://liftpdf.com/guides/convert-receipts-to-pdf,https://liftpdf.com/about,About,INTERNAL
https://liftpdf.com/guides/convert-receipts-to-pdf,https://liftpdf.com/why-liftpdf,Why LiftPDF,INTERNAL
https://liftpdf.com/guides/convert-receipts-to-pdf,https://liftpdf.com/terms,Terms,INTERNAL
https://liftpdf.com/guides/convert-receipts-to-pdf,https://liftpdf.com/contact,Contact,INTERNAL
https://liftpdf.com/guides/combine-screenshots-into-pdf,https://liftpdf.com/,LiftPDF,INTERNAL
https://liftpdf.com/guides/combine-screenshots-into-pdf,https://liftpdf.com/pdf-tools,PDF Tools,INTERNAL
https://liftpdf.com/guides/combine-screenshots-into-pdf,https://liftpdf.com/learn,Learn,INTERNAL
https://liftpdf.com/guides/combine-screenshots-into-pdf,https://liftpdf.com/jpg-to-pdf,Image to PDF,INTERNAL
https://liftpdf.com/guides/combine-screenshots-into-pdf,https://liftpdf.com/pdf-converter,Convert,INTERNAL
https://liftpdf.com/guides/combine-screenshots-into-pdf,https://liftpdf.com/pdf-editor,Edit,INTERNAL
https://liftpdf.com/guides/combine-screenshots-into-pdf,https://liftpdf.com/jpg-to-pdf,Start Now,INTERNAL
https://liftpdf.com/guides/combine-screenshots-into-pdf,https://liftpdf.com/pdf-tools,PDF Tools,INTERNAL
https://liftpdf.com/guides/combine-screenshots-into-pdf,https://liftpdf.com/learn,Learn,INTERNAL
https://liftpdf.com/guides/combine-screenshots-into-pdf,https://liftpdf.com/jpg-to-pdf,Image to PDF,INTERNAL
https://liftpdf.com/guides/combine-screenshots-into-pdf,https://liftpdf.com/pdf-converter,Convert,INTERNAL
https://liftpdf.com/guides/combine-screenshots-into-pdf,https://liftpdf.com/pdf-editor,Edit,INTERNAL
https://liftpdf.com/guides/combine-screenshots-into-pdf,https://liftpdf.com/jpg-to-pdf,Start Now,INTERNAL
https://liftpdf.com/guides/combine-screenshots-into-pdf,https://liftpdf.com/pdf-image-tools,Convert images to PDF,INTERNAL
https://liftpdf.com/guides/combine-screenshots-into-pdf,https://liftpdf.com/learn/pdf-images,Browse image guides,INTERNAL
https://liftpdf.com/guides/combine-screenshots-into-pdf,https://liftpdf.com/pdf-image-tools,Convert images to PDF,INTERNAL
https://liftpdf.com/guides/combine-screenshots-into-pdf,https://liftpdf.com/guides/combine-screenshots-into-pdf#quick-answer,Quick answer,INTERNAL
https://liftpdf.com/guides/combine-screenshots-into-pdf,https://liftpdf.com/guides/combine-screenshots-into-pdf#screenshots-behave-differently-from-photos,Screenshots behave differently from photos,INTERNAL
https://liftpdf.com/guides/combine-screenshots-into-pdf,https://liftpdf.com/guides/combine-screenshots-into-pdf#avoid-cropping-important-ui-details,Avoid cropping important UI details,INTERNAL
https://liftpdf.com/guides/combine-screenshots-into-pdf,https://liftpdf.com/guides/combine-screenshots-into-pdf#faq,FAQ,INTERNAL
https://liftpdf.com/guides/combine-screenshots-into-pdf,https://liftpdf.com/pdf-image-tools,Convert images to PDF,INTERNAL
https://liftpdf.com/guides/combine-screenshots-into-pdf,https://liftpdf.com/images-to-pdf,"Images to PDFCombine JPG, PNG and WEBP screenshots.",INTERNAL
https://liftpdf.com/guides/combine-screenshots-into-pdf,https://liftpdf.com/png-to-pdf,PNG to PDFCreate a PDF from PNG screenshots.,INTERNAL
https://liftpdf.com/guides/combine-screenshots-into-pdf,https://liftpdf.com/guides/png-vs-pdf,PNG vs PDFUnderstand the format difference.,INTERNAL
https://liftpdf.com/guides/combine-screenshots-into-pdf,https://liftpdf.com/learn,"Learning CenterBrowse PDF tutorials, comparisons and troubleshooting resources.",INTERNAL
https://liftpdf.com/guides/combine-screenshots-into-pdf,https://liftpdf.com/pdf-glossary,PDF GlossaryLook up the terms used in this article.,INTERNAL
https://liftpdf.com/guides/combine-screenshots-into-pdf,https://liftpdf.com/,LiftPDF,INTERNAL
https://liftpdf.com/guides/combine-screenshots-into-pdf,https://liftpdf.com/pdf-tools,All PDF Tools,INTERNAL
https://liftpdf.com/guides/combine-screenshots-into-pdf,https://liftpdf.com/jpg-to-pdf,JPG to PDF,INTERNAL
https://liftpdf.com/guides/combine-screenshots-into-pdf,https://liftpdf.com/merge-pdf,Merge PDF,INTERNAL
https://liftpdf.com/guides/combine-screenshots-into-pdf,https://liftpdf.com/compress-pdf,Compress PDF,INTERNAL
https://liftpdf.com/guides/combine-screenshots-into-pdf,https://liftpdf.com/pdf-converter,Convert PDF,INTERNAL
https://liftpdf.com/guides/combine-screenshots-into-pdf,https://liftpdf.com/pdf-editor,Edit PDF,INTERNAL
https://liftpdf.com/guides/combine-screenshots-into-pdf,https://liftpdf.com/organize-pdf,Organize PDF,INTERNAL
https://liftpdf.com/guides/combine-screenshots-into-pdf,https://liftpdf.com/pdf-image-tools,Image Tools,INTERNAL
https://liftpdf.com/guides/combine-screenshots-into-pdf,https://liftpdf.com/pdf-security,Security,INTERNAL
https://liftpdf.com/guides/combine-screenshots-into-pdf,https://liftpdf.com/learn,Learning Center,INTERNAL
https://liftpdf.com/guides/combine-screenshots-into-pdf,https://liftpdf.com/guides,Guides,INTERNAL
https://liftpdf.com/guides/combine-screenshots-into-pdf,https://liftpdf.com/pdf-glossary,PDF Glossary,INTERNAL
https://liftpdf.com/guides/combine-screenshots-into-pdf,https://liftpdf.com/help,Help Center,INTERNAL
https://liftpdf.com/guides/combine-screenshots-into-pdf,https://liftpdf.com/privacy,Privacy,INTERNAL
https://liftpdf.com/guides/combine-screenshots-into-pdf,https://liftpdf.com/cookies,Cookies,INTERNAL
https://liftpdf.com/guides/combine-screenshots-into-pdf,https://liftpdf.com/security,Security,INTERNAL
https://liftpdf.com/guides/combine-screenshots-into-pdf,https://liftpdf.com/about,About,INTERNAL
https://liftpdf.com/guides/combine-screenshots-into-pdf,https://liftpdf.com/why-liftpdf,Why LiftPDF,INTERNAL
https://liftpdf.com/guides/combine-screenshots-into-pdf,https://liftpdf.com/terms,Terms,INTERNAL
https://liftpdf.com/guides/combine-screenshots-into-pdf,https://liftpdf.com/contact,Contact,INTERNAL
https://liftpdf.com/guides/turn-school-assignment-photos-into-pdf,https://liftpdf.com/,LiftPDF,INTERNAL
https://liftpdf.com/guides/turn-school-assignment-photos-into-pdf,https://liftpdf.com/pdf-tools,PDF Tools,INTERNAL
https://liftpdf.com/guides/turn-school-assignment-photos-into-pdf,https://liftpdf.com/learn,Learn,INTERNAL
https://liftpdf.com/guides/turn-school-assignment-photos-into-pdf,https://liftpdf.com/jpg-to-pdf,Image to PDF,INTERNAL
https://liftpdf.com/guides/turn-school-assignment-photos-into-pdf,https://liftpdf.com/pdf-converter,Convert,INTERNAL
https://liftpdf.com/guides/turn-school-assignment-photos-into-pdf,https://liftpdf.com/pdf-editor,Edit,INTERNAL
https://liftpdf.com/guides/turn-school-assignment-photos-into-pdf,https://liftpdf.com/jpg-to-pdf,Start Now,INTERNAL
https://liftpdf.com/guides/turn-school-assignment-photos-into-pdf,https://liftpdf.com/pdf-tools,PDF Tools,INTERNAL
https://liftpdf.com/guides/turn-school-assignment-photos-into-pdf,https://liftpdf.com/learn,Learn,INTERNAL
https://liftpdf.com/guides/turn-school-assignment-photos-into-pdf,https://liftpdf.com/jpg-to-pdf,Image to PDF,INTERNAL
https://liftpdf.com/guides/turn-school-assignment-photos-into-pdf,https://liftpdf.com/pdf-converter,Convert,INTERNAL
https://liftpdf.com/guides/turn-school-assignment-photos-into-pdf,https://liftpdf.com/pdf-editor,Edit,INTERNAL
https://liftpdf.com/guides/turn-school-assignment-photos-into-pdf,https://liftpdf.com/jpg-to-pdf,Start Now,INTERNAL
https://liftpdf.com/guides/turn-school-assignment-photos-into-pdf,https://liftpdf.com/pdf-image-tools,Convert photos to PDF,INTERNAL
https://liftpdf.com/guides/turn-school-assignment-photos-into-pdf,https://liftpdf.com/learn/pdf-images,Browse image guides,INTERNAL
https://liftpdf.com/guides/turn-school-assignment-photos-into-pdf,https://liftpdf.com/pdf-image-tools,Convert photos to PDF,INTERNAL
https://liftpdf.com/guides/turn-school-assignment-photos-into-pdf,https://liftpdf.com/guides/turn-school-assignment-photos-into-pdf#quick-answer,Quick answer,INTERNAL
https://liftpdf.com/guides/turn-school-assignment-photos-into-pdf,https://liftpdf.com/guides/turn-school-assignment-photos-into-pdf#readability-comes-first,Readability comes first,INTERNAL
https://liftpdf.com/guides/turn-school-assignment-photos-into-pdf,https://liftpdf.com/guides/turn-school-assignment-photos-into-pdf#choose-simple-layout-settings,Choose simple layout settings,INTERNAL
https://liftpdf.com/guides/turn-school-assignment-photos-into-pdf,https://liftpdf.com/guides/turn-school-assignment-photos-into-pdf#faq,FAQ,INTERNAL
https://liftpdf.com/guides/turn-school-assignment-photos-into-pdf,https://liftpdf.com/pdf-image-tools,Convert photos to PDF,INTERNAL
https://liftpdf.com/guides/turn-school-assignment-photos-into-pdf,https://liftpdf.com/jpg-to-pdf,JPG to PDFConvert phone assignment photos.,INTERNAL
https://liftpdf.com/guides/turn-school-assignment-photos-into-pdf,https://liftpdf.com/images-to-pdf,Images to PDFCombine mixed image formats.,INTERNAL
https://liftpdf.com/guides/turn-school-assignment-photos-into-pdf,https://liftpdf.com/guides/make-pdf-smaller-for-upload,Prepare PDF for uploadCheck file size and readability.,INTERNAL
https://liftpdf.com/guides/turn-school-assignment-photos-into-pdf,https://liftpdf.com/learn,"Learning CenterBrowse PDF tutorials, comparisons and troubleshooting resources.",INTERNAL
https://liftpdf.com/guides/turn-school-assignment-photos-into-pdf,https://liftpdf.com/pdf-glossary,PDF GlossaryLook up the terms used in this article.,INTERNAL
https://liftpdf.com/guides/turn-school-assignment-photos-into-pdf,https://liftpdf.com/,LiftPDF,INTERNAL
https://liftpdf.com/guides/turn-school-assignment-photos-into-pdf,https://liftpdf.com/pdf-tools,All PDF Tools,INTERNAL
https://liftpdf.com/guides/turn-school-assignment-photos-into-pdf,https://liftpdf.com/jpg-to-pdf,JPG to PDF,INTERNAL
https://liftpdf.com/guides/turn-school-assignment-photos-into-pdf,https://liftpdf.com/merge-pdf,Merge PDF,INTERNAL
https://liftpdf.com/guides/turn-school-assignment-photos-into-pdf,https://liftpdf.com/compress-pdf,Compress PDF,INTERNAL
https://liftpdf.com/guides/turn-school-assignment-photos-into-pdf,https://liftpdf.com/pdf-converter,Convert PDF,INTERNAL
https://liftpdf.com/guides/turn-school-assignment-photos-into-pdf,https://liftpdf.com/pdf-editor,Edit PDF,INTERNAL
https://liftpdf.com/guides/turn-school-assignment-photos-into-pdf,https://liftpdf.com/organize-pdf,Organize PDF,INTERNAL
https://liftpdf.com/guides/turn-school-assignment-photos-into-pdf,https://liftpdf.com/pdf-image-tools,Image Tools,INTERNAL
https://liftpdf.com/guides/turn-school-assignment-photos-into-pdf,https://liftpdf.com/pdf-security,Security,INTERNAL
https://liftpdf.com/guides/turn-school-assignment-photos-into-pdf,https://liftpdf.com/learn,Learning Center,INTERNAL
https://liftpdf.com/guides/turn-school-assignment-photos-into-pdf,https://liftpdf.com/guides,Guides,INTERNAL
https://liftpdf.com/guides/turn-school-assignment-photos-into-pdf,https://liftpdf.com/pdf-glossary,PDF Glossary,INTERNAL
https://liftpdf.com/guides/turn-school-assignment-photos-into-pdf,https://liftpdf.com/help,Help Center,INTERNAL
https://liftpdf.com/guides/turn-school-assignment-photos-into-pdf,https://liftpdf.com/privacy,Privacy,INTERNAL
https://liftpdf.com/guides/turn-school-assignment-photos-into-pdf,https://liftpdf.com/cookies,Cookies,INTERNAL
https://liftpdf.com/guides/turn-school-assignment-photos-into-pdf,https://liftpdf.com/security,Security,INTERNAL
https://liftpdf.com/guides/turn-school-assignment-photos-into-pdf,https://liftpdf.com/about,About,INTERNAL
https://liftpdf.com/guides/turn-school-assignment-photos-into-pdf,https://liftpdf.com/why-liftpdf,Why LiftPDF,INTERNAL
https://liftpdf.com/guides/turn-school-assignment-photos-into-pdf,https://liftpdf.com/terms,Terms,INTERNAL
https://liftpdf.com/guides/turn-school-assignment-photos-into-pdf,https://liftpdf.com/contact,Contact,INTERNAL
https://liftpdf.com/guides/remove-blank-pages-from-pdf,https://liftpdf.com/,LiftPDF,INTERNAL
https://liftpdf.com/guides/remove-blank-pages-from-pdf,https://liftpdf.com/pdf-tools,PDF Tools,INTERNAL
https://liftpdf.com/guides/remove-blank-pages-from-pdf,https://liftpdf.com/learn,Learn,INTERNAL
https://liftpdf.com/guides/remove-blank-pages-from-pdf,https://liftpdf.com/jpg-to-pdf,Image to PDF,INTERNAL
https://liftpdf.com/guides/remove-blank-pages-from-pdf,https://liftpdf.com/pdf-converter,Convert,INTERNAL
https://liftpdf.com/guides/remove-blank-pages-from-pdf,https://liftpdf.com/pdf-editor,Edit,INTERNAL
https://liftpdf.com/guides/remove-blank-pages-from-pdf,https://liftpdf.com/jpg-to-pdf,Start Now,INTERNAL
https://liftpdf.com/guides/remove-blank-pages-from-pdf,https://liftpdf.com/pdf-tools,PDF Tools,INTERNAL
https://liftpdf.com/guides/remove-blank-pages-from-pdf,https://liftpdf.com/learn,Learn,INTERNAL
https://liftpdf.com/guides/remove-blank-pages-from-pdf,https://liftpdf.com/jpg-to-pdf,Image to PDF,INTERNAL
https://liftpdf.com/guides/remove-blank-pages-from-pdf,https://liftpdf.com/pdf-converter,Convert,INTERNAL
https://liftpdf.com/guides/remove-blank-pages-from-pdf,https://liftpdf.com/pdf-editor,Edit,INTERNAL
https://liftpdf.com/guides/remove-blank-pages-from-pdf,https://liftpdf.com/jpg-to-pdf,Start Now,INTERNAL
https://liftpdf.com/guides/remove-blank-pages-from-pdf,https://liftpdf.com/organize-pdf,Delete PDF pages,INTERNAL
https://liftpdf.com/guides/remove-blank-pages-from-pdf,https://liftpdf.com/learn/organize-pdf,Browse organize guides,INTERNAL
https://liftpdf.com/guides/remove-blank-pages-from-pdf,https://liftpdf.com/organize-pdf,Delete PDF pages,INTERNAL
https://liftpdf.com/guides/remove-blank-pages-from-pdf,https://liftpdf.com/guides/remove-blank-pages-from-pdf#quick-answer,Quick answer,INTERNAL
https://liftpdf.com/guides/remove-blank-pages-from-pdf,https://liftpdf.com/guides/remove-blank-pages-from-pdf#blank-pages-often-come-from-scans,Blank pages often come from scans,INTERNAL
https://liftpdf.com/guides/remove-blank-pages-from-pdf,https://liftpdf.com/guides/remove-blank-pages-from-pdf#do-not-delete-every-page,Do not delete every page,INTERNAL
https://liftpdf.com/guides/remove-blank-pages-from-pdf,https://liftpdf.com/guides/remove-blank-pages-from-pdf#faq,FAQ,INTERNAL
https://liftpdf.com/guides/remove-blank-pages-from-pdf,https://liftpdf.com/organize-pdf,Delete PDF pages,INTERNAL
https://liftpdf.com/guides/remove-blank-pages-from-pdf,https://liftpdf.com/delete-pages,Delete PagesRemove blank or unwanted pages.,INTERNAL
https://liftpdf.com/guides/remove-blank-pages-from-pdf,https://liftpdf.com/merge-pdf,Merge PDFMerge cleaned files.,INTERNAL
https://liftpdf.com/guides/remove-blank-pages-from-pdf,https://liftpdf.com/compress-pdf,Compress PDFReduce the cleaned PDF size.,INTERNAL
https://liftpdf.com/guides/remove-blank-pages-from-pdf,https://liftpdf.com/learn,"Learning CenterBrowse PDF tutorials, comparisons and troubleshooting resources.",INTERNAL
https://liftpdf.com/guides/remove-blank-pages-from-pdf,https://liftpdf.com/pdf-glossary,PDF GlossaryLook up the terms used in this article.,INTERNAL
https://liftpdf.com/guides/remove-blank-pages-from-pdf,https://liftpdf.com/,LiftPDF,INTERNAL
https://liftpdf.com/guides/remove-blank-pages-from-pdf,https://liftpdf.com/pdf-tools,All PDF Tools,INTERNAL
https://liftpdf.com/guides/remove-blank-pages-from-pdf,https://liftpdf.com/jpg-to-pdf,JPG to PDF,INTERNAL
https://liftpdf.com/guides/remove-blank-pages-from-pdf,https://liftpdf.com/merge-pdf,Merge PDF,INTERNAL
https://liftpdf.com/guides/remove-blank-pages-from-pdf,https://liftpdf.com/compress-pdf,Compress PDF,INTERNAL
https://liftpdf.com/guides/remove-blank-pages-from-pdf,https://liftpdf.com/pdf-converter,Convert PDF,INTERNAL
https://liftpdf.com/guides/remove-blank-pages-from-pdf,https://liftpdf.com/pdf-editor,Edit PDF,INTERNAL
https://liftpdf.com/guides/remove-blank-pages-from-pdf,https://liftpdf.com/organize-pdf,Organize PDF,INTERNAL
https://liftpdf.com/guides/remove-blank-pages-from-pdf,https://liftpdf.com/pdf-image-tools,Image Tools,INTERNAL
https://liftpdf.com/guides/remove-blank-pages-from-pdf,https://liftpdf.com/pdf-security,Security,INTERNAL
https://liftpdf.com/guides/remove-blank-pages-from-pdf,https://liftpdf.com/learn,Learning Center,INTERNAL
https://liftpdf.com/guides/remove-blank-pages-from-pdf,https://liftpdf.com/guides,Guides,INTERNAL
https://liftpdf.com/guides/remove-blank-pages-from-pdf,https://liftpdf.com/pdf-glossary,PDF Glossary,INTERNAL
https://liftpdf.com/guides/remove-blank-pages-from-pdf,https://liftpdf.com/help,Help Center,INTERNAL
https://liftpdf.com/guides/remove-blank-pages-from-pdf,https://liftpdf.com/privacy,Privacy,INTERNAL
https://liftpdf.com/guides/remove-blank-pages-from-pdf,https://liftpdf.com/cookies,Cookies,INTERNAL
https://liftpdf.com/guides/remove-blank-pages-from-pdf,https://liftpdf.com/security,Security,INTERNAL
https://liftpdf.com/guides/remove-blank-pages-from-pdf,https://liftpdf.com/about,About,INTERNAL
https://liftpdf.com/guides/remove-blank-pages-from-pdf,https://liftpdf.com/why-liftpdf,Why LiftPDF,INTERNAL
https://liftpdf.com/guides/remove-blank-pages-from-pdf,https://liftpdf.com/terms,Terms,INTERNAL
https://liftpdf.com/guides/remove-blank-pages-from-pdf,https://liftpdf.com/contact,Contact,INTERNAL
https://liftpdf.com/guides/fix-pdf-pages-out-of-order,https://liftpdf.com/,LiftPDF,INTERNAL
https://liftpdf.com/guides/fix-pdf-pages-out-of-order,https://liftpdf.com/pdf-tools,PDF Tools,INTERNAL
https://liftpdf.com/guides/fix-pdf-pages-out-of-order,https://liftpdf.com/learn,Learn,INTERNAL
https://liftpdf.com/guides/fix-pdf-pages-out-of-order,https://liftpdf.com/jpg-to-pdf,Image to PDF,INTERNAL
https://liftpdf.com/guides/fix-pdf-pages-out-of-order,https://liftpdf.com/pdf-converter,Convert,INTERNAL
https://liftpdf.com/guides/fix-pdf-pages-out-of-order,https://liftpdf.com/pdf-editor,Edit,INTERNAL
https://liftpdf.com/guides/fix-pdf-pages-out-of-order,https://liftpdf.com/jpg-to-pdf,Start Now,INTERNAL
https://liftpdf.com/guides/fix-pdf-pages-out-of-order,https://liftpdf.com/pdf-tools,PDF Tools,INTERNAL
https://liftpdf.com/guides/fix-pdf-pages-out-of-order,https://liftpdf.com/learn,Learn,INTERNAL
https://liftpdf.com/guides/fix-pdf-pages-out-of-order,https://liftpdf.com/jpg-to-pdf,Image to PDF,INTERNAL
https://liftpdf.com/guides/fix-pdf-pages-out-of-order,https://liftpdf.com/pdf-converter,Convert,INTERNAL
https://liftpdf.com/guides/fix-pdf-pages-out-of-order,https://liftpdf.com/pdf-editor,Edit,INTERNAL
https://liftpdf.com/guides/fix-pdf-pages-out-of-order,https://liftpdf.com/jpg-to-pdf,Start Now,INTERNAL
https://liftpdf.com/guides/fix-pdf-pages-out-of-order,https://liftpdf.com/organize-pdf,Reorder PDF pages,INTERNAL
https://liftpdf.com/guides/fix-pdf-pages-out-of-order,https://liftpdf.com/learn/organize-pdf,Browse organize guides,INTERNAL
https://liftpdf.com/guides/fix-pdf-pages-out-of-order,https://liftpdf.com/organize-pdf,Reorder PDF pages,INTERNAL
https://liftpdf.com/guides/fix-pdf-pages-out-of-order,https://liftpdf.com/guides/fix-pdf-pages-out-of-order#quick-answer,Quick answer,INTERNAL
https://liftpdf.com/guides/fix-pdf-pages-out-of-order,https://liftpdf.com/guides/fix-pdf-pages-out-of-order#page-order-issues-are-common-after-scanning,Page order issues are common after scanning,INTERNAL
https://liftpdf.com/guides/fix-pdf-pages-out-of-order,https://liftpdf.com/guides/fix-pdf-pages-out-of-order#use-visual-checks,Use visual checks,INTERNAL
https://liftpdf.com/guides/fix-pdf-pages-out-of-order,https://liftpdf.com/guides/fix-pdf-pages-out-of-order#faq,FAQ,INTERNAL
https://liftpdf.com/guides/fix-pdf-pages-out-of-order,https://liftpdf.com/organize-pdf,Reorder PDF pages,INTERNAL
https://liftpdf.com/guides/fix-pdf-pages-out-of-order,https://liftpdf.com/reorder-pages,Reorder PagesMove PDF pages into order.,INTERNAL
https://liftpdf.com/guides/fix-pdf-pages-out-of-order,https://liftpdf.com/add-page-numbers,Add Page NumbersNumber pages after order is final.,INTERNAL
https://liftpdf.com/guides/fix-pdf-pages-out-of-order,https://liftpdf.com/learn/organize-pdf,Organize PDFChoose the right organize workflow.,INTERNAL
https://liftpdf.com/guides/fix-pdf-pages-out-of-order,https://liftpdf.com/learn,"Learning CenterBrowse PDF tutorials, comparisons and troubleshooting resources.",INTERNAL
https://liftpdf.com/guides/fix-pdf-pages-out-of-order,https://liftpdf.com/pdf-glossary,PDF GlossaryLook up the terms used in this article.,INTERNAL
https://liftpdf.com/guides/fix-pdf-pages-out-of-order,https://liftpdf.com/,LiftPDF,INTERNAL
https://liftpdf.com/guides/fix-pdf-pages-out-of-order,https://liftpdf.com/pdf-tools,All PDF Tools,INTERNAL
https://liftpdf.com/guides/fix-pdf-pages-out-of-order,https://liftpdf.com/jpg-to-pdf,JPG to PDF,INTERNAL
https://liftpdf.com/guides/fix-pdf-pages-out-of-order,https://liftpdf.com/merge-pdf,Merge PDF,INTERNAL
https://liftpdf.com/guides/fix-pdf-pages-out-of-order,https://liftpdf.com/compress-pdf,Compress PDF,INTERNAL
https://liftpdf.com/guides/fix-pdf-pages-out-of-order,https://liftpdf.com/pdf-converter,Convert PDF,INTERNAL
https://liftpdf.com/guides/fix-pdf-pages-out-of-order,https://liftpdf.com/pdf-editor,Edit PDF,INTERNAL
https://liftpdf.com/guides/fix-pdf-pages-out-of-order,https://liftpdf.com/organize-pdf,Organize PDF,INTERNAL
https://liftpdf.com/guides/fix-pdf-pages-out-of-order,https://liftpdf.com/pdf-image-tools,Image Tools,INTERNAL
https://liftpdf.com/guides/fix-pdf-pages-out-of-order,https://liftpdf.com/pdf-security,Security,INTERNAL
https://liftpdf.com/guides/fix-pdf-pages-out-of-order,https://liftpdf.com/learn,Learning Center,INTERNAL
https://liftpdf.com/guides/fix-pdf-pages-out-of-order,https://liftpdf.com/guides,Guides,INTERNAL
https://liftpdf.com/guides/fix-pdf-pages-out-of-order,https://liftpdf.com/pdf-glossary,PDF Glossary,INTERNAL
https://liftpdf.com/guides/fix-pdf-pages-out-of-order,https://liftpdf.com/help,Help Center,INTERNAL
https://liftpdf.com/guides/fix-pdf-pages-out-of-order,https://liftpdf.com/privacy,Privacy,INTERNAL
https://liftpdf.com/guides/fix-pdf-pages-out-of-order,https://liftpdf.com/cookies,Cookies,INTERNAL
https://liftpdf.com/guides/fix-pdf-pages-out-of-order,https://liftpdf.com/security,Security,INTERNAL
https://liftpdf.com/guides/fix-pdf-pages-out-of-order,https://liftpdf.com/about,About,INTERNAL
https://liftpdf.com/guides/fix-pdf-pages-out-of-order,https://liftpdf.com/why-liftpdf,Why LiftPDF,INTERNAL
https://liftpdf.com/guides/fix-pdf-pages-out-of-order,https://liftpdf.com/terms,Terms,INTERNAL
https://liftpdf.com/guides/fix-pdf-pages-out-of-order,https://liftpdf.com/contact,Contact,INTERNAL
https://liftpdf.com/guides/rotate-scanned-pdf-pages,https://liftpdf.com/,LiftPDF,INTERNAL
https://liftpdf.com/guides/rotate-scanned-pdf-pages,https://liftpdf.com/pdf-tools,PDF Tools,INTERNAL
https://liftpdf.com/guides/rotate-scanned-pdf-pages,https://liftpdf.com/learn,Learn,INTERNAL
https://liftpdf.com/guides/rotate-scanned-pdf-pages,https://liftpdf.com/jpg-to-pdf,Image to PDF,INTERNAL
https://liftpdf.com/guides/rotate-scanned-pdf-pages,https://liftpdf.com/pdf-converter,Convert,INTERNAL
https://liftpdf.com/guides/rotate-scanned-pdf-pages,https://liftpdf.com/pdf-editor,Edit,INTERNAL
https://liftpdf.com/guides/rotate-scanned-pdf-pages,https://liftpdf.com/jpg-to-pdf,Start Now,INTERNAL
https://liftpdf.com/guides/rotate-scanned-pdf-pages,https://liftpdf.com/pdf-tools,PDF Tools,INTERNAL
https://liftpdf.com/guides/rotate-scanned-pdf-pages,https://liftpdf.com/learn,Learn,INTERNAL
https://liftpdf.com/guides/rotate-scanned-pdf-pages,https://liftpdf.com/jpg-to-pdf,Image to PDF,INTERNAL
https://liftpdf.com/guides/rotate-scanned-pdf-pages,https://liftpdf.com/pdf-converter,Convert,INTERNAL
https://liftpdf.com/guides/rotate-scanned-pdf-pages,https://liftpdf.com/pdf-editor,Edit,INTERNAL
https://liftpdf.com/guides/rotate-scanned-pdf-pages,https://liftpdf.com/jpg-to-pdf,Start Now,INTERNAL
https://liftpdf.com/guides/rotate-scanned-pdf-pages,https://liftpdf.com/organize-pdf,Rotate PDF,INTERNAL
https://liftpdf.com/guides/rotate-scanned-pdf-pages,https://liftpdf.com/learn/organize-pdf,Browse organize guides,INTERNAL
https://liftpdf.com/guides/rotate-scanned-pdf-pages,https://liftpdf.com/organize-pdf,Rotate PDF,INTERNAL
https://liftpdf.com/guides/rotate-scanned-pdf-pages,https://liftpdf.com/guides/rotate-scanned-pdf-pages#quick-answer,Quick answer,INTERNAL
https://liftpdf.com/guides/rotate-scanned-pdf-pages,https://liftpdf.com/guides/rotate-scanned-pdf-pages#why-scans-rotate-incorrectly,Why scans rotate incorrectly,INTERNAL
https://liftpdf.com/guides/rotate-scanned-pdf-pages,https://liftpdf.com/guides/rotate-scanned-pdf-pages#rotate-before-final-edits,Rotate before final edits,INTERNAL
https://liftpdf.com/guides/rotate-scanned-pdf-pages,https://liftpdf.com/guides/rotate-scanned-pdf-pages#faq,FAQ,INTERNAL
https://liftpdf.com/guides/rotate-scanned-pdf-pages,https://liftpdf.com/organize-pdf,Rotate PDF,INTERNAL
https://liftpdf.com/guides/rotate-scanned-pdf-pages,https://liftpdf.com/rotate-pdf,Rotate PDFRotate selected pages or all pages.,INTERNAL
https://liftpdf.com/guides/rotate-scanned-pdf-pages,https://liftpdf.com/guides/scanned-pdf-vs-searchable-pdf,Scanned PDF vs searchable PDFUnderstand scanned documents.,INTERNAL
https://liftpdf.com/guides/rotate-scanned-pdf-pages,https://liftpdf.com/add-page-numbers,Add Page NumbersNumber pages after orientation is fixed.,INTERNAL
https://liftpdf.com/guides/rotate-scanned-pdf-pages,https://liftpdf.com/learn,"Learning CenterBrowse PDF tutorials, comparisons and troubleshooting resources.",INTERNAL
https://liftpdf.com/guides/rotate-scanned-pdf-pages,https://liftpdf.com/pdf-glossary,PDF GlossaryLook up the terms used in this article.,INTERNAL
https://liftpdf.com/guides/rotate-scanned-pdf-pages,https://liftpdf.com/,LiftPDF,INTERNAL
https://liftpdf.com/guides/rotate-scanned-pdf-pages,https://liftpdf.com/pdf-tools,All PDF Tools,INTERNAL
https://liftpdf.com/guides/rotate-scanned-pdf-pages,https://liftpdf.com/jpg-to-pdf,JPG to PDF,INTERNAL
https://liftpdf.com/guides/rotate-scanned-pdf-pages,https://liftpdf.com/merge-pdf,Merge PDF,INTERNAL
https://liftpdf.com/guides/rotate-scanned-pdf-pages,https://liftpdf.com/compress-pdf,Compress PDF,INTERNAL
https://liftpdf.com/guides/rotate-scanned-pdf-pages,https://liftpdf.com/pdf-converter,Convert PDF,INTERNAL
https://liftpdf.com/guides/rotate-scanned-pdf-pages,https://liftpdf.com/pdf-editor,Edit PDF,INTERNAL
https://liftpdf.com/guides/rotate-scanned-pdf-pages,https://liftpdf.com/organize-pdf,Organize PDF,INTERNAL
https://liftpdf.com/guides/rotate-scanned-pdf-pages,https://liftpdf.com/pdf-image-tools,Image Tools,INTERNAL
https://liftpdf.com/guides/rotate-scanned-pdf-pages,https://liftpdf.com/pdf-security,Security,INTERNAL
https://liftpdf.com/guides/rotate-scanned-pdf-pages,https://liftpdf.com/learn,Learning Center,INTERNAL
https://liftpdf.com/guides/rotate-scanned-pdf-pages,https://liftpdf.com/guides,Guides,INTERNAL
https://liftpdf.com/guides/rotate-scanned-pdf-pages,https://liftpdf.com/pdf-glossary,PDF Glossary,INTERNAL
https://liftpdf.com/guides/rotate-scanned-pdf-pages,https://liftpdf.com/help,Help Center,INTERNAL
https://liftpdf.com/guides/rotate-scanned-pdf-pages,https://liftpdf.com/privacy,Privacy,INTERNAL
https://liftpdf.com/guides/rotate-scanned-pdf-pages,https://liftpdf.com/cookies,Cookies,INTERNAL
https://liftpdf.com/guides/rotate-scanned-pdf-pages,https://liftpdf.com/security,Security,INTERNAL
https://liftpdf.com/guides/rotate-scanned-pdf-pages,https://liftpdf.com/about,About,INTERNAL
https://liftpdf.com/guides/rotate-scanned-pdf-pages,https://liftpdf.com/why-liftpdf,Why LiftPDF,INTERNAL
https://liftpdf.com/guides/rotate-scanned-pdf-pages,https://liftpdf.com/terms,Terms,INTERNAL
https://liftpdf.com/guides/rotate-scanned-pdf-pages,https://liftpdf.com/contact,Contact,INTERNAL
https://liftpdf.com/guides/add-page-numbers-to-pdf-report,https://liftpdf.com/,LiftPDF,INTERNAL
https://liftpdf.com/guides/add-page-numbers-to-pdf-report,https://liftpdf.com/pdf-tools,PDF Tools,INTERNAL
https://liftpdf.com/guides/add-page-numbers-to-pdf-report,https://liftpdf.com/learn,Learn,INTERNAL
https://liftpdf.com/guides/add-page-numbers-to-pdf-report,https://liftpdf.com/jpg-to-pdf,Image to PDF,INTERNAL
https://liftpdf.com/guides/add-page-numbers-to-pdf-report,https://liftpdf.com/pdf-converter,Convert,INTERNAL
https://liftpdf.com/guides/add-page-numbers-to-pdf-report,https://liftpdf.com/pdf-editor,Edit,INTERNAL
https://liftpdf.com/guides/add-page-numbers-to-pdf-report,https://liftpdf.com/jpg-to-pdf,Start Now,INTERNAL
https://liftpdf.com/guides/add-page-numbers-to-pdf-report,https://liftpdf.com/pdf-tools,PDF Tools,INTERNAL
https://liftpdf.com/guides/add-page-numbers-to-pdf-report,https://liftpdf.com/learn,Learn,INTERNAL
https://liftpdf.com/guides/add-page-numbers-to-pdf-report,https://liftpdf.com/jpg-to-pdf,Image to PDF,INTERNAL
https://liftpdf.com/guides/add-page-numbers-to-pdf-report,https://liftpdf.com/pdf-converter,Convert,INTERNAL
https://liftpdf.com/guides/add-page-numbers-to-pdf-report,https://liftpdf.com/pdf-editor,Edit,INTERNAL
https://liftpdf.com/guides/add-page-numbers-to-pdf-report,https://liftpdf.com/jpg-to-pdf,Start Now,INTERNAL
https://liftpdf.com/guides/add-page-numbers-to-pdf-report,https://liftpdf.com/organize-pdf,Add Page Numbers,INTERNAL
https://liftpdf.com/guides/add-page-numbers-to-pdf-report,https://liftpdf.com/learn/organize-pdf,Browse organize guides,INTERNAL
https://liftpdf.com/guides/add-page-numbers-to-pdf-report,https://liftpdf.com/organize-pdf,Add Page Numbers,INTERNAL
https://liftpdf.com/guides/add-page-numbers-to-pdf-report,https://liftpdf.com/guides/add-page-numbers-to-pdf-report#quick-answer,Quick answer,INTERNAL
https://liftpdf.com/guides/add-page-numbers-to-pdf-report,https://liftpdf.com/guides/add-page-numbers-to-pdf-report#numbering-is-a-final-step-edit,Numbering is a final-step edit,INTERNAL
https://liftpdf.com/guides/add-page-numbers-to-pdf-report,https://liftpdf.com/guides/add-page-numbers-to-pdf-report#choose-a-format-readers-understand,Choose a format readers understand,INTERNAL
https://liftpdf.com/guides/add-page-numbers-to-pdf-report,https://liftpdf.com/guides/add-page-numbers-to-pdf-report#faq,FAQ,INTERNAL
https://liftpdf.com/guides/add-page-numbers-to-pdf-report,https://liftpdf.com/organize-pdf,Add Page Numbers,INTERNAL
https://liftpdf.com/guides/add-page-numbers-to-pdf-report,https://liftpdf.com/add-page-numbers,Add Page NumbersAdd page numbers to the final PDF.,INTERNAL
https://liftpdf.com/guides/add-page-numbers-to-pdf-report,https://liftpdf.com/reorder-pages,Reorder PagesFix order before numbering.,INTERNAL
https://liftpdf.com/guides/add-page-numbers-to-pdf-report,https://liftpdf.com/merge-pdf,Merge PDFCombine report sections first.,INTERNAL
https://liftpdf.com/guides/add-page-numbers-to-pdf-report,https://liftpdf.com/learn,"Learning CenterBrowse PDF tutorials, comparisons and troubleshooting resources.",INTERNAL
https://liftpdf.com/guides/add-page-numbers-to-pdf-report,https://liftpdf.com/pdf-glossary,PDF GlossaryLook up the terms used in this article.,INTERNAL
https://liftpdf.com/guides/add-page-numbers-to-pdf-report,https://liftpdf.com/,LiftPDF,INTERNAL
https://liftpdf.com/guides/add-page-numbers-to-pdf-report,https://liftpdf.com/pdf-tools,All PDF Tools,INTERNAL
https://liftpdf.com/guides/add-page-numbers-to-pdf-report,https://liftpdf.com/jpg-to-pdf,JPG to PDF,INTERNAL
https://liftpdf.com/guides/add-page-numbers-to-pdf-report,https://liftpdf.com/merge-pdf,Merge PDF,INTERNAL
https://liftpdf.com/guides/add-page-numbers-to-pdf-report,https://liftpdf.com/compress-pdf,Compress PDF,INTERNAL
https://liftpdf.com/guides/add-page-numbers-to-pdf-report,https://liftpdf.com/pdf-converter,Convert PDF,INTERNAL
https://liftpdf.com/guides/add-page-numbers-to-pdf-report,https://liftpdf.com/pdf-editor,Edit PDF,INTERNAL
https://liftpdf.com/guides/add-page-numbers-to-pdf-report,https://liftpdf.com/organize-pdf,Organize PDF,INTERNAL
https://liftpdf.com/guides/add-page-numbers-to-pdf-report,https://liftpdf.com/pdf-image-tools,Image Tools,INTERNAL
https://liftpdf.com/guides/add-page-numbers-to-pdf-report,https://liftpdf.com/pdf-security,Security,INTERNAL
https://liftpdf.com/guides/add-page-numbers-to-pdf-report,https://liftpdf.com/learn,Learning Center,INTERNAL
https://liftpdf.com/guides/add-page-numbers-to-pdf-report,https://liftpdf.com/guides,Guides,INTERNAL
https://liftpdf.com/guides/add-page-numbers-to-pdf-report,https://liftpdf.com/pdf-glossary,PDF Glossary,INTERNAL
https://liftpdf.com/guides/add-page-numbers-to-pdf-report,https://liftpdf.com/help,Help Center,INTERNAL
https://liftpdf.com/guides/add-page-numbers-to-pdf-report,https://liftpdf.com/privacy,Privacy,INTERNAL
https://liftpdf.com/guides/add-page-numbers-to-pdf-report,https://liftpdf.com/cookies,Cookies,INTERNAL
https://liftpdf.com/guides/add-page-numbers-to-pdf-report,https://liftpdf.com/security,Security,INTERNAL
https://liftpdf.com/guides/add-page-numbers-to-pdf-report,https://liftpdf.com/about,About,INTERNAL
https://liftpdf.com/guides/add-page-numbers-to-pdf-report,https://liftpdf.com/why-liftpdf,Why LiftPDF,INTERNAL
https://liftpdf.com/guides/add-page-numbers-to-pdf-report,https://liftpdf.com/terms,Terms,INTERNAL
https://liftpdf.com/guides/add-page-numbers-to-pdf-report,https://liftpdf.com/contact,Contact,INTERNAL
https://liftpdf.com/guides/add-confidential-watermark-to-pdf,https://liftpdf.com/,LiftPDF,INTERNAL
https://liftpdf.com/guides/add-confidential-watermark-to-pdf,https://liftpdf.com/pdf-tools,PDF Tools,INTERNAL
https://liftpdf.com/guides/add-confidential-watermark-to-pdf,https://liftpdf.com/learn,Learn,INTERNAL
https://liftpdf.com/guides/add-confidential-watermark-to-pdf,https://liftpdf.com/jpg-to-pdf,Image to PDF,INTERNAL
https://liftpdf.com/guides/add-confidential-watermark-to-pdf,https://liftpdf.com/pdf-converter,Convert,INTERNAL
https://liftpdf.com/guides/add-confidential-watermark-to-pdf,https://liftpdf.com/pdf-editor,Edit,INTERNAL
https://liftpdf.com/guides/add-confidential-watermark-to-pdf,https://liftpdf.com/jpg-to-pdf,Start Now,INTERNAL
https://liftpdf.com/guides/add-confidential-watermark-to-pdf,https://liftpdf.com/pdf-tools,PDF Tools,INTERNAL
https://liftpdf.com/guides/add-confidential-watermark-to-pdf,https://liftpdf.com/learn,Learn,INTERNAL
https://liftpdf.com/guides/add-confidential-watermark-to-pdf,https://liftpdf.com/jpg-to-pdf,Image to PDF,INTERNAL
https://liftpdf.com/guides/add-confidential-watermark-to-pdf,https://liftpdf.com/pdf-converter,Convert,INTERNAL
https://liftpdf.com/guides/add-confidential-watermark-to-pdf,https://liftpdf.com/pdf-editor,Edit,INTERNAL
https://liftpdf.com/guides/add-confidential-watermark-to-pdf,https://liftpdf.com/jpg-to-pdf,Start Now,INTERNAL
https://liftpdf.com/guides/add-confidential-watermark-to-pdf,https://liftpdf.com/pdf-security,Watermark PDF,INTERNAL
https://liftpdf.com/guides/add-confidential-watermark-to-pdf,https://liftpdf.com/learn/pdf-security,Browse security guides,INTERNAL
https://liftpdf.com/guides/add-confidential-watermark-to-pdf,https://liftpdf.com/pdf-security,Watermark PDF,INTERNAL
https://liftpdf.com/guides/add-confidential-watermark-to-pdf,https://liftpdf.com/guides/add-confidential-watermark-to-pdf#quick-answer,Quick answer,INTERNAL
https://liftpdf.com/guides/add-confidential-watermark-to-pdf,https://liftpdf.com/guides/add-confidential-watermark-to-pdf#watermarks-communicate-status,Watermarks communicate status,INTERNAL
https://liftpdf.com/guides/add-confidential-watermark-to-pdf,https://liftpdf.com/guides/add-confidential-watermark-to-pdf#make-the-watermark-visible-but-readable,Make the watermark visible but readable,INTERNAL
https://liftpdf.com/guides/add-confidential-watermark-to-pdf,https://liftpdf.com/guides/add-confidential-watermark-to-pdf#faq,FAQ,INTERNAL
https://liftpdf.com/guides/add-confidential-watermark-to-pdf,https://liftpdf.com/pdf-security,Watermark PDF,INTERNAL
https://liftpdf.com/guides/add-confidential-watermark-to-pdf,https://liftpdf.com/watermark-pdf,Watermark PDFAdd text or image watermarks.,INTERNAL
https://liftpdf.com/guides/add-confidential-watermark-to-pdf,https://liftpdf.com/protect-pdf,Protect PDFAdd password protection.,INTERNAL
https://liftpdf.com/guides/add-confidential-watermark-to-pdf,https://liftpdf.com/learn/pdf-security,PDF SecurityUnderstand PDF safety workflows.,INTERNAL
https://liftpdf.com/guides/add-confidential-watermark-to-pdf,https://liftpdf.com/learn,"Learning CenterBrowse PDF tutorials, comparisons and troubleshooting resources.",INTERNAL
https://liftpdf.com/guides/add-confidential-watermark-to-pdf,https://liftpdf.com/pdf-glossary,PDF GlossaryLook up the terms used in this article.,INTERNAL
https://liftpdf.com/guides/add-confidential-watermark-to-pdf,https://liftpdf.com/,LiftPDF,INTERNAL
https://liftpdf.com/guides/add-confidential-watermark-to-pdf,https://liftpdf.com/pdf-tools,All PDF Tools,INTERNAL
https://liftpdf.com/guides/add-confidential-watermark-to-pdf,https://liftpdf.com/jpg-to-pdf,JPG to PDF,INTERNAL
https://liftpdf.com/guides/add-confidential-watermark-to-pdf,https://liftpdf.com/merge-pdf,Merge PDF,INTERNAL
https://liftpdf.com/guides/add-confidential-watermark-to-pdf,https://liftpdf.com/compress-pdf,Compress PDF,INTERNAL
https://liftpdf.com/guides/add-confidential-watermark-to-pdf,https://liftpdf.com/pdf-converter,Convert PDF,INTERNAL
https://liftpdf.com/guides/add-confidential-watermark-to-pdf,https://liftpdf.com/pdf-editor,Edit PDF,INTERNAL
https://liftpdf.com/guides/add-confidential-watermark-to-pdf,https://liftpdf.com/organize-pdf,Organize PDF,INTERNAL
https://liftpdf.com/guides/add-confidential-watermark-to-pdf,https://liftpdf.com/pdf-image-tools,Image Tools,INTERNAL
https://liftpdf.com/guides/add-confidential-watermark-to-pdf,https://liftpdf.com/pdf-security,Security,INTERNAL
https://liftpdf.com/guides/add-confidential-watermark-to-pdf,https://liftpdf.com/learn,Learning Center,INTERNAL
https://liftpdf.com/guides/add-confidential-watermark-to-pdf,https://liftpdf.com/guides,Guides,INTERNAL
https://liftpdf.com/guides/add-confidential-watermark-to-pdf,https://liftpdf.com/pdf-glossary,PDF Glossary,INTERNAL
https://liftpdf.com/guides/add-confidential-watermark-to-pdf,https://liftpdf.com/help,Help Center,INTERNAL
https://liftpdf.com/guides/add-confidential-watermark-to-pdf,https://liftpdf.com/privacy,Privacy,INTERNAL
https://liftpdf.com/guides/add-confidential-watermark-to-pdf,https://liftpdf.com/cookies,Cookies,INTERNAL
https://liftpdf.com/guides/add-confidential-watermark-to-pdf,https://liftpdf.com/security,Security,INTERNAL
https://liftpdf.com/guides/add-confidential-watermark-to-pdf,https://liftpdf.com/about,About,INTERNAL
https://liftpdf.com/guides/add-confidential-watermark-to-pdf,https://liftpdf.com/why-liftpdf,Why LiftPDF,INTERNAL
https://liftpdf.com/guides/add-confidential-watermark-to-pdf,https://liftpdf.com/terms,Terms,INTERNAL
https://liftpdf.com/guides/add-confidential-watermark-to-pdf,https://liftpdf.com/contact,Contact,INTERNAL
https://liftpdf.com/guides/extract-text-from-pdf-without-ocr,https://liftpdf.com/,LiftPDF,INTERNAL
https://liftpdf.com/guides/extract-text-from-pdf-without-ocr,https://liftpdf.com/pdf-tools,PDF Tools,INTERNAL
https://liftpdf.com/guides/extract-text-from-pdf-without-ocr,https://liftpdf.com/learn,Learn,INTERNAL
https://liftpdf.com/guides/extract-text-from-pdf-without-ocr,https://liftpdf.com/jpg-to-pdf,Image to PDF,INTERNAL
https://liftpdf.com/guides/extract-text-from-pdf-without-ocr,https://liftpdf.com/pdf-converter,Convert,INTERNAL
https://liftpdf.com/guides/extract-text-from-pdf-without-ocr,https://liftpdf.com/pdf-editor,Edit,INTERNAL
https://liftpdf.com/guides/extract-text-from-pdf-without-ocr,https://liftpdf.com/jpg-to-pdf,Start Now,INTERNAL
https://liftpdf.com/guides/extract-text-from-pdf-without-ocr,https://liftpdf.com/pdf-tools,PDF Tools,INTERNAL
https://liftpdf.com/guides/extract-text-from-pdf-without-ocr,https://liftpdf.com/learn,Learn,INTERNAL
https://liftpdf.com/guides/extract-text-from-pdf-without-ocr,https://liftpdf.com/jpg-to-pdf,Image to PDF,INTERNAL
https://liftpdf.com/guides/extract-text-from-pdf-without-ocr,https://liftpdf.com/pdf-converter,Convert,INTERNAL
https://liftpdf.com/guides/extract-text-from-pdf-without-ocr,https://liftpdf.com/pdf-editor,Edit,INTERNAL
https://liftpdf.com/guides/extract-text-from-pdf-without-ocr,https://liftpdf.com/jpg-to-pdf,Start Now,INTERNAL
https://liftpdf.com/guides/extract-text-from-pdf-without-ocr,https://liftpdf.com/pdf-converter,Extract PDF text,INTERNAL
https://liftpdf.com/guides/extract-text-from-pdf-without-ocr,https://liftpdf.com/learn/convert-pdf,Browse conversion guides,INTERNAL
https://liftpdf.com/guides/extract-text-from-pdf-without-ocr,https://liftpdf.com/pdf-converter,Extract PDF text,INTERNAL
https://liftpdf.com/guides/extract-text-from-pdf-without-ocr,https://liftpdf.com/guides/extract-text-from-pdf-without-ocr#quick-answer,Quick answer,INTERNAL
https://liftpdf.com/guides/extract-text-from-pdf-without-ocr,https://liftpdf.com/guides/extract-text-from-pdf-without-ocr#ocr-is-only-needed-for-image-text,OCR is only needed for image text,INTERNAL
https://liftpdf.com/guides/extract-text-from-pdf-without-ocr,https://liftpdf.com/guides/extract-text-from-pdf-without-ocr#why-this-distinction-matters,Why this distinction matters,INTERNAL
https://liftpdf.com/guides/extract-text-from-pdf-without-ocr,https://liftpdf.com/guides/extract-text-from-pdf-without-ocr#faq,FAQ,INTERNAL
https://liftpdf.com/guides/extract-text-from-pdf-without-ocr,https://liftpdf.com/pdf-converter,Extract PDF text,INTERNAL
https://liftpdf.com/guides/extract-text-from-pdf-without-ocr,https://liftpdf.com/pdf-to-text,PDF to TextExtract selectable text.,INTERNAL
https://liftpdf.com/guides/extract-text-from-pdf-without-ocr,https://liftpdf.com/guides/scanned-pdf-vs-searchable-pdf,Scanned vs searchable PDFLearn when OCR is required.,INTERNAL
https://liftpdf.com/guides/extract-text-from-pdf-without-ocr,https://liftpdf.com/guides/how-to-tell-if-pdf-is-scanned,How to tell if PDF is scannedCheck the file before extracting.,INTERNAL
https://liftpdf.com/guides/extract-text-from-pdf-without-ocr,https://liftpdf.com/learn,"Learning CenterBrowse PDF tutorials, comparisons and troubleshooting resources.",INTERNAL
https://liftpdf.com/guides/extract-text-from-pdf-without-ocr,https://liftpdf.com/pdf-glossary,PDF GlossaryLook up the terms used in this article.,INTERNAL
https://liftpdf.com/guides/extract-text-from-pdf-without-ocr,https://liftpdf.com/,LiftPDF,INTERNAL
https://liftpdf.com/guides/extract-text-from-pdf-without-ocr,https://liftpdf.com/pdf-tools,All PDF Tools,INTERNAL
https://liftpdf.com/guides/extract-text-from-pdf-without-ocr,https://liftpdf.com/jpg-to-pdf,JPG to PDF,INTERNAL
https://liftpdf.com/guides/extract-text-from-pdf-without-ocr,https://liftpdf.com/merge-pdf,Merge PDF,INTERNAL
https://liftpdf.com/guides/extract-text-from-pdf-without-ocr,https://liftpdf.com/compress-pdf,Compress PDF,INTERNAL
https://liftpdf.com/guides/extract-text-from-pdf-without-ocr,https://liftpdf.com/pdf-converter,Convert PDF,INTERNAL
https://liftpdf.com/guides/extract-text-from-pdf-without-ocr,https://liftpdf.com/pdf-editor,Edit PDF,INTERNAL
https://liftpdf.com/guides/extract-text-from-pdf-without-ocr,https://liftpdf.com/organize-pdf,Organize PDF,INTERNAL
https://liftpdf.com/guides/extract-text-from-pdf-without-ocr,https://liftpdf.com/pdf-image-tools,Image Tools,INTERNAL
https://liftpdf.com/guides/extract-text-from-pdf-without-ocr,https://liftpdf.com/pdf-security,Security,INTERNAL
https://liftpdf.com/guides/extract-text-from-pdf-without-ocr,https://liftpdf.com/learn,Learning Center,INTERNAL
https://liftpdf.com/guides/extract-text-from-pdf-without-ocr,https://liftpdf.com/guides,Guides,INTERNAL
https://liftpdf.com/guides/extract-text-from-pdf-without-ocr,https://liftpdf.com/pdf-glossary,PDF Glossary,INTERNAL
https://liftpdf.com/guides/extract-text-from-pdf-without-ocr,https://liftpdf.com/help,Help Center,INTERNAL
https://liftpdf.com/guides/extract-text-from-pdf-without-ocr,https://liftpdf.com/privacy,Privacy,INTERNAL
https://liftpdf.com/guides/extract-text-from-pdf-without-ocr,https://liftpdf.com/cookies,Cookies,INTERNAL
https://liftpdf.com/guides/extract-text-from-pdf-without-ocr,https://liftpdf.com/security,Security,INTERNAL
https://liftpdf.com/guides/extract-text-from-pdf-without-ocr,https://liftpdf.com/about,About,INTERNAL
https://liftpdf.com/guides/extract-text-from-pdf-without-ocr,https://liftpdf.com/why-liftpdf,Why LiftPDF,INTERNAL
https://liftpdf.com/guides/extract-text-from-pdf-without-ocr,https://liftpdf.com/terms,Terms,INTERNAL
https://liftpdf.com/guides/extract-text-from-pdf-without-ocr,https://liftpdf.com/contact,Contact,INTERNAL
https://liftpdf.com/guides/why-pdf-text-extraction-fails,https://liftpdf.com/,LiftPDF,INTERNAL
https://liftpdf.com/guides/why-pdf-text-extraction-fails,https://liftpdf.com/pdf-tools,PDF Tools,INTERNAL
https://liftpdf.com/guides/why-pdf-text-extraction-fails,https://liftpdf.com/learn,Learn,INTERNAL
https://liftpdf.com/guides/why-pdf-text-extraction-fails,https://liftpdf.com/jpg-to-pdf,Image to PDF,INTERNAL
https://liftpdf.com/guides/why-pdf-text-extraction-fails,https://liftpdf.com/pdf-converter,Convert,INTERNAL
https://liftpdf.com/guides/why-pdf-text-extraction-fails,https://liftpdf.com/pdf-editor,Edit,INTERNAL
https://liftpdf.com/guides/why-pdf-text-extraction-fails,https://liftpdf.com/jpg-to-pdf,Start Now,INTERNAL
https://liftpdf.com/guides/why-pdf-text-extraction-fails,https://liftpdf.com/pdf-tools,PDF Tools,INTERNAL
https://liftpdf.com/guides/why-pdf-text-extraction-fails,https://liftpdf.com/learn,Learn,INTERNAL
https://liftpdf.com/guides/why-pdf-text-extraction-fails,https://liftpdf.com/jpg-to-pdf,Image to PDF,INTERNAL
https://liftpdf.com/guides/why-pdf-text-extraction-fails,https://liftpdf.com/pdf-converter,Convert,INTERNAL
https://liftpdf.com/guides/why-pdf-text-extraction-fails,https://liftpdf.com/pdf-editor,Edit,INTERNAL
https://liftpdf.com/guides/why-pdf-text-extraction-fails,https://liftpdf.com/jpg-to-pdf,Start Now,INTERNAL
https://liftpdf.com/guides/why-pdf-text-extraction-fails,https://liftpdf.com/help,Try PDF to Text,INTERNAL
https://liftpdf.com/guides/why-pdf-text-extraction-fails,https://liftpdf.com/learn/troubleshooting,Browse troubleshooting,INTERNAL
https://liftpdf.com/guides/why-pdf-text-extraction-fails,https://liftpdf.com/help,Try PDF to Text,INTERNAL
https://liftpdf.com/guides/why-pdf-text-extraction-fails,https://liftpdf.com/guides/why-pdf-text-extraction-fails#quick-answer,Quick answer,INTERNAL
https://liftpdf.com/guides/why-pdf-text-extraction-fails,https://liftpdf.com/guides/why-pdf-text-extraction-fails#a-pdf-can-display-text-without-storing-text-normally,A PDF can display text without storing text normally,INTERNAL
https://liftpdf.com/guides/why-pdf-text-extraction-fails,https://liftpdf.com/guides/why-pdf-text-extraction-fails#protected-pdfs-must-be-unlocked-first,Protected PDFs must be unlocked first,INTERNAL
https://liftpdf.com/guides/why-pdf-text-extraction-fails,https://liftpdf.com/guides/why-pdf-text-extraction-fails#faq,FAQ,INTERNAL
https://liftpdf.com/guides/why-pdf-text-extraction-fails,https://liftpdf.com/help,Try PDF to Text,INTERNAL
https://liftpdf.com/guides/why-pdf-text-extraction-fails,https://liftpdf.com/pdf-to-text,PDF to TextExtract readable text when present.,INTERNAL
https://liftpdf.com/guides/why-pdf-text-extraction-fails,https://liftpdf.com/guides/why-cant-i-copy-text-from-pdf,Why can't I copy text from PDF?Troubleshoot copy failures.,INTERNAL
https://liftpdf.com/guides/why-pdf-text-extraction-fails,https://liftpdf.com/unlock-pdf,Unlock PDFUnlock protected files with the known password.,INTERNAL
https://liftpdf.com/guides/why-pdf-text-extraction-fails,https://liftpdf.com/learn,"Learning CenterBrowse PDF tutorials, comparisons and troubleshooting resources.",INTERNAL
https://liftpdf.com/guides/why-pdf-text-extraction-fails,https://liftpdf.com/pdf-glossary,PDF GlossaryLook up the terms used in this article.,INTERNAL
https://liftpdf.com/guides/why-pdf-text-extraction-fails,https://liftpdf.com/,LiftPDF,INTERNAL
https://liftpdf.com/guides/why-pdf-text-extraction-fails,https://liftpdf.com/pdf-tools,All PDF Tools,INTERNAL
https://liftpdf.com/guides/why-pdf-text-extraction-fails,https://liftpdf.com/jpg-to-pdf,JPG to PDF,INTERNAL
https://liftpdf.com/guides/why-pdf-text-extraction-fails,https://liftpdf.com/merge-pdf,Merge PDF,INTERNAL
https://liftpdf.com/guides/why-pdf-text-extraction-fails,https://liftpdf.com/compress-pdf,Compress PDF,INTERNAL
https://liftpdf.com/guides/why-pdf-text-extraction-fails,https://liftpdf.com/pdf-converter,Convert PDF,INTERNAL
https://liftpdf.com/guides/why-pdf-text-extraction-fails,https://liftpdf.com/pdf-editor,Edit PDF,INTERNAL
https://liftpdf.com/guides/why-pdf-text-extraction-fails,https://liftpdf.com/organize-pdf,Organize PDF,INTERNAL
https://liftpdf.com/guides/why-pdf-text-extraction-fails,https://liftpdf.com/pdf-image-tools,Image Tools,INTERNAL
https://liftpdf.com/guides/why-pdf-text-extraction-fails,https://liftpdf.com/pdf-security,Security,INTERNAL
https://liftpdf.com/guides/why-pdf-text-extraction-fails,https://liftpdf.com/learn,Learning Center,INTERNAL
https://liftpdf.com/guides/why-pdf-text-extraction-fails,https://liftpdf.com/guides,Guides,INTERNAL
https://liftpdf.com/guides/why-pdf-text-extraction-fails,https://liftpdf.com/pdf-glossary,PDF Glossary,INTERNAL
https://liftpdf.com/guides/why-pdf-text-extraction-fails,https://liftpdf.com/help,Help Center,INTERNAL
https://liftpdf.com/guides/why-pdf-text-extraction-fails,https://liftpdf.com/privacy,Privacy,INTERNAL
https://liftpdf.com/guides/why-pdf-text-extraction-fails,https://liftpdf.com/cookies,Cookies,INTERNAL
https://liftpdf.com/guides/why-pdf-text-extraction-fails,https://liftpdf.com/security,Security,INTERNAL
https://liftpdf.com/guides/why-pdf-text-extraction-fails,https://liftpdf.com/about,About,INTERNAL
https://liftpdf.com/guides/why-pdf-text-extraction-fails,https://liftpdf.com/why-liftpdf,Why LiftPDF,INTERNAL
https://liftpdf.com/guides/why-pdf-text-extraction-fails,https://liftpdf.com/terms,Terms,INTERNAL
https://liftpdf.com/guides/why-pdf-text-extraction-fails,https://liftpdf.com/contact,Contact,INTERNAL
https://liftpdf.com/guides/split-pdf-into-separate-pages,https://liftpdf.com/,LiftPDF,INTERNAL
https://liftpdf.com/guides/split-pdf-into-separate-pages,https://liftpdf.com/pdf-tools,PDF Tools,INTERNAL
https://liftpdf.com/guides/split-pdf-into-separate-pages,https://liftpdf.com/learn,Learn,INTERNAL
https://liftpdf.com/guides/split-pdf-into-separate-pages,https://liftpdf.com/jpg-to-pdf,Image to PDF,INTERNAL
https://liftpdf.com/guides/split-pdf-into-separate-pages,https://liftpdf.com/pdf-converter,Convert,INTERNAL
https://liftpdf.com/guides/split-pdf-into-separate-pages,https://liftpdf.com/pdf-editor,Edit,INTERNAL
https://liftpdf.com/guides/split-pdf-into-separate-pages,https://liftpdf.com/jpg-to-pdf,Start Now,INTERNAL
https://liftpdf.com/guides/split-pdf-into-separate-pages,https://liftpdf.com/pdf-tools,PDF Tools,INTERNAL
https://liftpdf.com/guides/split-pdf-into-separate-pages,https://liftpdf.com/learn,Learn,INTERNAL
https://liftpdf.com/guides/split-pdf-into-separate-pages,https://liftpdf.com/jpg-to-pdf,Image to PDF,INTERNAL
https://liftpdf.com/guides/split-pdf-into-separate-pages,https://liftpdf.com/pdf-converter,Convert,INTERNAL
https://liftpdf.com/guides/split-pdf-into-separate-pages,https://liftpdf.com/pdf-editor,Edit,INTERNAL
https://liftpdf.com/guides/split-pdf-into-separate-pages,https://liftpdf.com/jpg-to-pdf,Start Now,INTERNAL
https://liftpdf.com/guides/split-pdf-into-separate-pages,https://liftpdf.com/organize-pdf,Split PDF,INTERNAL
https://liftpdf.com/guides/split-pdf-into-separate-pages,https://liftpdf.com/learn/organize-pdf,Browse organize guides,INTERNAL
https://liftpdf.com/guides/split-pdf-into-separate-pages,https://liftpdf.com/organize-pdf,Split PDF,INTERNAL
https://liftpdf.com/guides/split-pdf-into-separate-pages,https://liftpdf.com/guides/split-pdf-into-separate-pages#quick-answer,Quick answer,INTERNAL
https://liftpdf.com/guides/split-pdf-into-separate-pages,https://liftpdf.com/guides/split-pdf-into-separate-pages#when-separate-pages-make-sense,When separate pages make sense,INTERNAL
https://liftpdf.com/guides/split-pdf-into-separate-pages,https://liftpdf.com/guides/split-pdf-into-separate-pages#why-multiple-outputs-download-as-zip,Why multiple outputs download as ZIP,INTERNAL
https://liftpdf.com/guides/split-pdf-into-separate-pages,https://liftpdf.com/guides/split-pdf-into-separate-pages#faq,FAQ,INTERNAL
https://liftpdf.com/guides/split-pdf-into-separate-pages,https://liftpdf.com/organize-pdf,Split PDF,INTERNAL
https://liftpdf.com/guides/split-pdf-into-separate-pages,https://liftpdf.com/split-pdf,Split PDFSplit every page or extract ranges.,INTERNAL
https://liftpdf.com/guides/split-pdf-into-separate-pages,https://liftpdf.com/extract-pages,Extract PagesSave selected pages as one PDF.,INTERNAL
https://liftpdf.com/guides/split-pdf-into-separate-pages,https://liftpdf.com/guides/extract-pages-vs-split-pdf,Extract vs Split PDFChoose the right output.,INTERNAL
https://liftpdf.com/guides/split-pdf-into-separate-pages,https://liftpdf.com/learn,"Learning CenterBrowse PDF tutorials, comparisons and troubleshooting resources.",INTERNAL
https://liftpdf.com/guides/split-pdf-into-separate-pages,https://liftpdf.com/pdf-glossary,PDF GlossaryLook up the terms used in this article.,INTERNAL
https://liftpdf.com/guides/split-pdf-into-separate-pages,https://liftpdf.com/,LiftPDF,INTERNAL
https://liftpdf.com/guides/split-pdf-into-separate-pages,https://liftpdf.com/pdf-tools,All PDF Tools,INTERNAL
https://liftpdf.com/guides/split-pdf-into-separate-pages,https://liftpdf.com/jpg-to-pdf,JPG to PDF,INTERNAL
https://liftpdf.com/guides/split-pdf-into-separate-pages,https://liftpdf.com/merge-pdf,Merge PDF,INTERNAL
https://liftpdf.com/guides/split-pdf-into-separate-pages,https://liftpdf.com/compress-pdf,Compress PDF,INTERNAL
https://liftpdf.com/guides/split-pdf-into-separate-pages,https://liftpdf.com/pdf-converter,Convert PDF,INTERNAL
https://liftpdf.com/guides/split-pdf-into-separate-pages,https://liftpdf.com/pdf-editor,Edit PDF,INTERNAL
https://liftpdf.com/guides/split-pdf-into-separate-pages,https://liftpdf.com/organize-pdf,Organize PDF,INTERNAL
https://liftpdf.com/guides/split-pdf-into-separate-pages,https://liftpdf.com/pdf-image-tools,Image Tools,INTERNAL
https://liftpdf.com/guides/split-pdf-into-separate-pages,https://liftpdf.com/pdf-security,Security,INTERNAL
https://liftpdf.com/guides/split-pdf-into-separate-pages,https://liftpdf.com/learn,Learning Center,INTERNAL
https://liftpdf.com/guides/split-pdf-into-separate-pages,https://liftpdf.com/guides,Guides,INTERNAL
https://liftpdf.com/guides/split-pdf-into-separate-pages,https://liftpdf.com/pdf-glossary,PDF Glossary,INTERNAL
https://liftpdf.com/guides/split-pdf-into-separate-pages,https://liftpdf.com/help,Help Center,INTERNAL
https://liftpdf.com/guides/split-pdf-into-separate-pages,https://liftpdf.com/privacy,Privacy,INTERNAL
https://liftpdf.com/guides/split-pdf-into-separate-pages,https://liftpdf.com/cookies,Cookies,INTERNAL
https://liftpdf.com/guides/split-pdf-into-separate-pages,https://liftpdf.com/security,Security,INTERNAL
https://liftpdf.com/guides/split-pdf-into-separate-pages,https://liftpdf.com/about,About,INTERNAL
https://liftpdf.com/guides/split-pdf-into-separate-pages,https://liftpdf.com/why-liftpdf,Why LiftPDF,INTERNAL
https://liftpdf.com/guides/split-pdf-into-separate-pages,https://liftpdf.com/terms,Terms,INTERNAL
https://liftpdf.com/guides/split-pdf-into-separate-pages,https://liftpdf.com/contact,Contact,INTERNAL
https://liftpdf.com/guides/split-pdf-by-page-range,https://liftpdf.com/,LiftPDF,INTERNAL
https://liftpdf.com/guides/split-pdf-by-page-range,https://liftpdf.com/pdf-tools,PDF Tools,INTERNAL
https://liftpdf.com/guides/split-pdf-by-page-range,https://liftpdf.com/learn,Learn,INTERNAL
https://liftpdf.com/guides/split-pdf-by-page-range,https://liftpdf.com/jpg-to-pdf,Image to PDF,INTERNAL
https://liftpdf.com/guides/split-pdf-by-page-range,https://liftpdf.com/pdf-converter,Convert,INTERNAL
https://liftpdf.com/guides/split-pdf-by-page-range,https://liftpdf.com/pdf-editor,Edit,INTERNAL
https://liftpdf.com/guides/split-pdf-by-page-range,https://liftpdf.com/jpg-to-pdf,Start Now,INTERNAL
https://liftpdf.com/guides/split-pdf-by-page-range,https://liftpdf.com/pdf-tools,PDF Tools,INTERNAL
https://liftpdf.com/guides/split-pdf-by-page-range,https://liftpdf.com/learn,Learn,INTERNAL
https://liftpdf.com/guides/split-pdf-by-page-range,https://liftpdf.com/jpg-to-pdf,Image to PDF,INTERNAL
https://liftpdf.com/guides/split-pdf-by-page-range,https://liftpdf.com/pdf-converter,Convert,INTERNAL
https://liftpdf.com/guides/split-pdf-by-page-range,https://liftpdf.com/pdf-editor,Edit,INTERNAL
https://liftpdf.com/guides/split-pdf-by-page-range,https://liftpdf.com/jpg-to-pdf,Start Now,INTERNAL
https://liftpdf.com/guides/split-pdf-by-page-range,https://liftpdf.com/organize-pdf,Split PDF,INTERNAL
https://liftpdf.com/guides/split-pdf-by-page-range,https://liftpdf.com/learn/organize-pdf,Browse organize guides,INTERNAL
https://liftpdf.com/guides/split-pdf-by-page-range,https://liftpdf.com/organize-pdf,Split PDF,INTERNAL
https://liftpdf.com/guides/split-pdf-by-page-range,https://liftpdf.com/guides/split-pdf-by-page-range#quick-answer,Quick answer,INTERNAL
https://liftpdf.com/guides/split-pdf-by-page-range,https://liftpdf.com/guides/split-pdf-by-page-range#range-syntax-should-stay-simple,Range syntax should stay simple,INTERNAL
https://liftpdf.com/guides/split-pdf-by-page-range,https://liftpdf.com/guides/split-pdf-by-page-range#use-ranges-for-sections,Use ranges for sections,INTERNAL
https://liftpdf.com/guides/split-pdf-by-page-range,https://liftpdf.com/guides/split-pdf-by-page-range#faq,FAQ,INTERNAL
https://liftpdf.com/guides/split-pdf-by-page-range,https://liftpdf.com/organize-pdf,Split PDF,INTERNAL
https://liftpdf.com/guides/split-pdf-by-page-range,https://liftpdf.com/split-pdf,Split PDFSplit by ranges or every page.,INTERNAL
https://liftpdf.com/guides/split-pdf-by-page-range,https://liftpdf.com/extract-pages,Extract PagesSelect pages visually.,INTERNAL
https://liftpdf.com/guides/split-pdf-by-page-range,https://liftpdf.com/guides/save-selected-pages-from-pdf,Save selected PDF pagesCompare selection workflows.,INTERNAL
https://liftpdf.com/guides/split-pdf-by-page-range,https://liftpdf.com/learn,"Learning CenterBrowse PDF tutorials, comparisons and troubleshooting resources.",INTERNAL
https://liftpdf.com/guides/split-pdf-by-page-range,https://liftpdf.com/pdf-glossary,PDF GlossaryLook up the terms used in this article.,INTERNAL
https://liftpdf.com/guides/split-pdf-by-page-range,https://liftpdf.com/,LiftPDF,INTERNAL
https://liftpdf.com/guides/split-pdf-by-page-range,https://liftpdf.com/pdf-tools,All PDF Tools,INTERNAL
https://liftpdf.com/guides/split-pdf-by-page-range,https://liftpdf.com/jpg-to-pdf,JPG to PDF,INTERNAL
https://liftpdf.com/guides/split-pdf-by-page-range,https://liftpdf.com/merge-pdf,Merge PDF,INTERNAL
https://liftpdf.com/guides/split-pdf-by-page-range,https://liftpdf.com/compress-pdf,Compress PDF,INTERNAL
https://liftpdf.com/guides/split-pdf-by-page-range,https://liftpdf.com/pdf-converter,Convert PDF,INTERNAL
https://liftpdf.com/guides/split-pdf-by-page-range,https://liftpdf.com/pdf-editor,Edit PDF,INTERNAL
https://liftpdf.com/guides/split-pdf-by-page-range,https://liftpdf.com/organize-pdf,Organize PDF,INTERNAL
https://liftpdf.com/guides/split-pdf-by-page-range,https://liftpdf.com/pdf-image-tools,Image Tools,INTERNAL
https://liftpdf.com/guides/split-pdf-by-page-range,https://liftpdf.com/pdf-security,Security,INTERNAL
https://liftpdf.com/guides/split-pdf-by-page-range,https://liftpdf.com/learn,Learning Center,INTERNAL
https://liftpdf.com/guides/split-pdf-by-page-range,https://liftpdf.com/guides,Guides,INTERNAL
https://liftpdf.com/guides/split-pdf-by-page-range,https://liftpdf.com/pdf-glossary,PDF Glossary,INTERNAL
https://liftpdf.com/guides/split-pdf-by-page-range,https://liftpdf.com/help,Help Center,INTERNAL
https://liftpdf.com/guides/split-pdf-by-page-range,https://liftpdf.com/privacy,Privacy,INTERNAL
https://liftpdf.com/guides/split-pdf-by-page-range,https://liftpdf.com/cookies,Cookies,INTERNAL
https://liftpdf.com/guides/split-pdf-by-page-range,https://liftpdf.com/security,Security,INTERNAL
https://liftpdf.com/guides/split-pdf-by-page-range,https://liftpdf.com/about,About,INTERNAL
https://liftpdf.com/guides/split-pdf-by-page-range,https://liftpdf.com/why-liftpdf,Why LiftPDF,INTERNAL
https://liftpdf.com/guides/split-pdf-by-page-range,https://liftpdf.com/terms,Terms,INTERNAL
https://liftpdf.com/guides/split-pdf-by-page-range,https://liftpdf.com/contact,Contact,INTERNAL
https://liftpdf.com/guides/save-selected-pages-from-pdf,https://liftpdf.com/,LiftPDF,INTERNAL
https://liftpdf.com/guides/save-selected-pages-from-pdf,https://liftpdf.com/pdf-tools,PDF Tools,INTERNAL
https://liftpdf.com/guides/save-selected-pages-from-pdf,https://liftpdf.com/learn,Learn,INTERNAL
https://liftpdf.com/guides/save-selected-pages-from-pdf,https://liftpdf.com/jpg-to-pdf,Image to PDF,INTERNAL
https://liftpdf.com/guides/save-selected-pages-from-pdf,https://liftpdf.com/pdf-converter,Convert,INTERNAL
https://liftpdf.com/guides/save-selected-pages-from-pdf,https://liftpdf.com/pdf-editor,Edit,INTERNAL
https://liftpdf.com/guides/save-selected-pages-from-pdf,https://liftpdf.com/jpg-to-pdf,Start Now,INTERNAL
https://liftpdf.com/guides/save-selected-pages-from-pdf,https://liftpdf.com/pdf-tools,PDF Tools,INTERNAL
https://liftpdf.com/guides/save-selected-pages-from-pdf,https://liftpdf.com/learn,Learn,INTERNAL
https://liftpdf.com/guides/save-selected-pages-from-pdf,https://liftpdf.com/jpg-to-pdf,Image to PDF,INTERNAL
https://liftpdf.com/guides/save-selected-pages-from-pdf,https://liftpdf.com/pdf-converter,Convert,INTERNAL
https://liftpdf.com/guides/save-selected-pages-from-pdf,https://liftpdf.com/pdf-editor,Edit,INTERNAL
https://liftpdf.com/guides/save-selected-pages-from-pdf,https://liftpdf.com/jpg-to-pdf,Start Now,INTERNAL
https://liftpdf.com/guides/save-selected-pages-from-pdf,https://liftpdf.com/organize-pdf,Extract Pages,INTERNAL
https://liftpdf.com/guides/save-selected-pages-from-pdf,https://liftpdf.com/learn/organize-pdf,Browse organize guides,INTERNAL
https://liftpdf.com/guides/save-selected-pages-from-pdf,https://liftpdf.com/organize-pdf,Extract Pages,INTERNAL
https://liftpdf.com/guides/save-selected-pages-from-pdf,https://liftpdf.com/guides/save-selected-pages-from-pdf#quick-answer,Quick answer,INTERNAL
https://liftpdf.com/guides/save-selected-pages-from-pdf,https://liftpdf.com/guides/save-selected-pages-from-pdf#selected-pages-are-a-copy,Selected pages are a copy,INTERNAL
https://liftpdf.com/guides/save-selected-pages-from-pdf,https://liftpdf.com/guides/save-selected-pages-from-pdf#check-thumbnails-before-exporting,Check thumbnails before exporting,INTERNAL
https://liftpdf.com/guides/save-selected-pages-from-pdf,https://liftpdf.com/guides/save-selected-pages-from-pdf#faq,FAQ,INTERNAL
https://liftpdf.com/guides/save-selected-pages-from-pdf,https://liftpdf.com/organize-pdf,Extract Pages,INTERNAL
https://liftpdf.com/guides/save-selected-pages-from-pdf,https://liftpdf.com/extract-pages,Extract PagesSave selected pages as a PDF.,INTERNAL
https://liftpdf.com/guides/save-selected-pages-from-pdf,https://liftpdf.com/delete-pages,Delete PagesRemove pages instead.,INTERNAL
https://liftpdf.com/guides/save-selected-pages-from-pdf,https://liftpdf.com/guides/extract-one-page-from-pdf,Extract one pageLearn the one-page workflow.,INTERNAL
https://liftpdf.com/guides/save-selected-pages-from-pdf,https://liftpdf.com/learn,"Learning CenterBrowse PDF tutorials, comparisons and troubleshooting resources.",INTERNAL
https://liftpdf.com/guides/save-selected-pages-from-pdf,https://liftpdf.com/pdf-glossary,PDF GlossaryLook up the terms used in this article.,INTERNAL
https://liftpdf.com/guides/save-selected-pages-from-pdf,https://liftpdf.com/,LiftPDF,INTERNAL
https://liftpdf.com/guides/save-selected-pages-from-pdf,https://liftpdf.com/pdf-tools,All PDF Tools,INTERNAL
https://liftpdf.com/guides/save-selected-pages-from-pdf,https://liftpdf.com/jpg-to-pdf,JPG to PDF,INTERNAL
https://liftpdf.com/guides/save-selected-pages-from-pdf,https://liftpdf.com/merge-pdf,Merge PDF,INTERNAL
https://liftpdf.com/guides/save-selected-pages-from-pdf,https://liftpdf.com/compress-pdf,Compress PDF,INTERNAL
https://liftpdf.com/guides/save-selected-pages-from-pdf,https://liftpdf.com/pdf-converter,Convert PDF,INTERNAL
https://liftpdf.com/guides/save-selected-pages-from-pdf,https://liftpdf.com/pdf-editor,Edit PDF,INTERNAL
https://liftpdf.com/guides/save-selected-pages-from-pdf,https://liftpdf.com/organize-pdf,Organize PDF,INTERNAL
https://liftpdf.com/guides/save-selected-pages-from-pdf,https://liftpdf.com/pdf-image-tools,Image Tools,INTERNAL
https://liftpdf.com/guides/save-selected-pages-from-pdf,https://liftpdf.com/pdf-security,Security,INTERNAL
https://liftpdf.com/guides/save-selected-pages-from-pdf,https://liftpdf.com/learn,Learning Center,INTERNAL
https://liftpdf.com/guides/save-selected-pages-from-pdf,https://liftpdf.com/guides,Guides,INTERNAL
https://liftpdf.com/guides/save-selected-pages-from-pdf,https://liftpdf.com/pdf-glossary,PDF Glossary,INTERNAL
https://liftpdf.com/guides/save-selected-pages-from-pdf,https://liftpdf.com/help,Help Center,INTERNAL
https://liftpdf.com/guides/save-selected-pages-from-pdf,https://liftpdf.com/privacy,Privacy,INTERNAL
https://liftpdf.com/guides/save-selected-pages-from-pdf,https://liftpdf.com/cookies,Cookies,INTERNAL
https://liftpdf.com/guides/save-selected-pages-from-pdf,https://liftpdf.com/security,Security,INTERNAL
https://liftpdf.com/guides/save-selected-pages-from-pdf,https://liftpdf.com/about,About,INTERNAL
https://liftpdf.com/guides/save-selected-pages-from-pdf,https://liftpdf.com/why-liftpdf,Why LiftPDF,INTERNAL
https://liftpdf.com/guides/save-selected-pages-from-pdf,https://liftpdf.com/terms,Terms,INTERNAL
https://liftpdf.com/guides/save-selected-pages-from-pdf,https://liftpdf.com/contact,Contact,INTERNAL
https://liftpdf.com/guides/delete-pages-from-pdf-before-sending,https://liftpdf.com/,LiftPDF,INTERNAL
https://liftpdf.com/guides/delete-pages-from-pdf-before-sending,https://liftpdf.com/pdf-tools,PDF Tools,INTERNAL
https://liftpdf.com/guides/delete-pages-from-pdf-before-sending,https://liftpdf.com/learn,Learn,INTERNAL
https://liftpdf.com/guides/delete-pages-from-pdf-before-sending,https://liftpdf.com/jpg-to-pdf,Image to PDF,INTERNAL
https://liftpdf.com/guides/delete-pages-from-pdf-before-sending,https://liftpdf.com/pdf-converter,Convert,INTERNAL
https://liftpdf.com/guides/delete-pages-from-pdf-before-sending,https://liftpdf.com/pdf-editor,Edit,INTERNAL
https://liftpdf.com/guides/delete-pages-from-pdf-before-sending,https://liftpdf.com/jpg-to-pdf,Start Now,INTERNAL
https://liftpdf.com/guides/delete-pages-from-pdf-before-sending,https://liftpdf.com/pdf-tools,PDF Tools,INTERNAL
https://liftpdf.com/guides/delete-pages-from-pdf-before-sending,https://liftpdf.com/learn,Learn,INTERNAL
https://liftpdf.com/guides/delete-pages-from-pdf-before-sending,https://liftpdf.com/jpg-to-pdf,Image to PDF,INTERNAL
https://liftpdf.com/guides/delete-pages-from-pdf-before-sending,https://liftpdf.com/pdf-converter,Convert,INTERNAL
https://liftpdf.com/guides/delete-pages-from-pdf-before-sending,https://liftpdf.com/pdf-editor,Edit,INTERNAL
https://liftpdf.com/guides/delete-pages-from-pdf-before-sending,https://liftpdf.com/jpg-to-pdf,Start Now,INTERNAL
https://liftpdf.com/guides/delete-pages-from-pdf-before-sending,https://liftpdf.com/organize-pdf,Delete Pages,INTERNAL
https://liftpdf.com/guides/delete-pages-from-pdf-before-sending,https://liftpdf.com/learn/organize-pdf,Browse organize guides,INTERNAL
https://liftpdf.com/guides/delete-pages-from-pdf-before-sending,https://liftpdf.com/organize-pdf,Delete Pages,INTERNAL
https://liftpdf.com/guides/delete-pages-from-pdf-before-sending,https://liftpdf.com/guides/delete-pages-from-pdf-before-sending#quick-answer,Quick answer,INTERNAL
https://liftpdf.com/guides/delete-pages-from-pdf-before-sending,https://liftpdf.com/guides/delete-pages-from-pdf-before-sending#deletion-is-about-reducing-what-you-share,Deletion is about reducing what you share,INTERNAL
https://liftpdf.com/guides/delete-pages-from-pdf-before-sending,https://liftpdf.com/guides/delete-pages-from-pdf-before-sending#never-delete-blindly,Never delete blindly,INTERNAL
https://liftpdf.com/guides/delete-pages-from-pdf-before-sending,https://liftpdf.com/guides/delete-pages-from-pdf-before-sending#faq,FAQ,INTERNAL
https://liftpdf.com/guides/delete-pages-from-pdf-before-sending,https://liftpdf.com/organize-pdf,Delete Pages,INTERNAL
https://liftpdf.com/guides/delete-pages-from-pdf-before-sending,https://liftpdf.com/delete-pages,Delete PagesRemove unwanted pages.,INTERNAL
https://liftpdf.com/guides/delete-pages-from-pdf-before-sending,https://liftpdf.com/extract-pages,Extract PagesSave selected pages instead.,INTERNAL
https://liftpdf.com/guides/delete-pages-from-pdf-before-sending,https://liftpdf.com/guides/remove-blank-pages-from-pdf,Remove blank pagesClean scan artifacts.,INTERNAL
https://liftpdf.com/guides/delete-pages-from-pdf-before-sending,https://liftpdf.com/learn,"Learning CenterBrowse PDF tutorials, comparisons and troubleshooting resources.",INTERNAL
https://liftpdf.com/guides/delete-pages-from-pdf-before-sending,https://liftpdf.com/pdf-glossary,PDF GlossaryLook up the terms used in this article.,INTERNAL
https://liftpdf.com/guides/delete-pages-from-pdf-before-sending,https://liftpdf.com/,LiftPDF,INTERNAL
https://liftpdf.com/guides/delete-pages-from-pdf-before-sending,https://liftpdf.com/pdf-tools,All PDF Tools,INTERNAL
https://liftpdf.com/guides/delete-pages-from-pdf-before-sending,https://liftpdf.com/jpg-to-pdf,JPG to PDF,INTERNAL
https://liftpdf.com/guides/delete-pages-from-pdf-before-sending,https://liftpdf.com/merge-pdf,Merge PDF,INTERNAL
https://liftpdf.com/guides/delete-pages-from-pdf-before-sending,https://liftpdf.com/compress-pdf,Compress PDF,INTERNAL
https://liftpdf.com/guides/delete-pages-from-pdf-before-sending,https://liftpdf.com/pdf-converter,Convert PDF,INTERNAL
https://liftpdf.com/guides/delete-pages-from-pdf-before-sending,https://liftpdf.com/pdf-editor,Edit PDF,INTERNAL
https://liftpdf.com/guides/delete-pages-from-pdf-before-sending,https://liftpdf.com/organize-pdf,Organize PDF,INTERNAL
https://liftpdf.com/guides/delete-pages-from-pdf-before-sending,https://liftpdf.com/pdf-image-tools,Image Tools,INTERNAL
https://liftpdf.com/guides/delete-pages-from-pdf-before-sending,https://liftpdf.com/pdf-security,Security,INTERNAL
https://liftpdf.com/guides/delete-pages-from-pdf-before-sending,https://liftpdf.com/learn,Learning Center,INTERNAL
https://liftpdf.com/guides/delete-pages-from-pdf-before-sending,https://liftpdf.com/guides,Guides,INTERNAL
https://liftpdf.com/guides/delete-pages-from-pdf-before-sending,https://liftpdf.com/pdf-glossary,PDF Glossary,INTERNAL
https://liftpdf.com/guides/delete-pages-from-pdf-before-sending,https://liftpdf.com/help,Help Center,INTERNAL
https://liftpdf.com/guides/delete-pages-from-pdf-before-sending,https://liftpdf.com/privacy,Privacy,INTERNAL
https://liftpdf.com/guides/delete-pages-from-pdf-before-sending,https://liftpdf.com/cookies,Cookies,INTERNAL
https://liftpdf.com/guides/delete-pages-from-pdf-before-sending,https://liftpdf.com/security,Security,INTERNAL
https://liftpdf.com/guides/delete-pages-from-pdf-before-sending,https://liftpdf.com/about,About,INTERNAL
https://liftpdf.com/guides/delete-pages-from-pdf-before-sending,https://liftpdf.com/why-liftpdf,Why LiftPDF,INTERNAL
https://liftpdf.com/guides/delete-pages-from-pdf-before-sending,https://liftpdf.com/terms,Terms,INTERNAL
https://liftpdf.com/guides/delete-pages-from-pdf-before-sending,https://liftpdf.com/contact,Contact,INTERNAL
https://liftpdf.com/guides/organize-pdf-before-printing,https://liftpdf.com/,LiftPDF,INTERNAL
https://liftpdf.com/guides/organize-pdf-before-printing,https://liftpdf.com/pdf-tools,PDF Tools,INTERNAL
https://liftpdf.com/guides/organize-pdf-before-printing,https://liftpdf.com/learn,Learn,INTERNAL
https://liftpdf.com/guides/organize-pdf-before-printing,https://liftpdf.com/jpg-to-pdf,Image to PDF,INTERNAL
https://liftpdf.com/guides/organize-pdf-before-printing,https://liftpdf.com/pdf-converter,Convert,INTERNAL
https://liftpdf.com/guides/organize-pdf-before-printing,https://liftpdf.com/pdf-editor,Edit,INTERNAL
https://liftpdf.com/guides/organize-pdf-before-printing,https://liftpdf.com/jpg-to-pdf,Start Now,INTERNAL
https://liftpdf.com/guides/organize-pdf-before-printing,https://liftpdf.com/pdf-tools,PDF Tools,INTERNAL
https://liftpdf.com/guides/organize-pdf-before-printing,https://liftpdf.com/learn,Learn,INTERNAL
https://liftpdf.com/guides/organize-pdf-before-printing,https://liftpdf.com/jpg-to-pdf,Image to PDF,INTERNAL
https://liftpdf.com/guides/organize-pdf-before-printing,https://liftpdf.com/pdf-converter,Convert,INTERNAL
https://liftpdf.com/guides/organize-pdf-before-printing,https://liftpdf.com/pdf-editor,Edit,INTERNAL
https://liftpdf.com/guides/organize-pdf-before-printing,https://liftpdf.com/jpg-to-pdf,Start Now,INTERNAL
https://liftpdf.com/guides/organize-pdf-before-printing,https://liftpdf.com/organize-pdf,Organize PDF tools,INTERNAL
https://liftpdf.com/guides/organize-pdf-before-printing,https://liftpdf.com/learn/organize-pdf,Browse organize guides,INTERNAL
https://liftpdf.com/guides/organize-pdf-before-printing,https://liftpdf.com/organize-pdf,Organize PDF tools,INTERNAL
https://liftpdf.com/guides/organize-pdf-before-printing,https://liftpdf.com/guides/organize-pdf-before-printing#quick-answer,Quick answer,INTERNAL
https://liftpdf.com/guides/organize-pdf-before-printing,https://liftpdf.com/guides/organize-pdf-before-printing#printing-reveals-small-mistakes,Printing reveals small mistakes,INTERNAL
https://liftpdf.com/guides/organize-pdf-before-printing,https://liftpdf.com/guides/organize-pdf-before-printing#use-the-smallest-necessary-tool,Use the smallest necessary tool,INTERNAL
https://liftpdf.com/guides/organize-pdf-before-printing,https://liftpdf.com/guides/organize-pdf-before-printing#faq,FAQ,INTERNAL
https://liftpdf.com/guides/organize-pdf-before-printing,https://liftpdf.com/organize-pdf,Organize PDF tools,INTERNAL
https://liftpdf.com/guides/organize-pdf-before-printing,https://liftpdf.com/reorder-pages,Reorder PagesPut pages in sequence.,INTERNAL
https://liftpdf.com/guides/organize-pdf-before-printing,https://liftpdf.com/rotate-pdf,Rotate PDFFix sideways pages.,INTERNAL
https://liftpdf.com/guides/organize-pdf-before-printing,https://liftpdf.com/add-page-numbers,Add Page NumbersNumber the finished PDF.,INTERNAL
https://liftpdf.com/guides/organize-pdf-before-printing,https://liftpdf.com/learn,"Learning CenterBrowse PDF tutorials, comparisons and troubleshooting resources.",INTERNAL
https://liftpdf.com/guides/organize-pdf-before-printing,https://liftpdf.com/pdf-glossary,PDF GlossaryLook up the terms used in this article.,INTERNAL
https://liftpdf.com/guides/organize-pdf-before-printing,https://liftpdf.com/,LiftPDF,INTERNAL
https://liftpdf.com/guides/organize-pdf-before-printing,https://liftpdf.com/pdf-tools,All PDF Tools,INTERNAL
https://liftpdf.com/guides/organize-pdf-before-printing,https://liftpdf.com/jpg-to-pdf,JPG to PDF,INTERNAL
https://liftpdf.com/guides/organize-pdf-before-printing,https://liftpdf.com/merge-pdf,Merge PDF,INTERNAL
https://liftpdf.com/guides/organize-pdf-before-printing,https://liftpdf.com/compress-pdf,Compress PDF,INTERNAL
https://liftpdf.com/guides/organize-pdf-before-printing,https://liftpdf.com/pdf-converter,Convert PDF,INTERNAL
https://liftpdf.com/guides/organize-pdf-before-printing,https://liftpdf.com/pdf-editor,Edit PDF,INTERNAL
https://liftpdf.com/guides/organize-pdf-before-printing,https://liftpdf.com/organize-pdf,Organize PDF,INTERNAL
https://liftpdf.com/guides/organize-pdf-before-printing,https://liftpdf.com/pdf-image-tools,Image Tools,INTERNAL
https://liftpdf.com/guides/organize-pdf-before-printing,https://liftpdf.com/pdf-security,Security,INTERNAL
https://liftpdf.com/guides/organize-pdf-before-printing,https://liftpdf.com/learn,Learning Center,INTERNAL
https://liftpdf.com/guides/organize-pdf-before-printing,https://liftpdf.com/guides,Guides,INTERNAL
https://liftpdf.com/guides/organize-pdf-before-printing,https://liftpdf.com/pdf-glossary,PDF Glossary,INTERNAL
https://liftpdf.com/guides/organize-pdf-before-printing,https://liftpdf.com/help,Help Center,INTERNAL
https://liftpdf.com/guides/organize-pdf-before-printing,https://liftpdf.com/privacy,Privacy,INTERNAL
https://liftpdf.com/guides/organize-pdf-before-printing,https://liftpdf.com/cookies,Cookies,INTERNAL
https://liftpdf.com/guides/organize-pdf-before-printing,https://liftpdf.com/security,Security,INTERNAL
https://liftpdf.com/guides/organize-pdf-before-printing,https://liftpdf.com/about,About,INTERNAL
https://liftpdf.com/guides/organize-pdf-before-printing,https://liftpdf.com/why-liftpdf,Why LiftPDF,INTERNAL
https://liftpdf.com/guides/organize-pdf-before-printing,https://liftpdf.com/terms,Terms,INTERNAL
https://liftpdf.com/guides/organize-pdf-before-printing,https://liftpdf.com/contact,Contact,INTERNAL
https://liftpdf.com/guides/prepare-pdf-for-email,https://liftpdf.com/,LiftPDF,INTERNAL
https://liftpdf.com/guides/prepare-pdf-for-email,https://liftpdf.com/pdf-tools,PDF Tools,INTERNAL
https://liftpdf.com/guides/prepare-pdf-for-email,https://liftpdf.com/learn,Learn,INTERNAL
https://liftpdf.com/guides/prepare-pdf-for-email,https://liftpdf.com/jpg-to-pdf,Image to PDF,INTERNAL
https://liftpdf.com/guides/prepare-pdf-for-email,https://liftpdf.com/pdf-converter,Convert,INTERNAL
https://liftpdf.com/guides/prepare-pdf-for-email,https://liftpdf.com/pdf-editor,Edit,INTERNAL
https://liftpdf.com/guides/prepare-pdf-for-email,https://liftpdf.com/jpg-to-pdf,Start Now,INTERNAL
https://liftpdf.com/guides/prepare-pdf-for-email,https://liftpdf.com/pdf-tools,PDF Tools,INTERNAL
https://liftpdf.com/guides/prepare-pdf-for-email,https://liftpdf.com/learn,Learn,INTERNAL
https://liftpdf.com/guides/prepare-pdf-for-email,https://liftpdf.com/jpg-to-pdf,Image to PDF,INTERNAL
https://liftpdf.com/guides/prepare-pdf-for-email,https://liftpdf.com/pdf-converter,Convert,INTERNAL
https://liftpdf.com/guides/prepare-pdf-for-email,https://liftpdf.com/pdf-editor,Edit,INTERNAL
https://liftpdf.com/guides/prepare-pdf-for-email,https://liftpdf.com/jpg-to-pdf,Start Now,INTERNAL
https://liftpdf.com/guides/prepare-pdf-for-email,https://liftpdf.com/pdf-tools,Compress PDF,INTERNAL
https://liftpdf.com/guides/prepare-pdf-for-email,https://liftpdf.com/learn/pdf-basics,Browse PDF basics,INTERNAL
https://liftpdf.com/guides/prepare-pdf-for-email,https://liftpdf.com/pdf-tools,Compress PDF,INTERNAL
https://liftpdf.com/guides/prepare-pdf-for-email,https://liftpdf.com/guides/prepare-pdf-for-email#quick-answer,Quick answer,INTERNAL
https://liftpdf.com/guides/prepare-pdf-for-email,https://liftpdf.com/guides/prepare-pdf-for-email#email-workflows-need-a-final-check,Email workflows need a final check,INTERNAL
https://liftpdf.com/guides/prepare-pdf-for-email,https://liftpdf.com/guides/prepare-pdf-for-email#use-compression-carefully,Use compression carefully,INTERNAL
https://liftpdf.com/guides/prepare-pdf-for-email,https://liftpdf.com/guides/prepare-pdf-for-email#faq,FAQ,INTERNAL
https://liftpdf.com/guides/prepare-pdf-for-email,https://liftpdf.com/pdf-tools,Compress PDF,INTERNAL
https://liftpdf.com/guides/prepare-pdf-for-email,https://liftpdf.com/compress-pdf,Compress PDFReduce attachment size.,INTERNAL
https://liftpdf.com/guides/prepare-pdf-for-email,https://liftpdf.com/protect-pdf,Protect PDFAdd a password when needed.,INTERNAL
https://liftpdf.com/guides/prepare-pdf-for-email,https://liftpdf.com/guides/make-pdf-smaller-for-upload,Make PDF smaller for uploadUse a similar upload checklist.,INTERNAL
https://liftpdf.com/guides/prepare-pdf-for-email,https://liftpdf.com/learn,"Learning CenterBrowse PDF tutorials, comparisons and troubleshooting resources.",INTERNAL
https://liftpdf.com/guides/prepare-pdf-for-email,https://liftpdf.com/pdf-glossary,PDF GlossaryLook up the terms used in this article.,INTERNAL
https://liftpdf.com/guides/prepare-pdf-for-email,https://liftpdf.com/,LiftPDF,INTERNAL
https://liftpdf.com/guides/prepare-pdf-for-email,https://liftpdf.com/pdf-tools,All PDF Tools,INTERNAL
https://liftpdf.com/guides/prepare-pdf-for-email,https://liftpdf.com/jpg-to-pdf,JPG to PDF,INTERNAL
https://liftpdf.com/guides/prepare-pdf-for-email,https://liftpdf.com/merge-pdf,Merge PDF,INTERNAL
https://liftpdf.com/guides/prepare-pdf-for-email,https://liftpdf.com/compress-pdf,Compress PDF,INTERNAL
https://liftpdf.com/guides/prepare-pdf-for-email,https://liftpdf.com/pdf-converter,Convert PDF,INTERNAL
https://liftpdf.com/guides/prepare-pdf-for-email,https://liftpdf.com/pdf-editor,Edit PDF,INTERNAL
https://liftpdf.com/guides/prepare-pdf-for-email,https://liftpdf.com/organize-pdf,Organize PDF,INTERNAL
https://liftpdf.com/guides/prepare-pdf-for-email,https://liftpdf.com/pdf-image-tools,Image Tools,INTERNAL
https://liftpdf.com/guides/prepare-pdf-for-email,https://liftpdf.com/pdf-security,Security,INTERNAL
https://liftpdf.com/guides/prepare-pdf-for-email,https://liftpdf.com/learn,Learning Center,INTERNAL
https://liftpdf.com/guides/prepare-pdf-for-email,https://liftpdf.com/guides,Guides,INTERNAL
https://liftpdf.com/guides/prepare-pdf-for-email,https://liftpdf.com/pdf-glossary,PDF Glossary,INTERNAL
https://liftpdf.com/guides/prepare-pdf-for-email,https://liftpdf.com/help,Help Center,INTERNAL
https://liftpdf.com/guides/prepare-pdf-for-email,https://liftpdf.com/privacy,Privacy,INTERNAL
https://liftpdf.com/guides/prepare-pdf-for-email,https://liftpdf.com/cookies,Cookies,INTERNAL
https://liftpdf.com/guides/prepare-pdf-for-email,https://liftpdf.com/security,Security,INTERNAL
https://liftpdf.com/guides/prepare-pdf-for-email,https://liftpdf.com/about,About,INTERNAL
https://liftpdf.com/guides/prepare-pdf-for-email,https://liftpdf.com/why-liftpdf,Why LiftPDF,INTERNAL
https://liftpdf.com/guides/prepare-pdf-for-email,https://liftpdf.com/terms,Terms,INTERNAL
https://liftpdf.com/guides/prepare-pdf-for-email,https://liftpdf.com/contact,Contact,INTERNAL
https://liftpdf.com/guides/rotate-pdf-before-upload,https://liftpdf.com/,LiftPDF,INTERNAL
https://liftpdf.com/guides/rotate-pdf-before-upload,https://liftpdf.com/pdf-tools,PDF Tools,INTERNAL
https://liftpdf.com/guides/rotate-pdf-before-upload,https://liftpdf.com/learn,Learn,INTERNAL
https://liftpdf.com/guides/rotate-pdf-before-upload,https://liftpdf.com/jpg-to-pdf,Image to PDF,INTERNAL
https://liftpdf.com/guides/rotate-pdf-before-upload,https://liftpdf.com/pdf-converter,Convert,INTERNAL
https://liftpdf.com/guides/rotate-pdf-before-upload,https://liftpdf.com/pdf-editor,Edit,INTERNAL
https://liftpdf.com/guides/rotate-pdf-before-upload,https://liftpdf.com/jpg-to-pdf,Start Now,INTERNAL
https://liftpdf.com/guides/rotate-pdf-before-upload,https://liftpdf.com/pdf-tools,PDF Tools,INTERNAL
https://liftpdf.com/guides/rotate-pdf-before-upload,https://liftpdf.com/learn,Learn,INTERNAL
https://liftpdf.com/guides/rotate-pdf-before-upload,https://liftpdf.com/jpg-to-pdf,Image to PDF,INTERNAL
https://liftpdf.com/guides/rotate-pdf-before-upload,https://liftpdf.com/pdf-converter,Convert,INTERNAL
https://liftpdf.com/guides/rotate-pdf-before-upload,https://liftpdf.com/pdf-editor,Edit,INTERNAL
https://liftpdf.com/guides/rotate-pdf-before-upload,https://liftpdf.com/jpg-to-pdf,Start Now,INTERNAL
https://liftpdf.com/guides/rotate-pdf-before-upload,https://liftpdf.com/organize-pdf,Rotate PDF,INTERNAL
https://liftpdf.com/guides/rotate-pdf-before-upload,https://liftpdf.com/learn/organize-pdf,Browse organize guides,INTERNAL
https://liftpdf.com/guides/rotate-pdf-before-upload,https://liftpdf.com/organize-pdf,Rotate PDF,INTERNAL
https://liftpdf.com/guides/rotate-pdf-before-upload,https://liftpdf.com/guides/rotate-pdf-before-upload#quick-answer,Quick answer,INTERNAL
https://liftpdf.com/guides/rotate-pdf-before-upload,https://liftpdf.com/guides/rotate-pdf-before-upload#sideways-pages-can-cause-review-problems,Sideways pages can cause review problems,INTERNAL
https://liftpdf.com/guides/rotate-pdf-before-upload,https://liftpdf.com/guides/rotate-pdf-before-upload#rotate-only-what-needs-rotation,Rotate only what needs rotation,INTERNAL
https://liftpdf.com/guides/rotate-pdf-before-upload,https://liftpdf.com/guides/rotate-pdf-before-upload#faq,FAQ,INTERNAL
https://liftpdf.com/guides/rotate-pdf-before-upload,https://liftpdf.com/organize-pdf,Rotate PDF,INTERNAL
https://liftpdf.com/guides/rotate-pdf-before-upload,https://liftpdf.com/rotate-pdf,Rotate PDFFix page orientation.,INTERNAL
https://liftpdf.com/guides/rotate-pdf-before-upload,https://liftpdf.com/unlock-pdf,Unlock PDFUnlock protected files with permission.,INTERNAL
https://liftpdf.com/guides/rotate-pdf-before-upload,https://liftpdf.com/guides/make-pdf-smaller-for-upload,Prepare PDF for uploadCheck upload readiness.,INTERNAL
https://liftpdf.com/guides/rotate-pdf-before-upload,https://liftpdf.com/learn,"Learning CenterBrowse PDF tutorials, comparisons and troubleshooting resources.",INTERNAL
https://liftpdf.com/guides/rotate-pdf-before-upload,https://liftpdf.com/pdf-glossary,PDF GlossaryLook up the terms used in this article.,INTERNAL
https://liftpdf.com/guides/rotate-pdf-before-upload,https://liftpdf.com/,LiftPDF,INTERNAL
https://liftpdf.com/guides/rotate-pdf-before-upload,https://liftpdf.com/pdf-tools,All PDF Tools,INTERNAL
https://liftpdf.com/guides/rotate-pdf-before-upload,https://liftpdf.com/jpg-to-pdf,JPG to PDF,INTERNAL
https://liftpdf.com/guides/rotate-pdf-before-upload,https://liftpdf.com/merge-pdf,Merge PDF,INTERNAL
https://liftpdf.com/guides/rotate-pdf-before-upload,https://liftpdf.com/compress-pdf,Compress PDF,INTERNAL
https://liftpdf.com/guides/rotate-pdf-before-upload,https://liftpdf.com/pdf-converter,Convert PDF,INTERNAL
https://liftpdf.com/guides/rotate-pdf-before-upload,https://liftpdf.com/pdf-editor,Edit PDF,INTERNAL
https://liftpdf.com/guides/rotate-pdf-before-upload,https://liftpdf.com/organize-pdf,Organize PDF,INTERNAL
https://liftpdf.com/guides/rotate-pdf-before-upload,https://liftpdf.com/pdf-image-tools,Image Tools,INTERNAL
https://liftpdf.com/guides/rotate-pdf-before-upload,https://liftpdf.com/pdf-security,Security,INTERNAL
https://liftpdf.com/guides/rotate-pdf-before-upload,https://liftpdf.com/learn,Learning Center,INTERNAL
https://liftpdf.com/guides/rotate-pdf-before-upload,https://liftpdf.com/guides,Guides,INTERNAL
https://liftpdf.com/guides/rotate-pdf-before-upload,https://liftpdf.com/pdf-glossary,PDF Glossary,INTERNAL
https://liftpdf.com/guides/rotate-pdf-before-upload,https://liftpdf.com/help,Help Center,INTERNAL
https://liftpdf.com/guides/rotate-pdf-before-upload,https://liftpdf.com/privacy,Privacy,INTERNAL
https://liftpdf.com/guides/rotate-pdf-before-upload,https://liftpdf.com/cookies,Cookies,INTERNAL
https://liftpdf.com/guides/rotate-pdf-before-upload,https://liftpdf.com/security,Security,INTERNAL
https://liftpdf.com/guides/rotate-pdf-before-upload,https://liftpdf.com/about,About,INTERNAL
https://liftpdf.com/guides/rotate-pdf-before-upload,https://liftpdf.com/why-liftpdf,Why LiftPDF,INTERNAL
https://liftpdf.com/guides/rotate-pdf-before-upload,https://liftpdf.com/terms,Terms,INTERNAL
https://liftpdf.com/guides/rotate-pdf-before-upload,https://liftpdf.com/contact,Contact,INTERNAL
https://liftpdf.com/guides/watermark-pdf-before-sharing,https://liftpdf.com/,LiftPDF,INTERNAL
https://liftpdf.com/guides/watermark-pdf-before-sharing,https://liftpdf.com/pdf-tools,PDF Tools,INTERNAL
https://liftpdf.com/guides/watermark-pdf-before-sharing,https://liftpdf.com/learn,Learn,INTERNAL
https://liftpdf.com/guides/watermark-pdf-before-sharing,https://liftpdf.com/jpg-to-pdf,Image to PDF,INTERNAL
https://liftpdf.com/guides/watermark-pdf-before-sharing,https://liftpdf.com/pdf-converter,Convert,INTERNAL
https://liftpdf.com/guides/watermark-pdf-before-sharing,https://liftpdf.com/pdf-editor,Edit,INTERNAL
https://liftpdf.com/guides/watermark-pdf-before-sharing,https://liftpdf.com/jpg-to-pdf,Start Now,INTERNAL
https://liftpdf.com/guides/watermark-pdf-before-sharing,https://liftpdf.com/pdf-tools,PDF Tools,INTERNAL
https://liftpdf.com/guides/watermark-pdf-before-sharing,https://liftpdf.com/learn,Learn,INTERNAL
https://liftpdf.com/guides/watermark-pdf-before-sharing,https://liftpdf.com/jpg-to-pdf,Image to PDF,INTERNAL
https://liftpdf.com/guides/watermark-pdf-before-sharing,https://liftpdf.com/pdf-converter,Convert,INTERNAL
https://liftpdf.com/guides/watermark-pdf-before-sharing,https://liftpdf.com/pdf-editor,Edit,INTERNAL
https://liftpdf.com/guides/watermark-pdf-before-sharing,https://liftpdf.com/jpg-to-pdf,Start Now,INTERNAL
https://liftpdf.com/guides/watermark-pdf-before-sharing,https://liftpdf.com/pdf-security,Watermark PDF,INTERNAL
https://liftpdf.com/guides/watermark-pdf-before-sharing,https://liftpdf.com/learn/pdf-security,Browse security guides,INTERNAL
https://liftpdf.com/guides/watermark-pdf-before-sharing,https://liftpdf.com/pdf-security,Watermark PDF,INTERNAL
https://liftpdf.com/guides/watermark-pdf-before-sharing,https://liftpdf.com/guides/watermark-pdf-before-sharing#quick-answer,Quick answer,INTERNAL
https://liftpdf.com/guides/watermark-pdf-before-sharing,https://liftpdf.com/guides/watermark-pdf-before-sharing#watermarks-set-expectations,Watermarks set expectations,INTERNAL
https://liftpdf.com/guides/watermark-pdf-before-sharing,https://liftpdf.com/guides/watermark-pdf-before-sharing#keep-the-content-readable,Keep the content readable,INTERNAL
https://liftpdf.com/guides/watermark-pdf-before-sharing,https://liftpdf.com/guides/watermark-pdf-before-sharing#faq,FAQ,INTERNAL
https://liftpdf.com/guides/watermark-pdf-before-sharing,https://liftpdf.com/pdf-security,Watermark PDF,INTERNAL
https://liftpdf.com/guides/watermark-pdf-before-sharing,https://liftpdf.com/watermark-pdf,Watermark PDFAdd a text or image watermark.,INTERNAL
https://liftpdf.com/guides/watermark-pdf-before-sharing,https://liftpdf.com/protect-pdf,Protect PDFAdd password protection.,INTERNAL
https://liftpdf.com/guides/watermark-pdf-before-sharing,https://liftpdf.com/guides/add-confidential-watermark-to-pdf,Confidential watermark guideUse a specific confidential workflow.,INTERNAL
https://liftpdf.com/guides/watermark-pdf-before-sharing,https://liftpdf.com/learn,"Learning CenterBrowse PDF tutorials, comparisons and troubleshooting resources.",INTERNAL
https://liftpdf.com/guides/watermark-pdf-before-sharing,https://liftpdf.com/pdf-glossary,PDF GlossaryLook up the terms used in this article.,INTERNAL
https://liftpdf.com/guides/watermark-pdf-before-sharing,https://liftpdf.com/,LiftPDF,INTERNAL
https://liftpdf.com/guides/watermark-pdf-before-sharing,https://liftpdf.com/pdf-tools,All PDF Tools,INTERNAL
https://liftpdf.com/guides/watermark-pdf-before-sharing,https://liftpdf.com/jpg-to-pdf,JPG to PDF,INTERNAL
https://liftpdf.com/guides/watermark-pdf-before-sharing,https://liftpdf.com/merge-pdf,Merge PDF,INTERNAL
https://liftpdf.com/guides/watermark-pdf-before-sharing,https://liftpdf.com/compress-pdf,Compress PDF,INTERNAL
https://liftpdf.com/guides/watermark-pdf-before-sharing,https://liftpdf.com/pdf-converter,Convert PDF,INTERNAL
https://liftpdf.com/guides/watermark-pdf-before-sharing,https://liftpdf.com/pdf-editor,Edit PDF,INTERNAL
https://liftpdf.com/guides/watermark-pdf-before-sharing,https://liftpdf.com/organize-pdf,Organize PDF,INTERNAL
https://liftpdf.com/guides/watermark-pdf-before-sharing,https://liftpdf.com/pdf-image-tools,Image Tools,INTERNAL
https://liftpdf.com/guides/watermark-pdf-before-sharing,https://liftpdf.com/pdf-security,Security,INTERNAL
https://liftpdf.com/guides/watermark-pdf-before-sharing,https://liftpdf.com/learn,Learning Center,INTERNAL
https://liftpdf.com/guides/watermark-pdf-before-sharing,https://liftpdf.com/guides,Guides,INTERNAL
https://liftpdf.com/guides/watermark-pdf-before-sharing,https://liftpdf.com/pdf-glossary,PDF Glossary,INTERNAL
https://liftpdf.com/guides/watermark-pdf-before-sharing,https://liftpdf.com/help,Help Center,INTERNAL
https://liftpdf.com/guides/watermark-pdf-before-sharing,https://liftpdf.com/privacy,Privacy,INTERNAL
https://liftpdf.com/guides/watermark-pdf-before-sharing,https://liftpdf.com/cookies,Cookies,INTERNAL
https://liftpdf.com/guides/watermark-pdf-before-sharing,https://liftpdf.com/security,Security,INTERNAL
https://liftpdf.com/guides/watermark-pdf-before-sharing,https://liftpdf.com/about,About,INTERNAL
https://liftpdf.com/guides/watermark-pdf-before-sharing,https://liftpdf.com/why-liftpdf,Why LiftPDF,INTERNAL
https://liftpdf.com/guides/watermark-pdf-before-sharing,https://liftpdf.com/terms,Terms,INTERNAL
https://liftpdf.com/guides/watermark-pdf-before-sharing,https://liftpdf.com/contact,Contact,INTERNAL
https://liftpdf.com/guides/add-page-numbers-before-sharing-pdf,https://liftpdf.com/,LiftPDF,INTERNAL
https://liftpdf.com/guides/add-page-numbers-before-sharing-pdf,https://liftpdf.com/pdf-tools,PDF Tools,INTERNAL
https://liftpdf.com/guides/add-page-numbers-before-sharing-pdf,https://liftpdf.com/learn,Learn,INTERNAL
https://liftpdf.com/guides/add-page-numbers-before-sharing-pdf,https://liftpdf.com/jpg-to-pdf,Image to PDF,INTERNAL
https://liftpdf.com/guides/add-page-numbers-before-sharing-pdf,https://liftpdf.com/pdf-converter,Convert,INTERNAL
https://liftpdf.com/guides/add-page-numbers-before-sharing-pdf,https://liftpdf.com/pdf-editor,Edit,INTERNAL
https://liftpdf.com/guides/add-page-numbers-before-sharing-pdf,https://liftpdf.com/jpg-to-pdf,Start Now,INTERNAL
https://liftpdf.com/guides/add-page-numbers-before-sharing-pdf,https://liftpdf.com/pdf-tools,PDF Tools,INTERNAL
https://liftpdf.com/guides/add-page-numbers-before-sharing-pdf,https://liftpdf.com/learn,Learn,INTERNAL
https://liftpdf.com/guides/add-page-numbers-before-sharing-pdf,https://liftpdf.com/jpg-to-pdf,Image to PDF,INTERNAL
https://liftpdf.com/guides/add-page-numbers-before-sharing-pdf,https://liftpdf.com/pdf-converter,Convert,INTERNAL
https://liftpdf.com/guides/add-page-numbers-before-sharing-pdf,https://liftpdf.com/pdf-editor,Edit,INTERNAL
https://liftpdf.com/guides/add-page-numbers-before-sharing-pdf,https://liftpdf.com/jpg-to-pdf,Start Now,INTERNAL
https://liftpdf.com/guides/add-page-numbers-before-sharing-pdf,https://liftpdf.com/organize-pdf,Add Page Numbers,INTERNAL
https://liftpdf.com/guides/add-page-numbers-before-sharing-pdf,https://liftpdf.com/learn/organize-pdf,Browse organize guides,INTERNAL
https://liftpdf.com/guides/add-page-numbers-before-sharing-pdf,https://liftpdf.com/organize-pdf,Add Page Numbers,INTERNAL
https://liftpdf.com/guides/add-page-numbers-before-sharing-pdf,https://liftpdf.com/guides/add-page-numbers-before-sharing-pdf#quick-answer,Quick answer,INTERNAL
https://liftpdf.com/guides/add-page-numbers-before-sharing-pdf,https://liftpdf.com/guides/add-page-numbers-before-sharing-pdf#number-after-the-pdf-is-final,Number after the PDF is final,INTERNAL
https://liftpdf.com/guides/add-page-numbers-before-sharing-pdf,https://liftpdf.com/guides/add-page-numbers-before-sharing-pdf#readable-beats-decorative,Readable beats decorative,INTERNAL
https://liftpdf.com/guides/add-page-numbers-before-sharing-pdf,https://liftpdf.com/guides/add-page-numbers-before-sharing-pdf#faq,FAQ,INTERNAL
https://liftpdf.com/guides/add-page-numbers-before-sharing-pdf,https://liftpdf.com/organize-pdf,Add Page Numbers,INTERNAL
https://liftpdf.com/guides/add-page-numbers-before-sharing-pdf,https://liftpdf.com/add-page-numbers,Add Page NumbersNumber your final PDF.,INTERNAL
https://liftpdf.com/guides/add-page-numbers-before-sharing-pdf,https://liftpdf.com/reorder-pages,Reorder PagesFinalize order first.,INTERNAL
https://liftpdf.com/guides/add-page-numbers-before-sharing-pdf,https://liftpdf.com/guides/add-page-numbers-to-pdf-report,Page numbers for reportsUse report-friendly numbering.,INTERNAL
https://liftpdf.com/guides/add-page-numbers-before-sharing-pdf,https://liftpdf.com/learn,"Learning CenterBrowse PDF tutorials, comparisons and troubleshooting resources.",INTERNAL
https://liftpdf.com/guides/add-page-numbers-before-sharing-pdf,https://liftpdf.com/pdf-glossary,PDF GlossaryLook up the terms used in this article.,INTERNAL
https://liftpdf.com/guides/add-page-numbers-before-sharing-pdf,https://liftpdf.com/,LiftPDF,INTERNAL
https://liftpdf.com/guides/add-page-numbers-before-sharing-pdf,https://liftpdf.com/pdf-tools,All PDF Tools,INTERNAL
https://liftpdf.com/guides/add-page-numbers-before-sharing-pdf,https://liftpdf.com/jpg-to-pdf,JPG to PDF,INTERNAL
https://liftpdf.com/guides/add-page-numbers-before-sharing-pdf,https://liftpdf.com/merge-pdf,Merge PDF,INTERNAL
https://liftpdf.com/guides/add-page-numbers-before-sharing-pdf,https://liftpdf.com/compress-pdf,Compress PDF,INTERNAL
https://liftpdf.com/guides/add-page-numbers-before-sharing-pdf,https://liftpdf.com/pdf-converter,Convert PDF,INTERNAL
https://liftpdf.com/guides/add-page-numbers-before-sharing-pdf,https://liftpdf.com/pdf-editor,Edit PDF,INTERNAL
https://liftpdf.com/guides/add-page-numbers-before-sharing-pdf,https://liftpdf.com/organize-pdf,Organize PDF,INTERNAL
https://liftpdf.com/guides/add-page-numbers-before-sharing-pdf,https://liftpdf.com/pdf-image-tools,Image Tools,INTERNAL
https://liftpdf.com/guides/add-page-numbers-before-sharing-pdf,https://liftpdf.com/pdf-security,Security,INTERNAL
https://liftpdf.com/guides/add-page-numbers-before-sharing-pdf,https://liftpdf.com/learn,Learning Center,INTERNAL
https://liftpdf.com/guides/add-page-numbers-before-sharing-pdf,https://liftpdf.com/guides,Guides,INTERNAL
https://liftpdf.com/guides/add-page-numbers-before-sharing-pdf,https://liftpdf.com/pdf-glossary,PDF Glossary,INTERNAL
https://liftpdf.com/guides/add-page-numbers-before-sharing-pdf,https://liftpdf.com/help,Help Center,INTERNAL
https://liftpdf.com/guides/add-page-numbers-before-sharing-pdf,https://liftpdf.com/privacy,Privacy,INTERNAL
https://liftpdf.com/guides/add-page-numbers-before-sharing-pdf,https://liftpdf.com/cookies,Cookies,INTERNAL
https://liftpdf.com/guides/add-page-numbers-before-sharing-pdf,https://liftpdf.com/security,Security,INTERNAL
https://liftpdf.com/guides/add-page-numbers-before-sharing-pdf,https://liftpdf.com/about,About,INTERNAL
https://liftpdf.com/guides/add-page-numbers-before-sharing-pdf,https://liftpdf.com/why-liftpdf,Why LiftPDF,INTERNAL
https://liftpdf.com/guides/add-page-numbers-before-sharing-pdf,https://liftpdf.com/terms,Terms,INTERNAL
https://liftpdf.com/guides/add-page-numbers-before-sharing-pdf,https://liftpdf.com/contact,Contact,INTERNAL
https://liftpdf.com/guides/extract-pdf-pages-for-email,https://liftpdf.com/,LiftPDF,INTERNAL
https://liftpdf.com/guides/extract-pdf-pages-for-email,https://liftpdf.com/pdf-tools,PDF Tools,INTERNAL
https://liftpdf.com/guides/extract-pdf-pages-for-email,https://liftpdf.com/learn,Learn,INTERNAL
https://liftpdf.com/guides/extract-pdf-pages-for-email,https://liftpdf.com/jpg-to-pdf,Image to PDF,INTERNAL
https://liftpdf.com/guides/extract-pdf-pages-for-email,https://liftpdf.com/pdf-converter,Convert,INTERNAL
https://liftpdf.com/guides/extract-pdf-pages-for-email,https://liftpdf.com/pdf-editor,Edit,INTERNAL
https://liftpdf.com/guides/extract-pdf-pages-for-email,https://liftpdf.com/jpg-to-pdf,Start Now,INTERNAL
https://liftpdf.com/guides/extract-pdf-pages-for-email,https://liftpdf.com/pdf-tools,PDF Tools,INTERNAL
https://liftpdf.com/guides/extract-pdf-pages-for-email,https://liftpdf.com/learn,Learn,INTERNAL
https://liftpdf.com/guides/extract-pdf-pages-for-email,https://liftpdf.com/jpg-to-pdf,Image to PDF,INTERNAL
https://liftpdf.com/guides/extract-pdf-pages-for-email,https://liftpdf.com/pdf-converter,Convert,INTERNAL
https://liftpdf.com/guides/extract-pdf-pages-for-email,https://liftpdf.com/pdf-editor,Edit,INTERNAL
https://liftpdf.com/guides/extract-pdf-pages-for-email,https://liftpdf.com/jpg-to-pdf,Start Now,INTERNAL
https://liftpdf.com/guides/extract-pdf-pages-for-email,https://liftpdf.com/organize-pdf,Extract Pages,INTERNAL
https://liftpdf.com/guides/extract-pdf-pages-for-email,https://liftpdf.com/learn/organize-pdf,Browse organize guides,INTERNAL
https://liftpdf.com/guides/extract-pdf-pages-for-email,https://liftpdf.com/organize-pdf,Extract Pages,INTERNAL
https://liftpdf.com/guides/extract-pdf-pages-for-email,https://liftpdf.com/guides/extract-pdf-pages-for-email#quick-answer,Quick answer,INTERNAL
https://liftpdf.com/guides/extract-pdf-pages-for-email,https://liftpdf.com/guides/extract-pdf-pages-for-email#extracting-reduces-noise,Extracting reduces noise,INTERNAL
https://liftpdf.com/guides/extract-pdf-pages-for-email,https://liftpdf.com/guides/extract-pdf-pages-for-email#privacy-benefit,Privacy benefit,INTERNAL
https://liftpdf.com/guides/extract-pdf-pages-for-email,https://liftpdf.com/guides/extract-pdf-pages-for-email#faq,FAQ,INTERNAL
https://liftpdf.com/guides/extract-pdf-pages-for-email,https://liftpdf.com/organize-pdf,Extract Pages,INTERNAL
https://liftpdf.com/guides/extract-pdf-pages-for-email,https://liftpdf.com/extract-pages,Extract PagesSave selected pages as a PDF.,INTERNAL
https://liftpdf.com/guides/extract-pdf-pages-for-email,https://liftpdf.com/guides/prepare-pdf-for-email,Prepare PDF for emailCheck the attachment workflow.,INTERNAL
https://liftpdf.com/guides/extract-pdf-pages-for-email,https://liftpdf.com/compress-pdf,Compress PDFReduce size after extraction.,INTERNAL
https://liftpdf.com/guides/extract-pdf-pages-for-email,https://liftpdf.com/learn,"Learning CenterBrowse PDF tutorials, comparisons and troubleshooting resources.",INTERNAL
https://liftpdf.com/guides/extract-pdf-pages-for-email,https://liftpdf.com/pdf-glossary,PDF GlossaryLook up the terms used in this article.,INTERNAL
https://liftpdf.com/guides/extract-pdf-pages-for-email,https://liftpdf.com/,LiftPDF,INTERNAL
https://liftpdf.com/guides/extract-pdf-pages-for-email,https://liftpdf.com/pdf-tools,All PDF Tools,INTERNAL
https://liftpdf.com/guides/extract-pdf-pages-for-email,https://liftpdf.com/jpg-to-pdf,JPG to PDF,INTERNAL
https://liftpdf.com/guides/extract-pdf-pages-for-email,https://liftpdf.com/merge-pdf,Merge PDF,INTERNAL
https://liftpdf.com/guides/extract-pdf-pages-for-email,https://liftpdf.com/compress-pdf,Compress PDF,INTERNAL
https://liftpdf.com/guides/extract-pdf-pages-for-email,https://liftpdf.com/pdf-converter,Convert PDF,INTERNAL
https://liftpdf.com/guides/extract-pdf-pages-for-email,https://liftpdf.com/pdf-editor,Edit PDF,INTERNAL
https://liftpdf.com/guides/extract-pdf-pages-for-email,https://liftpdf.com/organize-pdf,Organize PDF,INTERNAL
https://liftpdf.com/guides/extract-pdf-pages-for-email,https://liftpdf.com/pdf-image-tools,Image Tools,INTERNAL
https://liftpdf.com/guides/extract-pdf-pages-for-email,https://liftpdf.com/pdf-security,Security,INTERNAL
https://liftpdf.com/guides/extract-pdf-pages-for-email,https://liftpdf.com/learn,Learning Center,INTERNAL
https://liftpdf.com/guides/extract-pdf-pages-for-email,https://liftpdf.com/guides,Guides,INTERNAL
https://liftpdf.com/guides/extract-pdf-pages-for-email,https://liftpdf.com/pdf-glossary,PDF Glossary,INTERNAL
https://liftpdf.com/guides/extract-pdf-pages-for-email,https://liftpdf.com/help,Help Center,INTERNAL
https://liftpdf.com/guides/extract-pdf-pages-for-email,https://liftpdf.com/privacy,Privacy,INTERNAL
https://liftpdf.com/guides/extract-pdf-pages-for-email,https://liftpdf.com/cookies,Cookies,INTERNAL
https://liftpdf.com/guides/extract-pdf-pages-for-email,https://liftpdf.com/security,Security,INTERNAL
https://liftpdf.com/guides/extract-pdf-pages-for-email,https://liftpdf.com/about,About,INTERNAL
https://liftpdf.com/guides/extract-pdf-pages-for-email,https://liftpdf.com/why-liftpdf,Why LiftPDF,INTERNAL
https://liftpdf.com/guides/extract-pdf-pages-for-email,https://liftpdf.com/terms,Terms,INTERNAL
https://liftpdf.com/guides/extract-pdf-pages-for-email,https://liftpdf.com/contact,Contact,INTERNAL
